21:47:37.643 [main] INFO  org.liquibase.doc.ChangeDocGenerator - Generating xsd for all changes in included jar
21:47:37.677 [main] DEBUG l.r.ClassLoaderResourceAccessor - Opening jar:file:/Users/jajecnik.marci/.m2/repository/org/freemarker/freemarker/2.3.31/freemarker-2.3.31.jar!/META-INF/MANIFEST.MF as META-INF/MANIFEST.MF
21:47:37.681 [main] DEBUG l.r.ClassLoaderResourceAccessor - Opening jar:file:/Users/jajecnik.marci/.m2/repository/org/liquibase/liquibase-core/3.10.3/liquibase-core-3.10.3.jar!/META-INF/MANIFEST.MF as META-INF/MANIFEST.MF
21:47:37.683 [main] DEBUG l.r.ClassLoaderResourceAccessor - Opening jar:file:/Users/jajecnik.marci/.m2/repository/javax/xml/bind/jaxb-api/2.3.0/jaxb-api-2.3.0.jar!/META-INF/MANIFEST.MF as META-INF/MANIFEST.MF
21:47:37.684 [main] DEBUG l.r.ClassLoaderResourceAccessor - Opening jar:file:/Users/jajecnik.marci/.m2/repository/org/slf4j/slf4j-api/1.7.21/slf4j-api-1.7.21.jar!/META-INF/MANIFEST.MF as META-INF/MANIFEST.MF
21:47:37.685 [main] DEBUG l.r.ClassLoaderResourceAccessor - Opening jar:file:/Users/jajecnik.marci/.m2/repository/org/apache/commons/commons-lang3/3.3.2/commons-lang3-3.3.2.jar!/META-INF/MANIFEST.MF as META-INF/MANIFEST.MF
21:47:37.685 [main] DEBUG l.r.ClassLoaderResourceAccessor - Opening jar:file:/Users/jajecnik.marci/.m2/repository/commons-io/commons-io/2.4/commons-io-2.4.jar!/META-INF/MANIFEST.MF as META-INF/MANIFEST.MF
21:47:37.686 [main] DEBUG l.r.ClassLoaderResourceAccessor - Opening jar:file:/Users/jajecnik.marci/.m2/repository/ch/qos/logback/logback-classic/1.2.3/logback-classic-1.2.3.jar!/META-INF/MANIFEST.MF as META-INF/MANIFEST.MF
21:47:37.687 [main] DEBUG l.r.ClassLoaderResourceAccessor - Opening jar:file:/Users/jajecnik.marci/.m2/repository/ch/qos/logback/logback-core/1.2.3/logback-core-1.2.3.jar!/META-INF/MANIFEST.MF as META-INF/MANIFEST.MF
21:47:37.688 [main] DEBUG l.r.ClassLoaderResourceAccessor - Opening jar:file:/Users/jajecnik.marci/.m2/repository/org/yaml/snakeyaml/1.23/snakeyaml-1.23.jar!/META-INF/MANIFEST.MF as META-INF/MANIFEST.MF
21:47:37.689 [main] DEBUG l.r.ClassLoaderResourceAccessor - Opening jar:file:/Users/jajecnik.marci/.m2/repository/com/j2html/j2html/1.4.0/j2html-1.4.0.jar!/META-INF/MANIFEST.MF as META-INF/MANIFEST.MF
21:47:37.689 [main] DEBUG l.r.ClassLoaderResourceAccessor - Opening jar:file:/Users/jajecnik.marci/Applications/IntelliJ%20IDEA%20Ultimate.app/Contents/lib/idea_rt.jar!/META-INF/MANIFEST.MF as META-INF/MANIFEST.MF
21:47:37.765 [main] DEBUG l.servicelocator.ServiceLocator - ServiceLocator.findClasses for liquibase.change.Change
21:47:37.766 [main] DEBUG l.servicelocator.ServiceLocator - ServiceLocator finding classes matching interface liquibase.change.Change
21:47:37.766 [main] DEBUG l.s.DefaultPackageScanClassResolver - Searching for implementations of liquibase.change.Change in packages: [liquibase.change, liquibase.command, liquibase.changelog, liquibase.database, liquibase.parser, liquibase.precondition, liquibase.datatype, liquibase.serializer, liquibase.sqlgenerator, liquibase.executor, liquibase.snapshot, liquibase.logging, liquibase.diff, liquibase.structure, liquibase.structurecompare, liquibase.lockservice, liquibase.sdk.database, liquibase.ext, liquibase.pro, com.datical.liquibase]
21:47:37.767 [main] DEBUG l.s.DefaultPackageScanClassResolver - Searching for all classes in package: liquibase/change using classloader: jdk.internal.loader.ClassLoaders$AppClassLoader
21:47:37.767 [main] DEBUG l.s.DefaultPackageScanClassResolver - Getting resource URL for package: liquibase/change with classloader: jdk.internal.loader.ClassLoaders$AppClassLoader@64b8f8f4
21:47:37.768 [main] DEBUG l.s.DefaultPackageScanClassResolver - URL from classloader: jar:file:/Users/jajecnik.marci/.m2/repository/org/liquibase/liquibase-core/3.10.3/liquibase-core-3.10.3.jar!/liquibase/change/
21:47:37.777 [main] DEBUG l.s.DefaultPackageScanClassResolver - Decoded urlPath: file:/Users/jajecnik.marci/.m2/repository/org/liquibase/liquibase-core/3.10.3/liquibase-core-3.10.3.jar!/liquibase/change/ with protocol: jar
21:47:37.778 [main] DEBUG l.s.DefaultPackageScanClassResolver - Loading from jar using file: /Users/jajecnik.marci/.m2/repository/org/liquibase/liquibase-core/3.10.3/liquibase-core-3.10.3.jar
21:47:38.126 [main] DEBUG l.s.DefaultPackageScanClassResolver - Loaded the class: class liquibase.changelog.filter.RanChangeSetFilter in classloader: jdk.internal.loader.ClassLoaders$AppClassLoader@64b8f8f4
21:47:38.129 [main] DEBUG l.s.DefaultPackageScanClassResolver - Loaded the class: class liquibase.change.core.CreateIndexChange in classloader: jdk.internal.loader.ClassLoaders$AppClassLoader@64b8f8f4
21:47:38.134 [main] DEBUG l.s.DefaultPackageScanClassResolver - Loaded the class: class liquibase.changelog.visitor.RollbackVisitor in classloader: jdk.internal.loader.ClassLoaders$AppClassLoader@64b8f8f4
21:47:38.135 [main] DEBUG l.s.DefaultPackageScanClassResolver - Loaded the class: class liquibase.changelog.OfflineChangeLogHistoryService$Columns in classloader: jdk.internal.loader.ClassLoaders$AppClassLoader@64b8f8f4
21:47:38.136 [main] DEBUG l.s.DefaultPackageScanClassResolver - Loaded the class: class liquibase.change.core.DropViewChange in classloader: jdk.internal.loader.ClassLoaders$AppClassLoader@64b8f8f4
21:47:38.141 [main] DEBUG l.s.DefaultPackageScanClassResolver - Loaded the class: class liquibase.change.core.CreateSequenceChange in classloader: jdk.internal.loader.ClassLoaders$AppClassLoader@64b8f8f4
21:47:38.142 [main] DEBUG l.s.DefaultPackageScanClassResolver - Loaded the class: class liquibase.changelog.visitor.DBDocVisitor$ChangeLogInfo in classloader: jdk.internal.loader.ClassLoaders$AppClassLoader@64b8f8f4
21:47:38.143 [main] DEBUG l.s.DefaultPackageScanClassResolver - Loaded the class: class liquibase.changelog.RanChangeSet in classloader: jdk.internal.loader.ClassLoaders$AppClassLoader@64b8f8f4
21:47:38.144 [main] DEBUG l.s.DefaultPackageScanClassResolver - Loaded the class: class liquibase.changelog.visitor.UpdateVisitor in classloader: jdk.internal.loader.ClassLoaders$AppClassLoader@64b8f8f4
21:47:38.147 [main] DEBUG l.s.DefaultPackageScanClassResolver - Loaded the class: class liquibase.changelog.DatabaseChangeLog in classloader: jdk.internal.loader.ClassLoaders$AppClassLoader@64b8f8f4
21:47:38.149 [main] DEBUG l.s.DefaultPackageScanClassResolver - Loaded the class: class liquibase.change.core.ExecuteShellCommandChange$1 in classloader: jdk.internal.loader.ClassLoaders$AppClassLoader@64b8f8f4
21:47:38.150 [main] DEBUG l.s.DefaultPackageScanClassResolver - Loaded the class: class liquibase.change.core.AbstractModifyDataChange in classloader: jdk.internal.loader.ClassLoaders$AppClassLoader@64b8f8f4
21:47:38.153 [main] DEBUG l.s.DefaultPackageScanClassResolver - Loaded the class: class liquibase.change.core.LoadDataChange in classloader: jdk.internal.loader.ClassLoaders$AppClassLoader@64b8f8f4
21:47:38.154 [main] DEBUG l.s.DefaultPackageScanClassResolver - Loaded the class: class liquibase.changelog.visitor.DBDocVisitor in classloader: jdk.internal.loader.ClassLoaders$AppClassLoader@64b8f8f4
21:47:38.155 [main] DEBUG l.s.DefaultPackageScanClassResolver - Loaded the class: class liquibase.changelog.filter.CountChangeSetFilter in classloader: jdk.internal.loader.ClassLoaders$AppClassLoader@64b8f8f4
21:47:38.156 [main] DEBUG l.s.DefaultPackageScanClassResolver - Loaded the class: class liquibase.changelog.ChangeLogHistoryServiceFactory in classloader: jdk.internal.loader.ClassLoaders$AppClassLoader@64b8f8f4
21:47:38.157 [main] DEBUG l.s.DefaultPackageScanClassResolver - Loaded the class: class liquibase.changelog.filter.NotRanChangeSetFilter in classloader: jdk.internal.loader.ClassLoaders$AppClassLoader@64b8f8f4
21:47:38.158 [main] DEBUG l.s.DefaultPackageScanClassResolver - Loaded the class: class liquibase.changelog.ChangeLogInclude in classloader: jdk.internal.loader.ClassLoaders$AppClassLoader@64b8f8f4
21:47:38.160 [main] DEBUG l.s.DefaultPackageScanClassResolver - Loaded the class: class liquibase.change.core.StopChange$StopChangeException in classloader: jdk.internal.loader.ClassLoaders$AppClassLoader@64b8f8f4
21:47:38.162 [main] DEBUG l.s.DefaultPackageScanClassResolver - Loaded the class: class liquibase.change.core.SQLFileChange in classloader: jdk.internal.loader.ClassLoaders$AppClassLoader@64b8f8f4
21:47:38.163 [main] DEBUG l.s.DefaultPackageScanClassResolver - Loaded the class: class liquibase.change.core.TagDatabaseChange in classloader: jdk.internal.loader.ClassLoaders$AppClassLoader@64b8f8f4
21:47:38.164 [main] DEBUG l.s.DefaultPackageScanClassResolver - Loaded the class: class liquibase.changelog.visitor.StatusVisitor in classloader: jdk.internal.loader.ClassLoaders$AppClassLoader@64b8f8f4
21:47:38.166 [main] DEBUG l.s.DefaultPackageScanClassResolver - Loaded the class: interface liquibase.changelog.visitor.ChangeExecListener in classloader: jdk.internal.loader.ClassLoaders$AppClassLoader@64b8f8f4
21:47:38.167 [main] DEBUG l.s.DefaultPackageScanClassResolver - Loaded the class: interface liquibase.change.custom.CustomSqlRollback in classloader: jdk.internal.loader.ClassLoaders$AppClassLoader@64b8f8f4
21:47:38.168 [main] DEBUG l.s.DefaultPackageScanClassResolver - Loaded the class: class liquibase.change.core.DeleteDataChange in classloader: jdk.internal.loader.ClassLoaders$AppClassLoader@64b8f8f4
21:47:38.169 [main] DEBUG l.s.DefaultPackageScanClassResolver - Loaded the class: class liquibase.change.custom.CustomChangeWrapper in classloader: jdk.internal.loader.ClassLoaders$AppClassLoader@64b8f8f4
21:47:38.170 [main] DEBUG l.s.DefaultPackageScanClassResolver - Loaded the class: class liquibase.changelog.ChangeLogParameters$1 in classloader: jdk.internal.loader.ClassLoaders$AppClassLoader@64b8f8f4
21:47:38.171 [main] DEBUG l.s.DefaultPackageScanClassResolver - Loaded the class: class liquibase.change.core.DropAllForeignKeyConstraintsChange in classloader: jdk.internal.loader.ClassLoaders$AppClassLoader@64b8f8f4
21:47:38.172 [main] DEBUG l.s.DefaultPackageScanClassResolver - Loaded the class: class liquibase.change.core.AddAutoIncrementChange in classloader: jdk.internal.loader.ClassLoaders$AppClassLoader@64b8f8f4
21:47:38.172 [main] DEBUG l.s.DefaultPackageScanClassResolver - Loaded the class: interface liquibase.change.DbmsTargetedChange in classloader: jdk.internal.loader.ClassLoaders$AppClassLoader@64b8f8f4
21:47:38.174 [main] DEBUG l.s.DefaultPackageScanClassResolver - Loaded the class: class liquibase.change.core.ExecuteShellCommandChange in classloader: jdk.internal.loader.ClassLoaders$AppClassLoader@64b8f8f4
21:47:38.175 [main] DEBUG l.s.DefaultPackageScanClassResolver - Loaded the class: class liquibase.change.core.CreateTableChange in classloader: jdk.internal.loader.ClassLoaders$AppClassLoader@64b8f8f4
21:47:38.177 [main] DEBUG l.s.DefaultPackageScanClassResolver - Loaded the class: class liquibase.change.core.AddLookupTableChange in classloader: jdk.internal.loader.ClassLoaders$AppClassLoader@64b8f8f4
21:47:38.179 [main] DEBUG l.s.DefaultPackageScanClassResolver - Loaded the class: class liquibase.changelog.filter.ShouldRunChangeSetFilter in classloader: jdk.internal.loader.ClassLoaders$AppClassLoader@64b8f8f4
21:47:38.180 [main] DEBUG l.s.DefaultPackageScanClassResolver - Loaded the class: class liquibase.change.AbstractChange in classloader: jdk.internal.loader.ClassLoaders$AppClassLoader@64b8f8f4
21:47:38.180 [main] DEBUG l.s.DefaultPackageScanClassResolver - Loaded the class: class liquibase.changelog.ChangeLogIncludeAll in classloader: jdk.internal.loader.ClassLoaders$AppClassLoader@64b8f8f4
21:47:38.181 [main] DEBUG l.s.DefaultPackageScanClassResolver - Loaded the class: interface liquibase.changelog.ChangeLogHistoryService in classloader: jdk.internal.loader.ClassLoaders$AppClassLoader@64b8f8f4
21:47:38.183 [main] DEBUG l.s.DefaultPackageScanClassResolver - Loaded the class: class liquibase.change.core.DropColumnChange in classloader: jdk.internal.loader.ClassLoaders$AppClassLoader@64b8f8f4
21:47:38.183 [main] DEBUG l.s.DefaultPackageScanClassResolver - Loaded the class: class liquibase.changelog.ChangeLogParameters$ExpressionExpander in classloader: jdk.internal.loader.ClassLoaders$AppClassLoader@64b8f8f4
21:47:38.184 [main] DEBUG l.s.DefaultPackageScanClassResolver - Loaded the class: class liquibase.changelog.AbstractChangeLogHistoryService in classloader: jdk.internal.loader.ClassLoaders$AppClassLoader@64b8f8f4
21:47:38.185 [main] DEBUG l.s.DefaultPackageScanClassResolver - Loaded the class: class liquibase.change.core.DropForeignKeyConstraintChange in classloader: jdk.internal.loader.ClassLoaders$AppClassLoader@64b8f8f4
21:47:38.186 [main] DEBUG l.s.DefaultPackageScanClassResolver - Loaded the class: class liquibase.change.core.LoadDataChange$LOAD_DATA_TYPE in classloader: jdk.internal.loader.ClassLoaders$AppClassLoader@64b8f8f4
21:47:38.187 [main] DEBUG l.s.DefaultPackageScanClassResolver - Loaded the class: class liquibase.changelog.visitor.ExpectedChangesVisitor in classloader: jdk.internal.loader.ClassLoaders$AppClassLoader@64b8f8f4
21:47:38.189 [main] DEBUG l.s.DefaultPackageScanClassResolver - Loaded the class: class liquibase.change.ChangeParameterMetaData in classloader: jdk.internal.loader.ClassLoaders$AppClassLoader@64b8f8f4
21:47:38.190 [main] DEBUG l.s.DefaultPackageScanClassResolver - Loaded the class: class liquibase.change.core.MergeColumnChange$1 in classloader: jdk.internal.loader.ClassLoaders$AppClassLoader@64b8f8f4
21:47:38.191 [main] DEBUG l.s.DefaultPackageScanClassResolver - Loaded the class: class liquibase.change.core.SetTableRemarksChange in classloader: jdk.internal.loader.ClassLoaders$AppClassLoader@64b8f8f4
21:47:38.192 [main] DEBUG l.s.DefaultPackageScanClassResolver - Loaded the class: class liquibase.change.core.StopChange$1 in classloader: jdk.internal.loader.ClassLoaders$AppClassLoader@64b8f8f4
21:47:38.195 [main] DEBUG l.s.DefaultPackageScanClassResolver - Loaded the class: class liquibase.changelog.OfflineChangeLogHistoryService in classloader: jdk.internal.loader.ClassLoaders$AppClassLoader@64b8f8f4
21:47:38.196 [main] DEBUG l.s.DefaultPackageScanClassResolver - Loaded the class: class liquibase.changelog.filter.AlreadyRanChangeSetFilter in classloader: jdk.internal.loader.ClassLoaders$AppClassLoader@64b8f8f4
21:47:38.197 [main] DEBUG l.s.DefaultPackageScanClassResolver - Loaded the class: class liquibase.change.CheckSum in classloader: jdk.internal.loader.ClassLoaders$AppClassLoader@64b8f8f4
21:47:38.197 [main] DEBUG l.s.DefaultPackageScanClassResolver - Loaded the class: class liquibase.changelog.visitor.DBDocVisitor$1 in classloader: jdk.internal.loader.ClassLoaders$AppClassLoader@64b8f8f4
21:47:38.198 [main] DEBUG l.s.DefaultPackageScanClassResolver - Loaded the class: class liquibase.change.core.RenameSequenceChange in classloader: jdk.internal.loader.ClassLoaders$AppClassLoader@64b8f8f4
21:47:38.199 [main] DEBUG l.s.DefaultPackageScanClassResolver - Loaded the class: class liquibase.change.core.MergeColumnChange in classloader: jdk.internal.loader.ClassLoaders$AppClassLoader@64b8f8f4
21:47:38.201 [main] DEBUG l.s.DefaultPackageScanClassResolver - Loaded the class: class liquibase.changelog.StandardChangeLogHistoryService in classloader: jdk.internal.loader.ClassLoaders$AppClassLoader@64b8f8f4
21:47:38.202 [main] DEBUG l.s.DefaultPackageScanClassResolver - Loaded the class: class liquibase.change.core.DropProcedureChange in classloader: jdk.internal.loader.ClassLoaders$AppClassLoader@64b8f8f4
21:47:38.203 [main] DEBUG l.s.DefaultPackageScanClassResolver - Loaded the class: class liquibase.changelog.ChangeSet$RunStatus in classloader: jdk.internal.loader.ClassLoaders$AppClassLoader@64b8f8f4
21:47:38.204 [main] DEBUG l.s.DefaultPackageScanClassResolver - Loaded the class: class liquibase.change.core.DropUniqueConstraintChange in classloader: jdk.internal.loader.ClassLoaders$AppClassLoader@64b8f8f4
21:47:38.205 [main] DEBUG l.s.DefaultPackageScanClassResolver - Loaded the class: class liquibase.change.core.AddNotNullConstraintChange$SQLiteAlterTableVisitor in classloader: jdk.internal.loader.ClassLoaders$AppClassLoader@64b8f8f4
21:47:38.206 [main] DEBUG l.s.DefaultPackageScanClassResolver - Loaded the class: class liquibase.change.core.CreateViewChange in classloader: jdk.internal.loader.ClassLoaders$AppClassLoader@64b8f8f4
21:47:38.207 [main] DEBUG l.s.DefaultPackageScanClassResolver - Loaded the class: interface liquibase.change.DatabaseChange in classloader: jdk.internal.loader.ClassLoaders$AppClassLoader@64b8f8f4
21:47:38.207 [main] DEBUG l.s.DefaultPackageScanClassResolver - Loaded the class: class liquibase.changelog.filter.AfterTagChangeSetFilter in classloader: jdk.internal.loader.ClassLoaders$AppClassLoader@64b8f8f4
21:47:38.208 [main] DEBUG l.s.DefaultPackageScanClassResolver - Loaded the class: class liquibase.changelog.ChangeSet$ValidationFailOption in classloader: jdk.internal.loader.ClassLoaders$AppClassLoader@64b8f8f4
21:47:38.209 [main] DEBUG l.s.DefaultPackageScanClassResolver - Loaded the class: class liquibase.change.core.DropTableChange in classloader: jdk.internal.loader.ClassLoaders$AppClassLoader@64b8f8f4
21:47:38.210 [main] DEBUG l.s.DefaultPackageScanClassResolver - Loaded the class: class liquibase.changelog.filter.IgnoreChangeSetFilter in classloader: jdk.internal.loader.ClassLoaders$AppClassLoader@64b8f8f4
21:47:38.211 [main] DEBUG l.s.DefaultPackageScanClassResolver - Loaded the class: class liquibase.change.core.AddPrimaryKeyChange in classloader: jdk.internal.loader.ClassLoaders$AppClassLoader@64b8f8f4
21:47:38.212 [main] DEBUG l.s.DefaultPackageScanClassResolver - Loaded the class: class liquibase.changelog.ChangeLogParameters in classloader: jdk.internal.loader.ClassLoaders$AppClassLoader@64b8f8f4
21:47:38.213 [main] DEBUG l.s.DefaultPackageScanClassResolver - Loaded the class: interface liquibase.changelog.visitor.ChangeLogSyncListener in classloader: jdk.internal.loader.ClassLoaders$AppClassLoader@64b8f8f4
21:47:38.215 [main] DEBUG l.s.DefaultPackageScanClassResolver - Loaded the class: class liquibase.change.core.LoadDataColumnConfig in classloader: jdk.internal.loader.ClassLoaders$AppClassLoader@64b8f8f4
21:47:38.218 [main] DEBUG l.s.DefaultPackageScanClassResolver - Loaded the class: class liquibase.change.core.ExecuteShellCommandChange$2 in classloader: jdk.internal.loader.ClassLoaders$AppClassLoader@64b8f8f4
21:47:38.219 [main] DEBUG l.s.DefaultPackageScanClassResolver - Loaded the class: class liquibase.changelog.filter.ExecutedAfterChangeSetFilter in classloader: jdk.internal.loader.ClassLoaders$AppClassLoader@64b8f8f4
21:47:38.220 [main] DEBUG l.s.DefaultPackageScanClassResolver - Loaded the class: class liquibase.change.core.ModifyDataTypeChange in classloader: jdk.internal.loader.ClassLoaders$AppClassLoader@64b8f8f4
21:47:38.221 [main] DEBUG l.s.DefaultPackageScanClassResolver - Loaded the class: class liquibase.change.core.DropIndexChange in classloader: jdk.internal.loader.ClassLoaders$AppClassLoader@64b8f8f4
21:47:38.222 [main] DEBUG l.s.DefaultPackageScanClassResolver - Loaded the class: class liquibase.change.core.StopChange in classloader: jdk.internal.loader.ClassLoaders$AppClassLoader@64b8f8f4
21:47:38.223 [main] DEBUG l.s.DefaultPackageScanClassResolver - Loaded the class: interface liquibase.change.custom.CustomChange in classloader: jdk.internal.loader.ClassLoaders$AppClassLoader@64b8f8f4
21:47:38.223 [main] DEBUG l.s.DefaultPackageScanClassResolver - Loaded the class: class liquibase.change.core.ExecuteShellCommandChange$StreamGobbler in classloader: jdk.internal.loader.ClassLoaders$AppClassLoader@64b8f8f4
21:47:38.224 [main] DEBUG l.s.DefaultPackageScanClassResolver - Loaded the class: class liquibase.change.core.DropNotNullConstraintChange in classloader: jdk.internal.loader.ClassLoaders$AppClassLoader@64b8f8f4
21:47:38.225 [main] DEBUG l.s.DefaultPackageScanClassResolver - Loaded the class: class liquibase.change.core.AddColumnChange in classloader: jdk.internal.loader.ClassLoaders$AppClassLoader@64b8f8f4
21:47:38.226 [main] DEBUG l.s.DefaultPackageScanClassResolver - Loaded the class: class liquibase.change.core.DropDefaultValueChange in classloader: jdk.internal.loader.ClassLoaders$AppClassLoader@64b8f8f4
21:47:38.228 [main] DEBUG l.s.DefaultPackageScanClassResolver - Loaded the class: class liquibase.change.ConstraintsConfig in classloader: jdk.internal.loader.ClassLoaders$AppClassLoader@64b8f8f4
21:47:38.229 [main] DEBUG l.s.DefaultPackageScanClassResolver - Loaded the class: class liquibase.changelog.filter.UpToTagChangeSetFilter in classloader: jdk.internal.loader.ClassLoaders$AppClassLoader@64b8f8f4
21:47:38.230 [main] DEBUG l.s.DefaultPackageScanClassResolver - Loaded the class: class liquibase.change.ChangeStatus$Status in classloader: jdk.internal.loader.ClassLoaders$AppClassLoader@64b8f8f4
21:47:38.230 [main] DEBUG l.s.DefaultPackageScanClassResolver - Loaded the class: interface liquibase.changelog.visitor.SkippedChangeSetVisitor in classloader: jdk.internal.loader.ClassLoaders$AppClassLoader@64b8f8f4
21:47:38.230 [main] DEBUG l.s.DefaultPackageScanClassResolver - Loaded the class: class liquibase.changelog.visitor.ListVisitor in classloader: jdk.internal.loader.ClassLoaders$AppClassLoader@64b8f8f4
21:47:38.231 [main] DEBUG l.s.DefaultPackageScanClassResolver - Loaded the class: class liquibase.changelog.ChangeSet$1 in classloader: jdk.internal.loader.ClassLoaders$AppClassLoader@64b8f8f4
21:47:38.231 [main] DEBUG l.s.DefaultPackageScanClassResolver - Loaded the class: class liquibase.changelog.filter.ContextChangeSetFilter in classloader: jdk.internal.loader.ClassLoaders$AppClassLoader@64b8f8f4
21:47:38.232 [main] DEBUG l.s.DefaultPackageScanClassResolver - Loaded the class: class liquibase.changelog.ChangeLogIterator$1 in classloader: jdk.internal.loader.ClassLoaders$AppClassLoader@64b8f8f4
21:47:38.234 [main] DEBUG l.s.DefaultPackageScanClassResolver - Loaded the class: class liquibase.change.core.DropPrimaryKeyChange in classloader: jdk.internal.loader.ClassLoaders$AppClassLoader@64b8f8f4
21:47:38.237 [main] DEBUG l.s.DefaultPackageScanClassResolver - Loaded the class: class liquibase.change.core.RenameViewChange in classloader: jdk.internal.loader.ClassLoaders$AppClassLoader@64b8f8f4
21:47:38.238 [main] DEBUG l.s.DefaultPackageScanClassResolver - Loaded the class: class liquibase.changelog.visitor.ChangeSetVisitor$Direction in classloader: jdk.internal.loader.ClassLoaders$AppClassLoader@64b8f8f4
21:47:38.239 [main] DEBUG l.s.DefaultPackageScanClassResolver - Loaded the class: class liquibase.changelog.visitor.AbstractChangeExecListener in classloader: jdk.internal.loader.ClassLoaders$AppClassLoader@64b8f8f4
21:47:38.240 [main] DEBUG l.s.DefaultPackageScanClassResolver - Loaded the class: class liquibase.change.core.LoadUpdateDataChange in classloader: jdk.internal.loader.ClassLoaders$AppClassLoader@64b8f8f4
21:47:38.240 [main] DEBUG l.s.DefaultPackageScanClassResolver - Loaded the class: class liquibase.change.CheckSum$1 in classloader: jdk.internal.loader.ClassLoaders$AppClassLoader@64b8f8f4
21:47:38.241 [main] DEBUG l.s.DefaultPackageScanClassResolver - Loaded the class: class liquibase.changelog.filter.NotInChangeLogChangeSetFilter in classloader: jdk.internal.loader.ClassLoaders$AppClassLoader@64b8f8f4
21:47:38.241 [main] DEBUG l.s.DefaultPackageScanClassResolver - Loaded the class: class liquibase.change.ChangeStatus in classloader: jdk.internal.loader.ClassLoaders$AppClassLoader@64b8f8f4
21:47:38.242 [main] DEBUG l.s.DefaultPackageScanClassResolver - Loaded the class: class liquibase.change.core.DropColumnChange$1 in classloader: jdk.internal.loader.ClassLoaders$AppClassLoader@64b8f8f4
21:47:38.242 [main] DEBUG l.s.DefaultPackageScanClassResolver - Loaded the class: class liquibase.change.AbstractSQLChange in classloader: jdk.internal.loader.ClassLoaders$AppClassLoader@64b8f8f4
21:47:38.243 [main] DEBUG l.s.DefaultPackageScanClassResolver - Loaded the class: class liquibase.changelog.ChangeLogHistoryServiceFactory$1 in classloader: jdk.internal.loader.ClassLoaders$AppClassLoader@64b8f8f4
21:47:38.244 [main] DEBUG l.s.DefaultPackageScanClassResolver - Loaded the class: class liquibase.change.core.AddUniqueConstraintChange in classloader: jdk.internal.loader.ClassLoaders$AppClassLoader@64b8f8f4
21:47:38.245 [main] DEBUG l.s.DefaultPackageScanClassResolver - Loaded the class: class liquibase.change.core.InsertDataChange in classloader: jdk.internal.loader.ClassLoaders$AppClassLoader@64b8f8f4
21:47:38.246 [main] DEBUG l.s.DefaultPackageScanClassResolver - Loaded the class: interface liquibase.change.custom.CustomSqlChange in classloader: jdk.internal.loader.ClassLoaders$AppClassLoader@64b8f8f4
21:47:38.247 [main] DEBUG l.s.DefaultPackageScanClassResolver - Loaded the class: class liquibase.change.core.CreateProcedureChange in classloader: jdk.internal.loader.ClassLoaders$AppClassLoader@64b8f8f4
21:47:38.248 [main] DEBUG l.s.DefaultPackageScanClassResolver - Loaded the class: class liquibase.change.ColumnConfig$ValueNumeric in classloader: jdk.internal.loader.ClassLoaders$AppClassLoader@64b8f8f4
21:47:38.249 [main] DEBUG l.s.DefaultPackageScanClassResolver - Loaded the class: class liquibase.changelog.ChangeSet$ExecType in classloader: jdk.internal.loader.ClassLoaders$AppClassLoader@64b8f8f4
21:47:38.250 [main] DEBUG l.s.DefaultPackageScanClassResolver - Loaded the class: class liquibase.changelog.visitor.DetermineNumberChangesFollowingVisitor in classloader: jdk.internal.loader.ClassLoaders$AppClassLoader@64b8f8f4
21:47:38.250 [main] DEBUG l.s.DefaultPackageScanClassResolver - Loaded the class: interface liquibase.change.ChangeWithColumns in classloader: jdk.internal.loader.ClassLoaders$AppClassLoader@64b8f8f4
21:47:38.251 [main] DEBUG l.s.DefaultPackageScanClassResolver - Loaded the class: class liquibase.changelog.ChangeLogParameters$ChangeLogParameter in classloader: jdk.internal.loader.ClassLoaders$AppClassLoader@64b8f8f4
21:47:38.251 [main] DEBUG l.s.DefaultPackageScanClassResolver - Loaded the class: class liquibase.change.ChangeFactory in classloader: jdk.internal.loader.ClassLoaders$AppClassLoader@64b8f8f4
21:47:38.252 [main] DEBUG l.s.DefaultPackageScanClassResolver - Loaded the class: class liquibase.change.core.EmptyChange in classloader: jdk.internal.loader.ClassLoaders$AppClassLoader@64b8f8f4
21:47:38.253 [main] DEBUG l.s.DefaultPackageScanClassResolver - Loaded the class: interface liquibase.changelog.visitor.ChangeSetVisitor in classloader: jdk.internal.loader.ClassLoaders$AppClassLoader@64b8f8f4
21:47:38.254 [main] DEBUG l.s.DefaultPackageScanClassResolver - Loaded the class: class liquibase.change.core.UpdateDataChange in classloader: jdk.internal.loader.ClassLoaders$AppClassLoader@64b8f8f4
21:47:38.255 [main] DEBUG l.s.DefaultPackageScanClassResolver - Loaded the class: class liquibase.changelog.ChangeSetStatus in classloader: jdk.internal.loader.ClassLoaders$AppClassLoader@64b8f8f4
21:47:38.256 [main] DEBUG l.s.DefaultPackageScanClassResolver - Loaded the class: class liquibase.changelog.visitor.ValidatingVisitor in classloader: jdk.internal.loader.ClassLoaders$AppClassLoader@64b8f8f4
21:47:38.257 [main] DEBUG l.s.DefaultPackageScanClassResolver - Loaded the class: class liquibase.changelog.ChangeLogIterator in classloader: jdk.internal.loader.ClassLoaders$AppClassLoader@64b8f8f4
21:47:38.258 [main] DEBUG l.s.DefaultPackageScanClassResolver - Loaded the class: class liquibase.change.AddColumnConfig in classloader: jdk.internal.loader.ClassLoaders$AppClassLoader@64b8f8f4
21:47:38.258 [main] DEBUG l.s.DefaultPackageScanClassResolver - Loaded the class: interface liquibase.change.custom.CustomTaskRollback in classloader: jdk.internal.loader.ClassLoaders$AppClassLoader@64b8f8f4
21:47:38.258 [main] DEBUG l.s.DefaultPackageScanClassResolver - Loaded the class: class liquibase.change.ColumnConfig in classloader: jdk.internal.loader.ClassLoaders$AppClassLoader@64b8f8f4
21:47:38.259 [main] DEBUG l.s.DefaultPackageScanClassResolver - Loaded the class: interface liquibase.changelog.OfflineChangeLogHistoryService$ReplaceChangeSetLogic in classloader: jdk.internal.loader.ClassLoaders$AppClassLoader@64b8f8f4
21:47:38.259 [main] DEBUG l.s.DefaultPackageScanClassResolver - Loaded the class: class liquibase.change.core.DropPrimaryKeyChange$1 in classloader: jdk.internal.loader.ClassLoaders$AppClassLoader@64b8f8f4
21:47:38.260 [main] DEBUG l.s.DefaultPackageScanClassResolver - Loaded the class: class liquibase.changelog.visitor.ChangeLogSyncVisitor in classloader: jdk.internal.loader.ClassLoaders$AppClassLoader@64b8f8f4
21:47:38.261 [main] DEBUG l.s.DefaultPackageScanClassResolver - Loaded the class: class liquibase.change.core.OutputChange$1 in classloader: jdk.internal.loader.ClassLoaders$AppClassLoader@64b8f8f4
21:47:38.263 [main] DEBUG l.s.DefaultPackageScanClassResolver - Loaded the class: class liquibase.changelog.ChangeSet in classloader: jdk.internal.loader.ClassLoaders$AppClassLoader@64b8f8f4
21:47:38.263 [main] DEBUG l.s.DefaultPackageScanClassResolver - Loaded the class: class liquibase.change.core.SetColumnRemarksChange in classloader: jdk.internal.loader.ClassLoaders$AppClassLoader@64b8f8f4
21:47:38.264 [main] DEBUG l.s.DefaultPackageScanClassResolver - Loaded the class: class liquibase.change.core.RenameColumnChange in classloader: jdk.internal.loader.ClassLoaders$AppClassLoader@64b8f8f4
21:47:38.267 [main] DEBUG l.s.DefaultPackageScanClassResolver - Loaded the class: class liquibase.changelog.column.LiquibaseColumn in classloader: jdk.internal.loader.ClassLoaders$AppClassLoader@64b8f8f4
21:47:38.267 [main] DEBUG l.s.DefaultPackageScanClassResolver - Loaded the class: class liquibase.change.core.DropSequenceChange in classloader: jdk.internal.loader.ClassLoaders$AppClassLoader@64b8f8f4
21:47:38.268 [main] DEBUG l.s.DefaultPackageScanClassResolver - Loaded the class: class liquibase.changelog.filter.ActuallyExecutedChangeSetFilter in classloader: jdk.internal.loader.ClassLoaders$AppClassLoader@64b8f8f4
21:47:38.269 [main] DEBUG l.s.DefaultPackageScanClassResolver - Loaded the class: class liquibase.change.core.AlterSequenceChange in classloader: jdk.internal.loader.ClassLoaders$AppClassLoader@64b8f8f4
21:47:38.269 [main] DEBUG l.s.DefaultPackageScanClassResolver - Loaded the class: class liquibase.changelog.RollbackContainer in classloader: jdk.internal.loader.ClassLoaders$AppClassLoader@64b8f8f4
21:47:38.270 [main] DEBUG l.s.DefaultPackageScanClassResolver - Loaded the class: interface liquibase.change.custom.CustomTaskChange in classloader: jdk.internal.loader.ClassLoaders$AppClassLoader@64b8f8f4
21:47:38.270 [main] DEBUG l.s.DefaultPackageScanClassResolver - Loaded the class: class liquibase.changelog.filter.DbmsChangeSetFilter in classloader: jdk.internal.loader.ClassLoaders$AppClassLoader@64b8f8f4
21:47:38.270 [main] DEBUG l.s.DefaultPackageScanClassResolver - Loaded the class: interface liquibase.changelog.ChangeLogChild in classloader: jdk.internal.loader.ClassLoaders$AppClassLoader@64b8f8f4
21:47:38.271 [main] DEBUG l.s.DefaultPackageScanClassResolver - Loaded the class: class liquibase.change.core.AddDefaultValueChange in classloader: jdk.internal.loader.ClassLoaders$AppClassLoader@64b8f8f4
21:47:38.272 [main] DEBUG l.s.DefaultPackageScanClassResolver - Loaded the class: class liquibase.change.AbstractSQLChange$NormalizingStream in classloader: jdk.internal.loader.ClassLoaders$AppClassLoader@64b8f8f4
21:47:38.274 [main] DEBUG l.s.DefaultPackageScanClassResolver - Loaded the class: class liquibase.changelog.OfflineChangeLogHistoryService$1 in classloader: jdk.internal.loader.ClassLoaders$AppClassLoader@64b8f8f4
21:47:38.308 [main] DEBUG l.s.DefaultPackageScanClassResolver - Loaded the class: class liquibase.change.core.AddForeignKeyConstraintChange in classloader: jdk.internal.loader.ClassLoaders$AppClassLoader@64b8f8f4
21:47:38.309 [main] DEBUG l.s.DefaultPackageScanClassResolver - Loaded the class: class liquibase.change.ChangeMetaData in classloader: jdk.internal.loader.ClassLoaders$AppClassLoader@64b8f8f4
21:47:38.309 [main] DEBUG l.s.DefaultPackageScanClassResolver - Loaded the class: class liquibase.change.ChangeFactory$1 in classloader: jdk.internal.loader.ClassLoaders$AppClassLoader@64b8f8f4
21:47:38.312 [main] DEBUG l.s.DefaultPackageScanClassResolver - Loaded the class: class liquibase.change.core.OutputChange in classloader: jdk.internal.loader.ClassLoaders$AppClassLoader@64b8f8f4
21:47:38.313 [main] DEBUG l.s.DefaultPackageScanClassResolver - Loaded the class: class liquibase.changelog.ChangeLogProperty in classloader: jdk.internal.loader.ClassLoaders$AppClassLoader@64b8f8f4
21:47:38.313 [main] DEBUG l.s.DefaultPackageScanClassResolver - Loaded the class: class liquibase.changelog.filter.ChangeSetFilterResult in classloader: jdk.internal.loader.ClassLoaders$AppClassLoader@64b8f8f4
21:47:38.314 [main] DEBUG l.s.DefaultPackageScanClassResolver - Loaded the class: class liquibase.change.core.AddNotNullConstraintChange in classloader: jdk.internal.loader.ClassLoaders$AppClassLoader@64b8f8f4
21:47:38.314 [main] DEBUG l.s.DefaultPackageScanClassResolver - Loaded the class: class liquibase.change.core.RawSQLChange in classloader: jdk.internal.loader.ClassLoaders$AppClassLoader@64b8f8f4
21:47:38.315 [main] DEBUG l.s.DefaultPackageScanClassResolver - Loaded the class: class liquibase.change.core.RenameTableChange in classloader: jdk.internal.loader.ClassLoaders$AppClassLoader@64b8f8f4
21:47:38.316 [main] DEBUG l.s.DefaultPackageScanClassResolver - Loaded the class: interface liquibase.changelog.IncludeAllFilter in classloader: jdk.internal.loader.ClassLoaders$AppClassLoader@64b8f8f4
21:47:38.316 [main] DEBUG l.s.DefaultPackageScanClassResolver - Loaded the class: interface liquibase.change.DatabaseChangeProperty in classloader: jdk.internal.loader.ClassLoaders$AppClassLoader@64b8f8f4
21:47:38.317 [main] DEBUG l.s.DefaultPackageScanClassResolver - Loaded the class: interface liquibase.change.DatabaseChangeNote in classloader: jdk.internal.loader.ClassLoaders$AppClassLoader@64b8f8f4
21:47:38.317 [main] DEBUG l.s.DefaultPackageScanClassResolver - Loaded the class: class liquibase.changelog.OfflineChangeLogHistoryService$2 in classloader: jdk.internal.loader.ClassLoaders$AppClassLoader@64b8f8f4
21:47:38.317 [main] DEBUG l.s.DefaultPackageScanClassResolver - Loaded the class: class liquibase.changelog.OfflineChangeLogHistoryService$5 in classloader: jdk.internal.loader.ClassLoaders$AppClassLoader@64b8f8f4
21:47:38.318 [main] DEBUG l.s.DefaultPackageScanClassResolver - Loaded the class: class liquibase.changelog.filter.LabelChangeSetFilter in classloader: jdk.internal.loader.ClassLoaders$AppClassLoader@64b8f8f4
21:47:38.319 [main] DEBUG l.s.DefaultPackageScanClassResolver - Loaded the class: class liquibase.changelog.DatabaseChangeLog$1 in classloader: jdk.internal.loader.ClassLoaders$AppClassLoader@64b8f8f4
21:47:38.319 [main] DEBUG l.s.DefaultPackageScanClassResolver - Loaded the class: class liquibase.changelog.OfflineChangeLogHistoryService$3 in classloader: jdk.internal.loader.ClassLoaders$AppClassLoader@64b8f8f4
21:47:38.319 [main] DEBUG l.s.DefaultPackageScanClassResolver - Loaded the class: interface liquibase.change.Change in classloader: jdk.internal.loader.ClassLoaders$AppClassLoader@64b8f8f4
21:47:38.320 [main] DEBUG l.s.DefaultPackageScanClassResolver - Loaded the class: class liquibase.changelog.OfflineChangeLogHistoryService$4 in classloader: jdk.internal.loader.ClassLoaders$AppClassLoader@64b8f8f4
21:47:38.320 [main] DEBUG l.s.DefaultPackageScanClassResolver - Loaded the class: interface liquibase.changelog.filter.ChangeSetFilter in classloader: jdk.internal.loader.ClassLoaders$AppClassLoader@64b8f8f4
21:47:38.320 [main] DEBUG l.s.DefaultPackageScanClassResolver - Searching for: is assignable to Change in package: liquibase/change
21:47:38.320 [main] DEBUG l.s.DefaultPackageScanClassResolver - Searching for all classes in package: liquibase/command using classloader: jdk.internal.loader.ClassLoaders$AppClassLoader
21:47:38.321 [main] DEBUG l.s.DefaultPackageScanClassResolver - Getting resource URL for package: liquibase/command with classloader: jdk.internal.loader.ClassLoaders$AppClassLoader@64b8f8f4
21:47:38.321 [main] DEBUG l.s.DefaultPackageScanClassResolver - URL from classloader: jar:file:/Users/jajecnik.marci/.m2/repository/org/liquibase/liquibase-core/3.10.3/liquibase-core-3.10.3.jar!/liquibase/command/
21:47:38.321 [main] DEBUG l.s.DefaultPackageScanClassResolver - Decoded urlPath: file:/Users/jajecnik.marci/.m2/repository/org/liquibase/liquibase-core/3.10.3/liquibase-core-3.10.3.jar!/liquibase/command/ with protocol: jar
21:47:38.322 [main] DEBUG l.s.DefaultPackageScanClassResolver - Loading from jar using file: /Users/jajecnik.marci/.m2/repository/org/liquibase/liquibase-core/3.10.3/liquibase-core-3.10.3.jar
21:47:38.323 [main] DEBUG l.s.DefaultPackageScanClassResolver - Loaded the class: class liquibase.command.core.HistoryCommand in classloader: jdk.internal.loader.ClassLoaders$AppClassLoader@64b8f8f4
21:47:38.324 [main] DEBUG l.s.DefaultPackageScanClassResolver - Loaded the class: class liquibase.command.core.DropAllCommand in classloader: jdk.internal.loader.ClassLoaders$AppClassLoader@64b8f8f4
21:47:38.324 [main] DEBUG l.s.DefaultPackageScanClassResolver - Loaded the class: class liquibase.command.AbstractCommand in classloader: jdk.internal.loader.ClassLoaders$AppClassLoader@64b8f8f4
21:47:38.325 [main] DEBUG l.s.DefaultPackageScanClassResolver - Loaded the class: class liquibase.command.core.HistoryCommand$1 in classloader: jdk.internal.loader.ClassLoaders$AppClassLoader@64b8f8f4
21:47:38.327 [main] DEBUG l.s.DefaultPackageScanClassResolver - Loaded the class: class liquibase.command.core.GenerateChangeLogCommand in classloader: jdk.internal.loader.ClassLoaders$AppClassLoader@64b8f8f4
21:47:38.328 [main] DEBUG l.s.DefaultPackageScanClassResolver - Loaded the class: class liquibase.command.core.ExecuteSqlCommand in classloader: jdk.internal.loader.ClassLoaders$AppClassLoader@64b8f8f4
21:47:38.328 [main] DEBUG l.s.DefaultPackageScanClassResolver - Loaded the class: class liquibase.command.core.SnapshotCommand$SnapshotCommandResult in classloader: jdk.internal.loader.ClassLoaders$AppClassLoader@64b8f8f4
21:47:38.329 [main] DEBUG l.s.DefaultPackageScanClassResolver - Loaded the class: class liquibase.command.CommandResult in classloader: jdk.internal.loader.ClassLoaders$AppClassLoader@64b8f8f4
21:47:38.329 [main] DEBUG l.s.DefaultPackageScanClassResolver - Loaded the class: class liquibase.command.CommandFactory$1 in classloader: jdk.internal.loader.ClassLoaders$AppClassLoader@64b8f8f4
21:47:38.329 [main] DEBUG l.s.DefaultPackageScanClassResolver - Loaded the class: class liquibase.command.core.DiffCommand in classloader: jdk.internal.loader.ClassLoaders$AppClassLoader@64b8f8f4
21:47:38.330 [main] DEBUG l.s.DefaultPackageScanClassResolver - Loaded the class: class liquibase.command.AbstractSelfConfiguratingCommand in classloader: jdk.internal.loader.ClassLoaders$AppClassLoader@64b8f8f4
21:47:38.330 [main] DEBUG l.s.DefaultPackageScanClassResolver - Loaded the class: class liquibase.command.core.SnapshotCommand in classloader: jdk.internal.loader.ClassLoaders$AppClassLoader@64b8f8f4
21:47:38.331 [main] DEBUG l.s.DefaultPackageScanClassResolver - Loaded the class: interface liquibase.command.LiquibaseCommand in classloader: jdk.internal.loader.ClassLoaders$AppClassLoader@64b8f8f4
21:47:38.331 [main] DEBUG l.s.DefaultPackageScanClassResolver - Loaded the class: class liquibase.command.CommandValidationErrors in classloader: jdk.internal.loader.ClassLoaders$AppClassLoader@64b8f8f4
21:47:38.332 [main] DEBUG l.s.DefaultPackageScanClassResolver - Loaded the class: class liquibase.command.CommandFactory in classloader: jdk.internal.loader.ClassLoaders$AppClassLoader@64b8f8f4
21:47:38.332 [main] DEBUG l.s.DefaultPackageScanClassResolver - Loaded the class: class liquibase.command.core.DiffToChangeLogCommand in classloader: jdk.internal.loader.ClassLoaders$AppClassLoader@64b8f8f4
21:47:38.332 [main] DEBUG l.s.DefaultPackageScanClassResolver - Loaded the class: class liquibase.command.CommandExecutionException in classloader: jdk.internal.loader.ClassLoaders$AppClassLoader@64b8f8f4
21:47:38.333 [main] DEBUG l.s.DefaultPackageScanClassResolver - Loaded the class: class liquibase.command.core.HistoryCommand$DeploymentDetails in classloader: jdk.internal.loader.ClassLoaders$AppClassLoader@64b8f8f4
21:47:38.333 [main] DEBUG l.s.DefaultPackageScanClassResolver - Searching for: is assignable to Change in package: liquibase/command
21:47:38.333 [main] DEBUG l.s.DefaultPackageScanClassResolver - Searching for all classes in package: liquibase/changelog using classloader: jdk.internal.loader.ClassLoaders$AppClassLoader
21:47:38.334 [main] DEBUG l.s.DefaultPackageScanClassResolver - Getting resource URL for package: liquibase/changelog with classloader: jdk.internal.loader.ClassLoaders$AppClassLoader@64b8f8f4
21:47:38.334 [main] DEBUG l.s.DefaultPackageScanClassResolver - URL from classloader: jar:file:/Users/jajecnik.marci/.m2/repository/org/liquibase/liquibase-core/3.10.3/liquibase-core-3.10.3.jar!/liquibase/changelog/
21:47:38.334 [main] DEBUG l.s.DefaultPackageScanClassResolver - Decoded urlPath: file:/Users/jajecnik.marci/.m2/repository/org/liquibase/liquibase-core/3.10.3/liquibase-core-3.10.3.jar!/liquibase/changelog/ with protocol: jar
21:47:38.334 [main] DEBUG l.s.DefaultPackageScanClassResolver - Loading from jar using file: /Users/jajecnik.marci/.m2/repository/org/liquibase/liquibase-core/3.10.3/liquibase-core-3.10.3.jar
21:47:38.335 [main] DEBUG l.s.DefaultPackageScanClassResolver - Loaded the class: class liquibase.changelog.filter.RanChangeSetFilter in classloader: jdk.internal.loader.ClassLoaders$AppClassLoader@64b8f8f4
21:47:38.335 [main] DEBUG l.s.DefaultPackageScanClassResolver - Loaded the class: class liquibase.changelog.visitor.RollbackVisitor in classloader: jdk.internal.loader.ClassLoaders$AppClassLoader@64b8f8f4
21:47:38.336 [main] DEBUG l.s.DefaultPackageScanClassResolver - Loaded the class: class liquibase.changelog.OfflineChangeLogHistoryService$Columns in classloader: jdk.internal.loader.ClassLoaders$AppClassLoader@64b8f8f4
21:47:38.336 [main] DEBUG l.s.DefaultPackageScanClassResolver - Loaded the class: class liquibase.changelog.visitor.DBDocVisitor$ChangeLogInfo in classloader: jdk.internal.loader.ClassLoaders$AppClassLoader@64b8f8f4
21:47:38.336 [main] DEBUG l.s.DefaultPackageScanClassResolver - Loaded the class: class liquibase.changelog.RanChangeSet in classloader: jdk.internal.loader.ClassLoaders$AppClassLoader@64b8f8f4
21:47:38.336 [main] DEBUG l.s.DefaultPackageScanClassResolver - Loaded the class: class liquibase.changelog.visitor.UpdateVisitor in classloader: jdk.internal.loader.ClassLoaders$AppClassLoader@64b8f8f4
21:47:38.336 [main] DEBUG l.s.DefaultPackageScanClassResolver - Loaded the class: class liquibase.changelog.DatabaseChangeLog in classloader: jdk.internal.loader.ClassLoaders$AppClassLoader@64b8f8f4
21:47:38.336 [main] DEBUG l.s.DefaultPackageScanClassResolver - Loaded the class: class liquibase.changelog.visitor.DBDocVisitor in classloader: jdk.internal.loader.ClassLoaders$AppClassLoader@64b8f8f4
21:47:38.337 [main] DEBUG l.s.DefaultPackageScanClassResolver - Loaded the class: class liquibase.changelog.filter.CountChangeSetFilter in classloader: jdk.internal.loader.ClassLoaders$AppClassLoader@64b8f8f4
21:47:38.337 [main] DEBUG l.s.DefaultPackageScanClassResolver - Loaded the class: class liquibase.changelog.ChangeLogHistoryServiceFactory in classloader: jdk.internal.loader.ClassLoaders$AppClassLoader@64b8f8f4
21:47:38.337 [main] DEBUG l.s.DefaultPackageScanClassResolver - Loaded the class: class liquibase.changelog.filter.NotRanChangeSetFilter in classloader: jdk.internal.loader.ClassLoaders$AppClassLoader@64b8f8f4
21:47:38.337 [main] DEBUG l.s.DefaultPackageScanClassResolver - Loaded the class: class liquibase.changelog.ChangeLogInclude in classloader: jdk.internal.loader.ClassLoaders$AppClassLoader@64b8f8f4
21:47:38.337 [main] DEBUG l.s.DefaultPackageScanClassResolver - Loaded the class: class liquibase.changelog.visitor.StatusVisitor in classloader: jdk.internal.loader.ClassLoaders$AppClassLoader@64b8f8f4
21:47:38.337 [main] DEBUG l.s.DefaultPackageScanClassResolver - Loaded the class: interface liquibase.changelog.visitor.ChangeExecListener in classloader: jdk.internal.loader.ClassLoaders$AppClassLoader@64b8f8f4
21:47:38.338 [main] DEBUG l.s.DefaultPackageScanClassResolver - Loaded the class: class liquibase.changelog.ChangeLogParameters$1 in classloader: jdk.internal.loader.ClassLoaders$AppClassLoader@64b8f8f4
21:47:38.338 [main] DEBUG l.s.DefaultPackageScanClassResolver - Loaded the class: class liquibase.changelog.filter.ShouldRunChangeSetFilter in classloader: jdk.internal.loader.ClassLoaders$AppClassLoader@64b8f8f4
21:47:38.338 [main] DEBUG l.s.DefaultPackageScanClassResolver - Loaded the class: class liquibase.changelog.ChangeLogIncludeAll in classloader: jdk.internal.loader.ClassLoaders$AppClassLoader@64b8f8f4
21:47:38.338 [main] DEBUG l.s.DefaultPackageScanClassResolver - Loaded the class: interface liquibase.changelog.ChangeLogHistoryService in classloader: jdk.internal.loader.ClassLoaders$AppClassLoader@64b8f8f4
21:47:38.338 [main] DEBUG l.s.DefaultPackageScanClassResolver - Loaded the class: class liquibase.changelog.ChangeLogParameters$ExpressionExpander in classloader: jdk.internal.loader.ClassLoaders$AppClassLoader@64b8f8f4
21:47:38.338 [main] DEBUG l.s.DefaultPackageScanClassResolver - Loaded the class: class liquibase.changelog.AbstractChangeLogHistoryService in classloader: jdk.internal.loader.ClassLoaders$AppClassLoader@64b8f8f4
21:47:38.339 [main] DEBUG l.s.DefaultPackageScanClassResolver - Loaded the class: class liquibase.changelog.visitor.ExpectedChangesVisitor in classloader: jdk.internal.loader.ClassLoaders$AppClassLoader@64b8f8f4
21:47:38.339 [main] DEBUG l.s.DefaultPackageScanClassResolver - Loaded the class: class liquibase.changelog.OfflineChangeLogHistoryService in classloader: jdk.internal.loader.ClassLoaders$AppClassLoader@64b8f8f4
21:47:38.339 [main] DEBUG l.s.DefaultPackageScanClassResolver - Loaded the class: class liquibase.changelog.filter.AlreadyRanChangeSetFilter in classloader: jdk.internal.loader.ClassLoaders$AppClassLoader@64b8f8f4
21:47:38.339 [main] DEBUG l.s.DefaultPackageScanClassResolver - Loaded the class: class liquibase.changelog.visitor.DBDocVisitor$1 in classloader: jdk.internal.loader.ClassLoaders$AppClassLoader@64b8f8f4
21:47:38.339 [main] DEBUG l.s.DefaultPackageScanClassResolver - Loaded the class: class liquibase.changelog.StandardChangeLogHistoryService in classloader: jdk.internal.loader.ClassLoaders$AppClassLoader@64b8f8f4
21:47:38.339 [main] DEBUG l.s.DefaultPackageScanClassResolver - Loaded the class: class liquibase.changelog.ChangeSet$RunStatus in classloader: jdk.internal.loader.ClassLoaders$AppClassLoader@64b8f8f4
21:47:38.340 [main] DEBUG l.s.DefaultPackageScanClassResolver - Loaded the class: class liquibase.changelog.filter.AfterTagChangeSetFilter in classloader: jdk.internal.loader.ClassLoaders$AppClassLoader@64b8f8f4
21:47:38.340 [main] DEBUG l.s.DefaultPackageScanClassResolver - Loaded the class: class liquibase.changelog.ChangeSet$ValidationFailOption in classloader: jdk.internal.loader.ClassLoaders$AppClassLoader@64b8f8f4
21:47:38.340 [main] DEBUG l.s.DefaultPackageScanClassResolver - Loaded the class: class liquibase.changelog.filter.IgnoreChangeSetFilter in classloader: jdk.internal.loader.ClassLoaders$AppClassLoader@64b8f8f4
21:47:38.340 [main] DEBUG l.s.DefaultPackageScanClassResolver - Loaded the class: class liquibase.changelog.ChangeLogParameters in classloader: jdk.internal.loader.ClassLoaders$AppClassLoader@64b8f8f4
21:47:38.340 [main] DEBUG l.s.DefaultPackageScanClassResolver - Loaded the class: interface liquibase.changelog.visitor.ChangeLogSyncListener in classloader: jdk.internal.loader.ClassLoaders$AppClassLoader@64b8f8f4
21:47:38.340 [main] DEBUG l.s.DefaultPackageScanClassResolver - Loaded the class: class liquibase.changelog.filter.ExecutedAfterChangeSetFilter in classloader: jdk.internal.loader.ClassLoaders$AppClassLoader@64b8f8f4
21:47:38.340 [main] DEBUG l.s.DefaultPackageScanClassResolver - Loaded the class: class liquibase.changelog.filter.UpToTagChangeSetFilter in classloader: jdk.internal.loader.ClassLoaders$AppClassLoader@64b8f8f4
21:47:38.341 [main] DEBUG l.s.DefaultPackageScanClassResolver - Loaded the class: interface liquibase.changelog.visitor.SkippedChangeSetVisitor in classloader: jdk.internal.loader.ClassLoaders$AppClassLoader@64b8f8f4
21:47:38.341 [main] DEBUG l.s.DefaultPackageScanClassResolver - Loaded the class: class liquibase.changelog.visitor.ListVisitor in classloader: jdk.internal.loader.ClassLoaders$AppClassLoader@64b8f8f4
21:47:38.341 [main] DEBUG l.s.DefaultPackageScanClassResolver - Loaded the class: class liquibase.changelog.ChangeSet$1 in classloader: jdk.internal.loader.ClassLoaders$AppClassLoader@64b8f8f4
21:47:38.341 [main] DEBUG l.s.DefaultPackageScanClassResolver - Loaded the class: class liquibase.changelog.filter.ContextChangeSetFilter in classloader: jdk.internal.loader.ClassLoaders$AppClassLoader@64b8f8f4
21:47:38.341 [main] DEBUG l.s.DefaultPackageScanClassResolver - Loaded the class: class liquibase.changelog.ChangeLogIterator$1 in classloader: jdk.internal.loader.ClassLoaders$AppClassLoader@64b8f8f4
21:47:38.342 [main] DEBUG l.s.DefaultPackageScanClassResolver - Loaded the class: class liquibase.changelog.visitor.ChangeSetVisitor$Direction in classloader: jdk.internal.loader.ClassLoaders$AppClassLoader@64b8f8f4
21:47:38.342 [main] DEBUG l.s.DefaultPackageScanClassResolver - Loaded the class: class liquibase.changelog.visitor.AbstractChangeExecListener in classloader: jdk.internal.loader.ClassLoaders$AppClassLoader@64b8f8f4
21:47:38.342 [main] DEBUG l.s.DefaultPackageScanClassResolver - Loaded the class: class liquibase.changelog.filter.NotInChangeLogChangeSetFilter in classloader: jdk.internal.loader.ClassLoaders$AppClassLoader@64b8f8f4
21:47:38.342 [main] DEBUG l.s.DefaultPackageScanClassResolver - Loaded the class: class liquibase.changelog.ChangeLogHistoryServiceFactory$1 in classloader: jdk.internal.loader.ClassLoaders$AppClassLoader@64b8f8f4
21:47:38.342 [main] DEBUG l.s.DefaultPackageScanClassResolver - Loaded the class: class liquibase.changelog.ChangeSet$ExecType in classloader: jdk.internal.loader.ClassLoaders$AppClassLoader@64b8f8f4
21:47:38.342 [main] DEBUG l.s.DefaultPackageScanClassResolver - Loaded the class: class liquibase.changelog.visitor.DetermineNumberChangesFollowingVisitor in classloader: jdk.internal.loader.ClassLoaders$AppClassLoader@64b8f8f4
21:47:38.342 [main] DEBUG l.s.DefaultPackageScanClassResolver - Loaded the class: class liquibase.changelog.ChangeLogParameters$ChangeLogParameter in classloader: jdk.internal.loader.ClassLoaders$AppClassLoader@64b8f8f4
21:47:38.343 [main] DEBUG l.s.DefaultPackageScanClassResolver - Loaded the class: interface liquibase.changelog.visitor.ChangeSetVisitor in classloader: jdk.internal.loader.ClassLoaders$AppClassLoader@64b8f8f4
21:47:38.343 [main] DEBUG l.s.DefaultPackageScanClassResolver - Loaded the class: class liquibase.changelog.ChangeSetStatus in classloader: jdk.internal.loader.ClassLoaders$AppClassLoader@64b8f8f4
21:47:38.343 [main] DEBUG l.s.DefaultPackageScanClassResolver - Loaded the class: class liquibase.changelog.visitor.ValidatingVisitor in classloader: jdk.internal.loader.ClassLoaders$AppClassLoader@64b8f8f4
21:47:38.343 [main] DEBUG l.s.DefaultPackageScanClassResolver - Loaded the class: class liquibase.changelog.ChangeLogIterator in classloader: jdk.internal.loader.ClassLoaders$AppClassLoader@64b8f8f4
21:47:38.343 [main] DEBUG l.s.DefaultPackageScanClassResolver - Loaded the class: interface liquibase.changelog.OfflineChangeLogHistoryService$ReplaceChangeSetLogic in classloader: jdk.internal.loader.ClassLoaders$AppClassLoader@64b8f8f4
21:47:38.343 [main] DEBUG l.s.DefaultPackageScanClassResolver - Loaded the class: class liquibase.changelog.visitor.ChangeLogSyncVisitor in classloader: jdk.internal.loader.ClassLoaders$AppClassLoader@64b8f8f4
21:47:38.344 [main] DEBUG l.s.DefaultPackageScanClassResolver - Loaded the class: class liquibase.changelog.ChangeSet in classloader: jdk.internal.loader.ClassLoaders$AppClassLoader@64b8f8f4
21:47:38.344 [main] DEBUG l.s.DefaultPackageScanClassResolver - Loaded the class: class liquibase.changelog.column.LiquibaseColumn in classloader: jdk.internal.loader.ClassLoaders$AppClassLoader@64b8f8f4
21:47:38.344 [main] DEBUG l.s.DefaultPackageScanClassResolver - Loaded the class: class liquibase.changelog.filter.ActuallyExecutedChangeSetFilter in classloader: jdk.internal.loader.ClassLoaders$AppClassLoader@64b8f8f4
21:47:38.344 [main] DEBUG l.s.DefaultPackageScanClassResolver - Loaded the class: class liquibase.changelog.RollbackContainer in classloader: jdk.internal.loader.ClassLoaders$AppClassLoader@64b8f8f4
21:47:38.344 [main] DEBUG l.s.DefaultPackageScanClassResolver - Loaded the class: class liquibase.changelog.filter.DbmsChangeSetFilter in classloader: jdk.internal.loader.ClassLoaders$AppClassLoader@64b8f8f4
21:47:38.345 [main] DEBUG l.s.DefaultPackageScanClassResolver - Loaded the class: interface liquibase.changelog.ChangeLogChild in classloader: jdk.internal.loader.ClassLoaders$AppClassLoader@64b8f8f4
21:47:38.345 [main] DEBUG l.s.DefaultPackageScanClassResolver - Loaded the class: class liquibase.changelog.OfflineChangeLogHistoryService$1 in classloader: jdk.internal.loader.ClassLoaders$AppClassLoader@64b8f8f4
21:47:38.345 [main] DEBUG l.s.DefaultPackageScanClassResolver - Loaded the class: class liquibase.changelog.ChangeLogProperty in classloader: jdk.internal.loader.ClassLoaders$AppClassLoader@64b8f8f4
21:47:38.345 [main] DEBUG l.s.DefaultPackageScanClassResolver - Loaded the class: class liquibase.changelog.filter.ChangeSetFilterResult in classloader: jdk.internal.loader.ClassLoaders$AppClassLoader@64b8f8f4
21:47:38.345 [main] DEBUG l.s.DefaultPackageScanClassResolver - Loaded the class: interface liquibase.changelog.IncludeAllFilter in classloader: jdk.internal.loader.ClassLoaders$AppClassLoader@64b8f8f4
21:47:38.345 [main] DEBUG l.s.DefaultPackageScanClassResolver - Loaded the class: class liquibase.changelog.OfflineChangeLogHistoryService$2 in classloader: jdk.internal.loader.ClassLoaders$AppClassLoader@64b8f8f4
21:47:38.346 [main] DEBUG l.s.DefaultPackageScanClassResolver - Loaded the class: class liquibase.changelog.OfflineChangeLogHistoryService$5 in classloader: jdk.internal.loader.ClassLoaders$AppClassLoader@64b8f8f4
21:47:38.346 [main] DEBUG l.s.DefaultPackageScanClassResolver - Loaded the class: class liquibase.changelog.filter.LabelChangeSetFilter in classloader: jdk.internal.loader.ClassLoaders$AppClassLoader@64b8f8f4
21:47:38.346 [main] DEBUG l.s.DefaultPackageScanClassResolver - Loaded the class: class liquibase.changelog.DatabaseChangeLog$1 in classloader: jdk.internal.loader.ClassLoaders$AppClassLoader@64b8f8f4
21:47:38.346 [main] DEBUG l.s.DefaultPackageScanClassResolver - Loaded the class: class liquibase.changelog.OfflineChangeLogHistoryService$3 in classloader: jdk.internal.loader.ClassLoaders$AppClassLoader@64b8f8f4
21:47:38.346 [main] DEBUG l.s.DefaultPackageScanClassResolver - Loaded the class: class liquibase.changelog.OfflineChangeLogHistoryService$4 in classloader: jdk.internal.loader.ClassLoaders$AppClassLoader@64b8f8f4
21:47:38.346 [main] DEBUG l.s.DefaultPackageScanClassResolver - Loaded the class: interface liquibase.changelog.filter.ChangeSetFilter in classloader: jdk.internal.loader.ClassLoaders$AppClassLoader@64b8f8f4
21:47:38.347 [main] DEBUG l.s.DefaultPackageScanClassResolver - Searching for: is assignable to Change in package: liquibase/changelog
21:47:38.347 [main] DEBUG l.s.DefaultPackageScanClassResolver - Searching for all classes in package: liquibase/database using classloader: jdk.internal.loader.ClassLoaders$AppClassLoader
21:47:38.347 [main] DEBUG l.s.DefaultPackageScanClassResolver - Getting resource URL for package: liquibase/database with classloader: jdk.internal.loader.ClassLoaders$AppClassLoader@64b8f8f4
21:47:38.348 [main] DEBUG l.s.DefaultPackageScanClassResolver - URL from classloader: jar:file:/Users/jajecnik.marci/.m2/repository/org/liquibase/liquibase-core/3.10.3/liquibase-core-3.10.3.jar!/liquibase/database/
21:47:38.348 [main] DEBUG l.s.DefaultPackageScanClassResolver - Decoded urlPath: file:/Users/jajecnik.marci/.m2/repository/org/liquibase/liquibase-core/3.10.3/liquibase-core-3.10.3.jar!/liquibase/database/ with protocol: jar
21:47:38.348 [main] DEBUG l.s.DefaultPackageScanClassResolver - Loading from jar using file: /Users/jajecnik.marci/.m2/repository/org/liquibase/liquibase-core/3.10.3/liquibase-core-3.10.3.jar
21:47:38.349 [main] DEBUG l.s.DefaultPackageScanClassResolver - Loaded the class: class liquibase.database.DatabaseFactory in classloader: jdk.internal.loader.ClassLoaders$AppClassLoader@64b8f8f4
21:47:38.354 [main] DEBUG l.s.DefaultPackageScanClassResolver - Loaded the class: class liquibase.database.core.SQLiteDatabase in classloader: jdk.internal.loader.ClassLoaders$AppClassLoader@64b8f8f4
21:47:38.355 [main] DEBUG l.s.DefaultPackageScanClassResolver - Loaded the class: class liquibase.database.core.HsqlDatabase in classloader: jdk.internal.loader.ClassLoaders$AppClassLoader@64b8f8f4
21:47:38.356 [main] DEBUG l.s.DefaultPackageScanClassResolver - Loaded the class: class liquibase.database.core.AbstractDb2Database in classloader: jdk.internal.loader.ClassLoaders$AppClassLoader@64b8f8f4
21:47:38.357 [main] DEBUG l.s.DefaultPackageScanClassResolver - Loaded the class: class liquibase.database.AbstractJdbcDatabase in classloader: jdk.internal.loader.ClassLoaders$AppClassLoader@64b8f8f4
21:47:38.357 [main] DEBUG l.s.DefaultPackageScanClassResolver - Loaded the class: class liquibase.database.core.MSSQLDatabase$MSSQL_SERVER_VERSIONS in classloader: jdk.internal.loader.ClassLoaders$AppClassLoader@64b8f8f4
21:47:38.358 [main] DEBUG l.s.DefaultPackageScanClassResolver - Loaded the class: class liquibase.database.core.PostgresDatabase$DbTypes in classloader: jdk.internal.loader.ClassLoaders$AppClassLoader@64b8f8f4
21:47:38.358 [main] DEBUG l.s.DefaultPackageScanClassResolver - Loaded the class: class liquibase.database.core.FirebirdDatabase in classloader: jdk.internal.loader.ClassLoaders$AppClassLoader@64b8f8f4
21:47:38.361 [main] DEBUG l.s.DefaultPackageScanClassResolver - Loaded the class: class liquibase.database.jvm.HsqlConnection in classloader: jdk.internal.loader.ClassLoaders$AppClassLoader@64b8f8f4
21:47:38.362 [main] DEBUG l.s.DefaultPackageScanClassResolver - Loaded the class: interface liquibase.database.DatabaseConnection in classloader: jdk.internal.loader.ClassLoaders$AppClassLoader@64b8f8f4
21:47:38.362 [main] DEBUG l.s.DefaultPackageScanClassResolver - Loaded the class: class liquibase.database.jvm.SybaseASAConnection in classloader: jdk.internal.loader.ClassLoaders$AppClassLoader@64b8f8f4
21:47:38.363 [main] DEBUG l.s.DefaultPackageScanClassResolver - Loaded the class: class liquibase.database.core.SybaseASADatabase in classloader: jdk.internal.loader.ClassLoaders$AppClassLoader@64b8f8f4
21:47:38.365 [main] DEBUG l.s.DefaultPackageScanClassResolver - Loaded the class: class liquibase.database.core.MSSQLDatabase in classloader: jdk.internal.loader.ClassLoaders$AppClassLoader@64b8f8f4
21:47:38.368 [main] DEBUG l.s.DefaultPackageScanClassResolver - Loaded the class: class liquibase.database.core.DerbyDatabase in classloader: jdk.internal.loader.ClassLoaders$AppClassLoader@64b8f8f4
21:47:38.369 [main] DEBUG l.s.DefaultPackageScanClassResolver - Loaded the class: class liquibase.database.core.InformixDatabase in classloader: jdk.internal.loader.ClassLoaders$AppClassLoader@64b8f8f4
21:47:38.371 [main] DEBUG l.s.DefaultPackageScanClassResolver - Loaded the class: class liquibase.database.core.UnsupportedDatabase in classloader: jdk.internal.loader.ClassLoaders$AppClassLoader@64b8f8f4
21:47:38.371 [main] DEBUG l.s.DefaultPackageScanClassResolver - Loaded the class: class liquibase.database.ConnectionServiceFactory in classloader: jdk.internal.loader.ClassLoaders$AppClassLoader@64b8f8f4
21:47:38.372 [main] DEBUG l.s.DefaultPackageScanClassResolver - Loaded the class: class liquibase.database.DatabaseFactory$DatabaseComparator in classloader: jdk.internal.loader.ClassLoaders$AppClassLoader@64b8f8f4
21:47:38.372 [main] DEBUG l.s.DefaultPackageScanClassResolver - Loaded the class: class liquibase.database.jvm.SybaseConnection in classloader: jdk.internal.loader.ClassLoaders$AppClassLoader@64b8f8f4
21:47:38.374 [main] DEBUG l.s.DefaultPackageScanClassResolver - Loaded the class: class liquibase.database.core.MySQLDatabase in classloader: jdk.internal.loader.ClassLoaders$AppClassLoader@64b8f8f4
21:47:38.375 [main] DEBUG l.s.DefaultPackageScanClassResolver - Loaded the class: class liquibase.database.DatabaseFactory$1 in classloader: jdk.internal.loader.ClassLoaders$AppClassLoader@64b8f8f4
21:47:38.376 [main] DEBUG l.s.DefaultPackageScanClassResolver - Loaded the class: class liquibase.database.core.Ingres9Database in classloader: jdk.internal.loader.ClassLoaders$AppClassLoader@64b8f8f4
21:47:38.376 [main] DEBUG l.s.DefaultPackageScanClassResolver - Loaded the class: class liquibase.database.OfflineConnection$OutputLiquibaseSql in classloader: jdk.internal.loader.ClassLoaders$AppClassLoader@64b8f8f4
21:47:38.378 [main] DEBUG l.s.DefaultPackageScanClassResolver - Loaded the class: class liquibase.database.core.OracleDatabase in classloader: jdk.internal.loader.ClassLoaders$AppClassLoader@64b8f8f4
21:47:38.379 [main] DEBUG l.s.DefaultPackageScanClassResolver - Loaded the class: class liquibase.database.ObjectQuotingStrategy in classloader: jdk.internal.loader.ClassLoaders$AppClassLoader@64b8f8f4
21:47:38.381 [main] DEBUG l.s.DefaultPackageScanClassResolver - Loaded the class: class liquibase.database.core.PostgresDatabase in classloader: jdk.internal.loader.ClassLoaders$AppClassLoader@64b8f8f4
21:47:38.382 [main] DEBUG l.s.DefaultPackageScanClassResolver - Loaded the class: class liquibase.database.OfflineConnection in classloader: jdk.internal.loader.ClassLoaders$AppClassLoader@64b8f8f4
21:47:38.383 [main] DEBUG l.s.DefaultPackageScanClassResolver - Loaded the class: class liquibase.database.PreparedStatementFactory in classloader: jdk.internal.loader.ClassLoaders$AppClassLoader@64b8f8f4
21:47:38.383 [main] DEBUG l.s.DefaultPackageScanClassResolver - Loaded the class: class liquibase.database.core.SybaseDatabase in classloader: jdk.internal.loader.ClassLoaders$AppClassLoader@64b8f8f4
21:47:38.384 [main] DEBUG l.s.DefaultPackageScanClassResolver - Loaded the class: class liquibase.database.core.Db2zDatabase in classloader: jdk.internal.loader.ClassLoaders$AppClassLoader@64b8f8f4
21:47:38.385 [main] DEBUG l.s.DefaultPackageScanClassResolver - Loaded the class: class liquibase.database.core.DatabaseUtils in classloader: jdk.internal.loader.ClassLoaders$AppClassLoader@64b8f8f4
21:47:38.385 [main] DEBUG l.s.DefaultPackageScanClassResolver - Loaded the class: interface liquibase.database.Database in classloader: jdk.internal.loader.ClassLoaders$AppClassLoader@64b8f8f4
21:47:38.386 [main] DEBUG l.s.DefaultPackageScanClassResolver - Loaded the class: class liquibase.database.core.H2Database in classloader: jdk.internal.loader.ClassLoaders$AppClassLoader@64b8f8f4
21:47:38.389 [main] DEBUG l.s.DefaultPackageScanClassResolver - Loaded the class: class liquibase.database.jvm.DerbyConnection in classloader: jdk.internal.loader.ClassLoaders$AppClassLoader@64b8f8f4
21:47:38.389 [main] DEBUG l.s.DefaultPackageScanClassResolver - Loaded the class: interface liquibase.database.core.SQLiteDatabase$AlterTableVisitor in classloader: jdk.internal.loader.ClassLoaders$AppClassLoader@64b8f8f4
21:47:38.390 [main] DEBUG l.s.DefaultPackageScanClassResolver - Loaded the class: class liquibase.database.core.DB2Database in classloader: jdk.internal.loader.ClassLoaders$AppClassLoader@64b8f8f4
21:47:38.390 [main] DEBUG l.s.DefaultPackageScanClassResolver - Loaded the class: interface liquibase.database.LiquibaseExtDriver in classloader: jdk.internal.loader.ClassLoaders$AppClassLoader@64b8f8f4
21:47:38.391 [main] DEBUG l.s.DefaultPackageScanClassResolver - Loaded the class: class liquibase.database.MockDatabaseConnection in classloader: jdk.internal.loader.ClassLoaders$AppClassLoader@64b8f8f4
21:47:38.392 [main] DEBUG l.s.DefaultPackageScanClassResolver - Loaded the class: class liquibase.database.core.MariaDBDatabase in classloader: jdk.internal.loader.ClassLoaders$AppClassLoader@64b8f8f4
21:47:38.392 [main] DEBUG l.s.DefaultPackageScanClassResolver - Loaded the class: class liquibase.database.core.Firebird3Database in classloader: jdk.internal.loader.ClassLoaders$AppClassLoader@64b8f8f4
21:47:38.392 [main] DEBUG l.s.DefaultPackageScanClassResolver - Loaded the class: interface liquibase.database.InternalDatabase in classloader: jdk.internal.loader.ClassLoaders$AppClassLoader@64b8f8f4
21:47:38.393 [main] DEBUG l.s.DefaultPackageScanClassResolver - Loaded the class: class liquibase.database.ConnectionServiceFactory$1 in classloader: jdk.internal.loader.ClassLoaders$AppClassLoader@64b8f8f4
21:47:38.393 [main] DEBUG l.s.DefaultPackageScanClassResolver - Loaded the class: class liquibase.database.jvm.JdbcConnection in classloader: jdk.internal.loader.ClassLoaders$AppClassLoader@64b8f8f4
21:47:38.394 [main] DEBUG l.s.DefaultPackageScanClassResolver - Loaded the class: class liquibase.database.DatabaseList in classloader: jdk.internal.loader.ClassLoaders$AppClassLoader@64b8f8f4
21:47:38.394 [main] DEBUG l.s.DefaultPackageScanClassResolver - Searching for: is assignable to Change in package: liquibase/database
21:47:38.394 [main] DEBUG l.s.DefaultPackageScanClassResolver - Searching for all classes in package: liquibase/parser using classloader: jdk.internal.loader.ClassLoaders$AppClassLoader
21:47:38.394 [main] DEBUG l.s.DefaultPackageScanClassResolver - Getting resource URL for package: liquibase/parser with classloader: jdk.internal.loader.ClassLoaders$AppClassLoader@64b8f8f4
21:47:38.395 [main] DEBUG l.s.DefaultPackageScanClassResolver - URL from classloader: jar:file:/Users/jajecnik.marci/.m2/repository/org/liquibase/liquibase-core/3.10.3/liquibase-core-3.10.3.jar!/liquibase/parser/
21:47:38.395 [main] DEBUG l.s.DefaultPackageScanClassResolver - Decoded urlPath: file:/Users/jajecnik.marci/.m2/repository/org/liquibase/liquibase-core/3.10.3/liquibase-core-3.10.3.jar!/liquibase/parser/ with protocol: jar
21:47:38.395 [main] DEBUG l.s.DefaultPackageScanClassResolver - Loading from jar using file: /Users/jajecnik.marci/.m2/repository/org/liquibase/liquibase-core/3.10.3/liquibase-core-3.10.3.jar
21:47:38.396 [main] DEBUG l.s.DefaultPackageScanClassResolver - Loaded the class: class liquibase.parser.core.yaml.YamlParser in classloader: jdk.internal.loader.ClassLoaders$AppClassLoader@64b8f8f4
21:47:38.396 [main] DEBUG l.s.DefaultPackageScanClassResolver - Loaded the class: interface liquibase.parser.LiquibaseParser in classloader: jdk.internal.loader.ClassLoaders$AppClassLoader@64b8f8f4
21:47:38.397 [main] DEBUG l.s.DefaultPackageScanClassResolver - Loaded the class: class liquibase.parser.core.xml.ContextClassLoaderXsdStreamResolver in classloader: jdk.internal.loader.ClassLoaders$AppClassLoader@64b8f8f4
21:47:38.398 [main] DEBUG l.s.DefaultPackageScanClassResolver - Loaded the class: class liquibase.parser.core.json.JsonChangeLogParser in classloader: jdk.internal.loader.ClassLoaders$AppClassLoader@64b8f8f4
21:47:38.400 [main] DEBUG l.s.DefaultPackageScanClassResolver - Loaded the class: class liquibase.parser.core.formattedsql.FormattedSqlChangeLogParser in classloader: jdk.internal.loader.ClassLoaders$AppClassLoader@64b8f8f4
21:47:38.400 [main] DEBUG l.s.DefaultPackageScanClassResolver - Loaded the class: class liquibase.parser.ChangeLogParserFactory in classloader: jdk.internal.loader.ClassLoaders$AppClassLoader@64b8f8f4
21:47:38.401 [main] DEBUG l.s.DefaultPackageScanClassResolver - Loaded the class: class liquibase.parser.core.xml.AbstractChangeLogParser in classloader: jdk.internal.loader.ClassLoaders$AppClassLoader@64b8f8f4
21:47:38.401 [main] DEBUG l.s.DefaultPackageScanClassResolver - Loaded the class: interface liquibase.parser.ChangeLogParser in classloader: jdk.internal.loader.ClassLoaders$AppClassLoader@64b8f8f4
21:47:38.402 [main] DEBUG l.s.DefaultPackageScanClassResolver - Loaded the class: class liquibase.parser.ChangeLogParserFactory$1 in classloader: jdk.internal.loader.ClassLoaders$AppClassLoader@64b8f8f4
21:47:38.402 [main] DEBUG l.s.DefaultPackageScanClassResolver - Loaded the class: class liquibase.parser.core.xml.XsdStreamResolver in classloader: jdk.internal.loader.ClassLoaders$AppClassLoader@64b8f8f4
21:47:38.402 [main] DEBUG l.s.DefaultPackageScanClassResolver - Loaded the class: class liquibase.parser.core.xml.ClassLoaderXsdStreamResolver in classloader: jdk.internal.loader.ClassLoaders$AppClassLoader@64b8f8f4
21:47:38.403 [main] DEBUG l.s.DefaultPackageScanClassResolver - Loaded the class: class liquibase.parser.core.ParsedNode in classloader: jdk.internal.loader.ClassLoaders$AppClassLoader@64b8f8f4
21:47:38.404 [main] DEBUG l.s.DefaultPackageScanClassResolver - Loaded the class: class liquibase.parser.core.xml.XMLChangeLogSAXParser in classloader: jdk.internal.loader.ClassLoaders$AppClassLoader@64b8f8f4
21:47:38.405 [main] DEBUG l.s.DefaultPackageScanClassResolver - Loaded the class: class liquibase.parser.core.xml.XMLChangeLogSAXHandler in classloader: jdk.internal.loader.ClassLoaders$AppClassLoader@64b8f8f4
21:47:38.406 [main] DEBUG l.s.DefaultPackageScanClassResolver - Loaded the class: class liquibase.parser.core.json.JsonSnapshotParser in classloader: jdk.internal.loader.ClassLoaders$AppClassLoader@64b8f8f4
21:47:38.407 [main] DEBUG l.s.DefaultPackageScanClassResolver - Loaded the class: class liquibase.parser.core.xml.StandardNamespaceDetails in classloader: jdk.internal.loader.ClassLoaders$AppClassLoader@64b8f8f4
21:47:38.407 [main] DEBUG l.s.DefaultPackageScanClassResolver - Loaded the class: interface liquibase.parser.NamespaceDetails in classloader: jdk.internal.loader.ClassLoaders$AppClassLoader@64b8f8f4
21:47:38.408 [main] DEBUG l.s.DefaultPackageScanClassResolver - Loaded the class: class liquibase.parser.NamespaceDetailsFactory$1 in classloader: jdk.internal.loader.ClassLoaders$AppClassLoader@64b8f8f4
21:47:38.408 [main] DEBUG l.s.DefaultPackageScanClassResolver - Loaded the class: class liquibase.parser.core.xml.XMLChangeLogSAXParser$1 in classloader: jdk.internal.loader.ClassLoaders$AppClassLoader@64b8f8f4
21:47:38.409 [main] DEBUG l.s.DefaultPackageScanClassResolver - Loaded the class: class liquibase.parser.core.xml.ResourceAccessorXsdStreamResolver in classloader: jdk.internal.loader.ClassLoaders$AppClassLoader@64b8f8f4
21:47:38.409 [main] DEBUG l.s.DefaultPackageScanClassResolver - Loaded the class: class liquibase.parser.ChangeLogParserCofiguration in classloader: jdk.internal.loader.ClassLoaders$AppClassLoader@64b8f8f4
21:47:38.410 [main] DEBUG l.s.DefaultPackageScanClassResolver - Loaded the class: class liquibase.parser.SnapshotParserFactory in classloader: jdk.internal.loader.ClassLoaders$AppClassLoader@64b8f8f4
21:47:38.410 [main] DEBUG l.s.DefaultPackageScanClassResolver - Loaded the class: class liquibase.parser.NamespaceDetailsFactory$SerializerNamespaceDetailsComparator in classloader: jdk.internal.loader.ClassLoaders$AppClassLoader@64b8f8f4
21:47:38.411 [main] DEBUG l.s.DefaultPackageScanClassResolver - Loaded the class: class liquibase.parser.core.ParsedNodeException in classloader: jdk.internal.loader.ClassLoaders$AppClassLoader@64b8f8f4
21:47:38.411 [main] DEBUG l.s.DefaultPackageScanClassResolver - Loaded the class: class liquibase.parser.core.yaml.YamlChangeLogParser in classloader: jdk.internal.loader.ClassLoaders$AppClassLoader@64b8f8f4
21:47:38.411 [main] DEBUG l.s.DefaultPackageScanClassResolver - Loaded the class: interface liquibase.parser.SnapshotParser in classloader: jdk.internal.loader.ClassLoaders$AppClassLoader@64b8f8f4
21:47:38.411 [main] DEBUG l.s.DefaultPackageScanClassResolver - Loaded the class: class liquibase.parser.core.yaml.YamlSnapshotParser in classloader: jdk.internal.loader.ClassLoaders$AppClassLoader@64b8f8f4
21:47:38.412 [main] DEBUG l.s.DefaultPackageScanClassResolver - Loaded the class: class liquibase.parser.core.sql.SqlChangeLogParser in classloader: jdk.internal.loader.ClassLoaders$AppClassLoader@64b8f8f4
21:47:38.412 [main] DEBUG l.s.DefaultPackageScanClassResolver - Loaded the class: class liquibase.parser.SnapshotParserFactory$1 in classloader: jdk.internal.loader.ClassLoaders$AppClassLoader@64b8f8f4
21:47:38.413 [main] DEBUG l.s.DefaultPackageScanClassResolver - Loaded the class: class liquibase.parser.core.xml.LiquibaseSchemaResolver in classloader: jdk.internal.loader.ClassLoaders$AppClassLoader@64b8f8f4
21:47:38.413 [main] DEBUG l.s.DefaultPackageScanClassResolver - Loaded the class: class liquibase.parser.NamespaceDetailsFactory in classloader: jdk.internal.loader.ClassLoaders$AppClassLoader@64b8f8f4
21:47:38.413 [main] DEBUG l.s.DefaultPackageScanClassResolver - Loaded the class: class liquibase.parser.core.xml.LiquibaseEntityResolver in classloader: jdk.internal.loader.ClassLoaders$AppClassLoader@64b8f8f4
21:47:38.414 [main] DEBUG l.s.DefaultPackageScanClassResolver - Searching for: is assignable to Change in package: liquibase/parser
21:47:38.414 [main] DEBUG l.s.DefaultPackageScanClassResolver - Searching for all classes in package: liquibase/precondition using classloader: jdk.internal.loader.ClassLoaders$AppClassLoader
21:47:38.414 [main] DEBUG l.s.DefaultPackageScanClassResolver - Getting resource URL for package: liquibase/precondition with classloader: jdk.internal.loader.ClassLoaders$AppClassLoader@64b8f8f4
21:47:38.414 [main] DEBUG l.s.DefaultPackageScanClassResolver - URL from classloader: jar:file:/Users/jajecnik.marci/.m2/repository/org/liquibase/liquibase-core/3.10.3/liquibase-core-3.10.3.jar!/liquibase/precondition/
21:47:38.414 [main] DEBUG l.s.DefaultPackageScanClassResolver - Decoded urlPath: file:/Users/jajecnik.marci/.m2/repository/org/liquibase/liquibase-core/3.10.3/liquibase-core-3.10.3.jar!/liquibase/precondition/ with protocol: jar
21:47:38.414 [main] DEBUG l.s.DefaultPackageScanClassResolver - Loading from jar using file: /Users/jajecnik.marci/.m2/repository/org/liquibase/liquibase-core/3.10.3/liquibase-core-3.10.3.jar
21:47:38.415 [main] DEBUG l.s.DefaultPackageScanClassResolver - Loaded the class: class liquibase.precondition.core.OrPrecondition in classloader: jdk.internal.loader.ClassLoaders$AppClassLoader@64b8f8f4
21:47:38.416 [main] DEBUG l.s.DefaultPackageScanClassResolver - Loaded the class: interface liquibase.precondition.Precondition in classloader: jdk.internal.loader.ClassLoaders$AppClassLoader@64b8f8f4
21:47:38.416 [main] DEBUG l.s.DefaultPackageScanClassResolver - Loaded the class: class liquibase.precondition.core.SqlPrecondition in classloader: jdk.internal.loader.ClassLoaders$AppClassLoader@64b8f8f4
21:47:38.417 [main] DEBUG l.s.DefaultPackageScanClassResolver - Loaded the class: class liquibase.precondition.PreconditionFactory in classloader: jdk.internal.loader.ClassLoaders$AppClassLoader@64b8f8f4
21:47:38.417 [main] DEBUG l.s.DefaultPackageScanClassResolver - Loaded the class: class liquibase.precondition.core.DBMSPrecondition in classloader: jdk.internal.loader.ClassLoaders$AppClassLoader@64b8f8f4
21:47:38.418 [main] DEBUG l.s.DefaultPackageScanClassResolver - Loaded the class: class liquibase.precondition.ErrorPrecondition in classloader: jdk.internal.loader.ClassLoaders$AppClassLoader@64b8f8f4
21:47:38.418 [main] DEBUG l.s.DefaultPackageScanClassResolver - Loaded the class: class liquibase.precondition.core.ColumnExistsPrecondition in classloader: jdk.internal.loader.ClassLoaders$AppClassLoader@64b8f8f4
21:47:38.419 [main] DEBUG l.s.DefaultPackageScanClassResolver - Loaded the class: class liquibase.precondition.core.IndexExistsPrecondition in classloader: jdk.internal.loader.ClassLoaders$AppClassLoader@64b8f8f4
21:47:38.419 [main] DEBUG l.s.DefaultPackageScanClassResolver - Loaded the class: class liquibase.precondition.core.SequenceExistsPrecondition in classloader: jdk.internal.loader.ClassLoaders$AppClassLoader@64b8f8f4
21:47:38.427 [main] DEBUG l.s.DefaultPackageScanClassResolver - Loaded the class: class liquibase.precondition.core.PreconditionContainer$OnSqlOutputOption in classloader: jdk.internal.loader.ClassLoaders$AppClassLoader@64b8f8f4
21:47:38.429 [main] DEBUG l.s.DefaultPackageScanClassResolver - Loaded the class: class liquibase.precondition.core.PreconditionContainer$ErrorOption in classloader: jdk.internal.loader.ClassLoaders$AppClassLoader@64b8f8f4
21:47:38.431 [main] DEBUG l.s.DefaultPackageScanClassResolver - Loaded the class: class liquibase.precondition.core.TableExistsPrecondition in classloader: jdk.internal.loader.ClassLoaders$AppClassLoader@64b8f8f4
21:47:38.432 [main] DEBUG l.s.DefaultPackageScanClassResolver - Loaded the class: class liquibase.precondition.core.ViewExistsPrecondition in classloader: jdk.internal.loader.ClassLoaders$AppClassLoader@64b8f8f4
21:47:38.433 [main] DEBUG l.s.DefaultPackageScanClassResolver - Loaded the class: class liquibase.precondition.core.ForeignKeyExistsPrecondition in classloader: jdk.internal.loader.ClassLoaders$AppClassLoader@64b8f8f4
21:47:38.433 [main] DEBUG l.s.DefaultPackageScanClassResolver - Loaded the class: class liquibase.precondition.core.ObjectQuotingStrategyPrecondition in classloader: jdk.internal.loader.ClassLoaders$AppClassLoader@64b8f8f4
21:47:38.434 [main] DEBUG l.s.DefaultPackageScanClassResolver - Loaded the class: class liquibase.precondition.CustomPreconditionWrapper in classloader: jdk.internal.loader.ClassLoaders$AppClassLoader@64b8f8f4
21:47:38.438 [main] DEBUG l.s.DefaultPackageScanClassResolver - Loaded the class: class liquibase.precondition.core.TableIsEmptyPrecondition in classloader: jdk.internal.loader.ClassLoaders$AppClassLoader@64b8f8f4
21:47:38.439 [main] DEBUG l.s.DefaultPackageScanClassResolver - Loaded the class: class liquibase.precondition.core.NotPrecondition in classloader: jdk.internal.loader.ClassLoaders$AppClassLoader@64b8f8f4
21:47:38.439 [main] DEBUG l.s.DefaultPackageScanClassResolver - Loaded the class: interface liquibase.precondition.Conditional in classloader: jdk.internal.loader.ClassLoaders$AppClassLoader@64b8f8f4
21:47:38.439 [main] DEBUG l.s.DefaultPackageScanClassResolver - Loaded the class: class liquibase.precondition.FailedPrecondition in classloader: jdk.internal.loader.ClassLoaders$AppClassLoader@64b8f8f4
21:47:38.440 [main] DEBUG l.s.DefaultPackageScanClassResolver - Loaded the class: interface liquibase.precondition.CustomPrecondition in classloader: jdk.internal.loader.ClassLoaders$AppClassLoader@64b8f8f4
21:47:38.440 [main] DEBUG l.s.DefaultPackageScanClassResolver - Loaded the class: class liquibase.precondition.AbstractPrecondition in classloader: jdk.internal.loader.ClassLoaders$AppClassLoader@64b8f8f4
21:47:38.440 [main] DEBUG l.s.DefaultPackageScanClassResolver - Loaded the class: class liquibase.precondition.core.RunningAsPrecondition in classloader: jdk.internal.loader.ClassLoaders$AppClassLoader@64b8f8f4
21:47:38.441 [main] DEBUG l.s.DefaultPackageScanClassResolver - Loaded the class: class liquibase.precondition.PreconditionLogic in classloader: jdk.internal.loader.ClassLoaders$AppClassLoader@64b8f8f4
21:47:38.441 [main] DEBUG l.s.DefaultPackageScanClassResolver - Loaded the class: class liquibase.precondition.core.PreconditionContainer$FailOption in classloader: jdk.internal.loader.ClassLoaders$AppClassLoader@64b8f8f4
21:47:38.442 [main] DEBUG l.s.DefaultPackageScanClassResolver - Loaded the class: class liquibase.precondition.core.PrimaryKeyExistsPrecondition in classloader: jdk.internal.loader.ClassLoaders$AppClassLoader@64b8f8f4
21:47:38.443 [main] DEBUG l.s.DefaultPackageScanClassResolver - Loaded the class: class liquibase.precondition.core.PreconditionContainer in classloader: jdk.internal.loader.ClassLoaders$AppClassLoader@64b8f8f4
21:47:38.443 [main] DEBUG l.s.DefaultPackageScanClassResolver - Loaded the class: class liquibase.precondition.core.AndPrecondition in classloader: jdk.internal.loader.ClassLoaders$AppClassLoader@64b8f8f4
21:47:38.443 [main] DEBUG l.s.DefaultPackageScanClassResolver - Loaded the class: class liquibase.precondition.core.RowCountPrecondition in classloader: jdk.internal.loader.ClassLoaders$AppClassLoader@64b8f8f4
21:47:38.444 [main] DEBUG l.s.DefaultPackageScanClassResolver - Loaded the class: class liquibase.precondition.core.ChangeLogPropertyDefinedPrecondition in classloader: jdk.internal.loader.ClassLoaders$AppClassLoader@64b8f8f4
21:47:38.444 [main] DEBUG l.s.DefaultPackageScanClassResolver - Loaded the class: class liquibase.precondition.core.ChangeSetExecutedPrecondition in classloader: jdk.internal.loader.ClassLoaders$AppClassLoader@64b8f8f4
21:47:38.444 [main] DEBUG l.s.DefaultPackageScanClassResolver - Searching for: is assignable to Change in package: liquibase/precondition
21:47:38.444 [main] DEBUG l.s.DefaultPackageScanClassResolver - Searching for all classes in package: liquibase/datatype using classloader: jdk.internal.loader.ClassLoaders$AppClassLoader
21:47:38.445 [main] DEBUG l.s.DefaultPackageScanClassResolver - Getting resource URL for package: liquibase/datatype with classloader: jdk.internal.loader.ClassLoaders$AppClassLoader@64b8f8f4
21:47:38.445 [main] DEBUG l.s.DefaultPackageScanClassResolver - URL from classloader: jar:file:/Users/jajecnik.marci/.m2/repository/org/liquibase/liquibase-core/3.10.3/liquibase-core-3.10.3.jar!/liquibase/datatype/
21:47:38.445 [main] DEBUG l.s.DefaultPackageScanClassResolver - Decoded urlPath: file:/Users/jajecnik.marci/.m2/repository/org/liquibase/liquibase-core/3.10.3/liquibase-core-3.10.3.jar!/liquibase/datatype/ with protocol: jar
21:47:38.445 [main] DEBUG l.s.DefaultPackageScanClassResolver - Loading from jar using file: /Users/jajecnik.marci/.m2/repository/org/liquibase/liquibase-core/3.10.3/liquibase-core-3.10.3.jar
21:47:38.447 [main] DEBUG l.s.DefaultPackageScanClassResolver - Loaded the class: class liquibase.datatype.core.TimestampType in classloader: jdk.internal.loader.ClassLoaders$AppClassLoader@64b8f8f4
21:47:38.448 [main] DEBUG l.s.DefaultPackageScanClassResolver - Loaded the class: class liquibase.datatype.core.BlobType in classloader: jdk.internal.loader.ClassLoaders$AppClassLoader@64b8f8f4
21:47:38.449 [main] DEBUG l.s.DefaultPackageScanClassResolver - Loaded the class: class liquibase.datatype.core.NVarcharType in classloader: jdk.internal.loader.ClassLoaders$AppClassLoader@64b8f8f4
21:47:38.449 [main] DEBUG l.s.DefaultPackageScanClassResolver - Loaded the class: class liquibase.datatype.core.SmallIntType in classloader: jdk.internal.loader.ClassLoaders$AppClassLoader@64b8f8f4
21:47:38.449 [main] DEBUG l.s.DefaultPackageScanClassResolver - Loaded the class: class liquibase.datatype.core.UnknownType in classloader: jdk.internal.loader.ClassLoaders$AppClassLoader@64b8f8f4
21:47:38.450 [main] DEBUG l.s.DefaultPackageScanClassResolver - Loaded the class: class liquibase.datatype.core.TimeType in classloader: jdk.internal.loader.ClassLoaders$AppClassLoader@64b8f8f4
21:47:38.451 [main] DEBUG l.s.DefaultPackageScanClassResolver - Loaded the class: interface liquibase.datatype.DataTypeInfo in classloader: jdk.internal.loader.ClassLoaders$AppClassLoader@64b8f8f4
21:47:38.451 [main] DEBUG l.s.DefaultPackageScanClassResolver - Loaded the class: class liquibase.datatype.DataTypeFactory$1 in classloader: jdk.internal.loader.ClassLoaders$AppClassLoader@64b8f8f4
21:47:38.452 [main] DEBUG l.s.DefaultPackageScanClassResolver - Loaded the class: class liquibase.datatype.core.VarcharType in classloader: jdk.internal.loader.ClassLoaders$AppClassLoader@64b8f8f4
21:47:38.452 [main] DEBUG l.s.DefaultPackageScanClassResolver - Loaded the class: class liquibase.datatype.core.BooleanType in classloader: jdk.internal.loader.ClassLoaders$AppClassLoader@64b8f8f4
21:47:38.453 [main] DEBUG l.s.DefaultPackageScanClassResolver - Loaded the class: class liquibase.datatype.core.XMLType in classloader: jdk.internal.loader.ClassLoaders$AppClassLoader@64b8f8f4
21:47:38.454 [main] DEBUG l.s.DefaultPackageScanClassResolver - Loaded the class: class liquibase.datatype.core.MediumIntType in classloader: jdk.internal.loader.ClassLoaders$AppClassLoader@64b8f8f4
21:47:38.454 [main] DEBUG l.s.DefaultPackageScanClassResolver - Loaded the class: class liquibase.datatype.core.DateType in classloader: jdk.internal.loader.ClassLoaders$AppClassLoader@64b8f8f4
21:47:38.454 [main] DEBUG l.s.DefaultPackageScanClassResolver - Loaded the class: class liquibase.datatype.core.DateTimeType in classloader: jdk.internal.loader.ClassLoaders$AppClassLoader@64b8f8f4
21:47:38.455 [main] DEBUG l.s.DefaultPackageScanClassResolver - Loaded the class: class liquibase.datatype.core.NumberType in classloader: jdk.internal.loader.ClassLoaders$AppClassLoader@64b8f8f4
21:47:38.455 [main] DEBUG l.s.DefaultPackageScanClassResolver - Loaded the class: class liquibase.datatype.core.DoubleType in classloader: jdk.internal.loader.ClassLoaders$AppClassLoader@64b8f8f4
21:47:38.456 [main] DEBUG l.s.DefaultPackageScanClassResolver - Loaded the class: class liquibase.datatype.core.ClobType in classloader: jdk.internal.loader.ClassLoaders$AppClassLoader@64b8f8f4
21:47:38.457 [main] DEBUG l.s.DefaultPackageScanClassResolver - Loaded the class: class liquibase.datatype.core.FloatType in classloader: jdk.internal.loader.ClassLoaders$AppClassLoader@64b8f8f4
21:47:38.457 [main] DEBUG l.s.DefaultPackageScanClassResolver - Loaded the class: class liquibase.datatype.core.CharType in classloader: jdk.internal.loader.ClassLoaders$AppClassLoader@64b8f8f4
21:47:38.457 [main] DEBUG l.s.DefaultPackageScanClassResolver - Loaded the class: class liquibase.datatype.core.DatabaseFunctionType in classloader: jdk.internal.loader.ClassLoaders$AppClassLoader@64b8f8f4
21:47:38.457 [main] DEBUG l.s.DefaultPackageScanClassResolver - Loaded the class: class liquibase.datatype.LiquibaseDataType in classloader: jdk.internal.loader.ClassLoaders$AppClassLoader@64b8f8f4
21:47:38.458 [main] DEBUG l.s.DefaultPackageScanClassResolver - Loaded the class: class liquibase.datatype.core.UUIDType in classloader: jdk.internal.loader.ClassLoaders$AppClassLoader@64b8f8f4
21:47:38.459 [main] DEBUG l.s.DefaultPackageScanClassResolver - Loaded the class: class liquibase.datatype.DatabaseDataType in classloader: jdk.internal.loader.ClassLoaders$AppClassLoader@64b8f8f4
21:47:38.459 [main] DEBUG l.s.DefaultPackageScanClassResolver - Loaded the class: class liquibase.datatype.core.DecimalType in classloader: jdk.internal.loader.ClassLoaders$AppClassLoader@64b8f8f4
21:47:38.459 [main] DEBUG l.s.DefaultPackageScanClassResolver - Loaded the class: class liquibase.datatype.core.TinyIntType in classloader: jdk.internal.loader.ClassLoaders$AppClassLoader@64b8f8f4
21:47:38.460 [main] DEBUG l.s.DefaultPackageScanClassResolver - Loaded the class: class liquibase.datatype.DataTypeFactory in classloader: jdk.internal.loader.ClassLoaders$AppClassLoader@64b8f8f4
21:47:38.461 [main] DEBUG l.s.DefaultPackageScanClassResolver - Loaded the class: class liquibase.datatype.core.NCharType in classloader: jdk.internal.loader.ClassLoaders$AppClassLoader@64b8f8f4
21:47:38.461 [main] DEBUG l.s.DefaultPackageScanClassResolver - Loaded the class: class liquibase.datatype.core.IntType in classloader: jdk.internal.loader.ClassLoaders$AppClassLoader@64b8f8f4
21:47:38.461 [main] DEBUG l.s.DefaultPackageScanClassResolver - Loaded the class: class liquibase.datatype.core.CurrencyType in classloader: jdk.internal.loader.ClassLoaders$AppClassLoader@64b8f8f4
21:47:38.462 [main] DEBUG l.s.DefaultPackageScanClassResolver - Loaded the class: class liquibase.datatype.core.BigIntType in classloader: jdk.internal.loader.ClassLoaders$AppClassLoader@64b8f8f4
21:47:38.462 [main] DEBUG l.s.DefaultPackageScanClassResolver - Searching for: is assignable to Change in package: liquibase/datatype
21:47:38.462 [main] DEBUG l.s.DefaultPackageScanClassResolver - Searching for all classes in package: liquibase/serializer using classloader: jdk.internal.loader.ClassLoaders$AppClassLoader
21:47:38.462 [main] DEBUG l.s.DefaultPackageScanClassResolver - Getting resource URL for package: liquibase/serializer with classloader: jdk.internal.loader.ClassLoaders$AppClassLoader@64b8f8f4
21:47:38.463 [main] DEBUG l.s.DefaultPackageScanClassResolver - URL from classloader: jar:file:/Users/jajecnik.marci/.m2/repository/org/liquibase/liquibase-core/3.10.3/liquibase-core-3.10.3.jar!/liquibase/serializer/
21:47:38.463 [main] DEBUG l.s.DefaultPackageScanClassResolver - Decoded urlPath: file:/Users/jajecnik.marci/.m2/repository/org/liquibase/liquibase-core/3.10.3/liquibase-core-3.10.3.jar!/liquibase/serializer/ with protocol: jar
21:47:38.463 [main] DEBUG l.s.DefaultPackageScanClassResolver - Loading from jar using file: /Users/jajecnik.marci/.m2/repository/org/liquibase/liquibase-core/3.10.3/liquibase-core-3.10.3.jar
21:47:38.463 [main] DEBUG l.s.DefaultPackageScanClassResolver - Loaded the class: interface liquibase.serializer.LiquibaseSerializer in classloader: jdk.internal.loader.ClassLoaders$AppClassLoader@64b8f8f4
21:47:38.464 [main] DEBUG l.s.DefaultPackageScanClassResolver - Loaded the class: class liquibase.serializer.core.formattedsql.FormattedSqlChangeLogSerializer in classloader: jdk.internal.loader.ClassLoaders$AppClassLoader@64b8f8f4
21:47:38.467 [main] DEBUG l.s.DefaultPackageScanClassResolver - Loaded the class: class liquibase.serializer.core.yaml.YamlSnapshotSerializer$SnapshotLiquibaseRepresenter in classloader: jdk.internal.loader.ClassLoaders$AppClassLoader@64b8f8f4
21:47:38.467 [main] DEBUG l.s.DefaultPackageScanClassResolver - Loaded the class: interface liquibase.serializer.SnapshotSerializer in classloader: jdk.internal.loader.ClassLoaders$AppClassLoader@64b8f8f4
21:47:38.468 [main] DEBUG l.s.DefaultPackageScanClassResolver - Loaded the class: class liquibase.serializer.core.yaml.YamlChangeLogSerializer in classloader: jdk.internal.loader.ClassLoaders$AppClassLoader@64b8f8f4
21:47:38.469 [main] DEBUG l.s.DefaultPackageScanClassResolver - Loaded the class: class liquibase.serializer.LiquibaseSerializable$SerializationType in classloader: jdk.internal.loader.ClassLoaders$AppClassLoader@64b8f8f4
21:47:38.469 [main] DEBUG l.s.DefaultPackageScanClassResolver - Loaded the class: class liquibase.serializer.core.yaml.YamlSerializer$1 in classloader: jdk.internal.loader.ClassLoaders$AppClassLoader@64b8f8f4
21:47:38.471 [main] DEBUG l.s.DefaultPackageScanClassResolver - Loaded the class: class liquibase.serializer.core.xml.XMLChangeLogSerializer in classloader: jdk.internal.loader.ClassLoaders$AppClassLoader@64b8f8f4
21:47:38.471 [main] DEBUG l.s.DefaultPackageScanClassResolver - Loaded the class: class liquibase.serializer.core.yaml.YamlSerializer in classloader: jdk.internal.loader.ClassLoaders$AppClassLoader@64b8f8f4
21:47:38.471 [main] DEBUG l.s.DefaultPackageScanClassResolver - Loaded the class: class liquibase.serializer.core.string.StringSnapshotSerializerReadable$4 in classloader: jdk.internal.loader.ClassLoaders$AppClassLoader@64b8f8f4
21:47:38.472 [main] DEBUG l.s.DefaultPackageScanClassResolver - Loaded the class: class liquibase.serializer.core.string.StringSnapshotSerializerReadable$2 in classloader: jdk.internal.loader.ClassLoaders$AppClassLoader@64b8f8f4
21:47:38.473 [main] DEBUG l.s.DefaultPackageScanClassResolver - Loaded the class: class liquibase.serializer.core.json.JsonSnapshotSerializer in classloader: jdk.internal.loader.ClassLoaders$AppClassLoader@64b8f8f4
21:47:38.473 [main] DEBUG l.s.DefaultPackageScanClassResolver - Loaded the class: class liquibase.serializer.core.yaml.YamlSnapshotSerializer$SnapshotLiquibaseRepresenter$TypeStoringAsStringRepresenter in classloader: jdk.internal.loader.ClassLoaders$AppClassLoader@64b8f8f4
21:47:38.474 [main] DEBUG l.s.DefaultPackageScanClassResolver - Loaded the class: class liquibase.serializer.SnapshotSerializerFactory in classloader: jdk.internal.loader.ClassLoaders$AppClassLoader@64b8f8f4
21:47:38.475 [main] DEBUG l.s.DefaultPackageScanClassResolver - Loaded the class: class liquibase.serializer.core.yaml.YamlSerializer$LiquibaseRepresenter$LiquibaseProperty in classloader: jdk.internal.loader.ClassLoaders$AppClassLoader@64b8f8f4
21:47:38.475 [main] DEBUG l.s.DefaultPackageScanClassResolver - Loaded the class: class liquibase.serializer.core.json.JsonChangeLogSerializer in classloader: jdk.internal.loader.ClassLoaders$AppClassLoader@64b8f8f4
21:47:38.476 [main] DEBUG l.s.DefaultPackageScanClassResolver - Loaded the class: class liquibase.serializer.core.string.StringChangeLogSerializer in classloader: jdk.internal.loader.ClassLoaders$AppClassLoader@64b8f8f4
21:47:38.477 [main] DEBUG l.s.DefaultPackageScanClassResolver - Loaded the class: class liquibase.serializer.core.string.StringSnapshotSerializer$1 in classloader: jdk.internal.loader.ClassLoaders$AppClassLoader@64b8f8f4
21:47:38.477 [main] DEBUG l.s.DefaultPackageScanClassResolver - Loaded the class: class liquibase.serializer.core.string.StringSnapshotSerializerReadable in classloader: jdk.internal.loader.ClassLoaders$AppClassLoader@64b8f8f4
21:47:38.478 [main] DEBUG l.s.DefaultPackageScanClassResolver - Loaded the class: class liquibase.serializer.core.yaml.YamlSerializer$LiquibaseRepresenter in classloader: jdk.internal.loader.ClassLoaders$AppClassLoader@64b8f8f4
21:47:38.478 [main] DEBUG l.s.DefaultPackageScanClassResolver - Loaded the class: class liquibase.serializer.core.string.StringSnapshotSerializer in classloader: jdk.internal.loader.ClassLoaders$AppClassLoader@64b8f8f4
21:47:38.479 [main] DEBUG l.s.DefaultPackageScanClassResolver - Loaded the class: class liquibase.serializer.core.yaml.YamlSnapshotSerializer$1 in classloader: jdk.internal.loader.ClassLoaders$AppClassLoader@64b8f8f4
21:47:38.479 [main] DEBUG l.s.DefaultPackageScanClassResolver - Loaded the class: class liquibase.serializer.core.string.StringSnapshotSerializerReadable$3 in classloader: jdk.internal.loader.ClassLoaders$AppClassLoader@64b8f8f4
21:47:38.479 [main] DEBUG l.s.DefaultPackageScanClassResolver - Loaded the class: class liquibase.serializer.core.yaml.YamlSerializer$LiquibaseRepresenter$AsStringRepresenter in classloader: jdk.internal.loader.ClassLoaders$AppClassLoader@64b8f8f4
21:47:38.479 [main] DEBUG l.s.DefaultPackageScanClassResolver - Loaded the class: class liquibase.serializer.core.yaml.YamlSnapshotSerializer in classloader: jdk.internal.loader.ClassLoaders$AppClassLoader@64b8f8f4
21:47:38.480 [main] DEBUG l.s.DefaultPackageScanClassResolver - Loaded the class: interface liquibase.serializer.ChangeLogSerializer in classloader: jdk.internal.loader.ClassLoaders$AppClassLoader@64b8f8f4
21:47:38.480 [main] DEBUG l.s.DefaultPackageScanClassResolver - Loaded the class: class liquibase.serializer.core.string.StringSnapshotSerializerReadable$1 in classloader: jdk.internal.loader.ClassLoaders$AppClassLoader@64b8f8f4
21:47:38.480 [main] DEBUG l.s.DefaultPackageScanClassResolver - Loaded the class: class liquibase.serializer.core.string.StringChangeLogSerializer$FieldFilter in classloader: jdk.internal.loader.ClassLoaders$AppClassLoader@64b8f8f4
21:47:38.481 [main] DEBUG l.s.DefaultPackageScanClassResolver - Loaded the class: class liquibase.serializer.ChangeLogSerializerFactory in classloader: jdk.internal.loader.ClassLoaders$AppClassLoader@64b8f8f4
21:47:38.481 [main] DEBUG l.s.DefaultPackageScanClassResolver - Loaded the class: class liquibase.serializer.AbstractLiquibaseSerializable in classloader: jdk.internal.loader.ClassLoaders$AppClassLoader@64b8f8f4
21:47:38.482 [main] DEBUG l.s.DefaultPackageScanClassResolver - Loaded the class: class liquibase.serializer.ReflectionSerializer in classloader: jdk.internal.loader.ClassLoaders$AppClassLoader@64b8f8f4
21:47:38.482 [main] DEBUG l.s.DefaultPackageScanClassResolver - Loaded the class: interface liquibase.serializer.LiquibaseSerializable in classloader: jdk.internal.loader.ClassLoaders$AppClassLoader@64b8f8f4
21:47:38.482 [main] DEBUG l.s.DefaultPackageScanClassResolver - Loaded the class: class liquibase.serializer.core.yaml.YamlChangeLogSerializer$ChangeSetComparator in classloader: jdk.internal.loader.ClassLoaders$AppClassLoader@64b8f8f4
21:47:38.483 [main] DEBUG l.s.DefaultPackageScanClassResolver - Loaded the class: class liquibase.serializer.core.yaml.YamlChangeLogSerializer$1 in classloader: jdk.internal.loader.ClassLoaders$AppClassLoader@64b8f8f4
21:47:38.484 [main] DEBUG l.s.DefaultPackageScanClassResolver - Loaded the class: class liquibase.serializer.core.yaml.YamlSerializer$LiquibaseResolver in classloader: jdk.internal.loader.ClassLoaders$AppClassLoader@64b8f8f4
21:47:38.484 [main] DEBUG l.s.DefaultPackageScanClassResolver - Searching for: is assignable to Change in package: liquibase/serializer
21:47:38.484 [main] DEBUG l.s.DefaultPackageScanClassResolver - Searching for all classes in package: liquibase/sqlgenerator using classloader: jdk.internal.loader.ClassLoaders$AppClassLoader
21:47:38.484 [main] DEBUG l.s.DefaultPackageScanClassResolver - Getting resource URL for package: liquibase/sqlgenerator with classloader: jdk.internal.loader.ClassLoaders$AppClassLoader@64b8f8f4
21:47:38.484 [main] DEBUG l.s.DefaultPackageScanClassResolver - URL from classloader: jar:file:/Users/jajecnik.marci/.m2/repository/org/liquibase/liquibase-core/3.10.3/liquibase-core-3.10.3.jar!/liquibase/sqlgenerator/
21:47:38.484 [main] DEBUG l.s.DefaultPackageScanClassResolver - Decoded urlPath: file:/Users/jajecnik.marci/.m2/repository/org/liquibase/liquibase-core/3.10.3/liquibase-core-3.10.3.jar!/liquibase/sqlgenerator/ with protocol: jar
21:47:38.485 [main] DEBUG l.s.DefaultPackageScanClassResolver - Loading from jar using file: /Users/jajecnik.marci/.m2/repository/org/liquibase/liquibase-core/3.10.3/liquibase-core-3.10.3.jar
21:47:38.486 [main] DEBUG l.s.DefaultPackageScanClassResolver - Loaded the class: class liquibase.sqlgenerator.core.InsertOrUpdateGeneratorSybaseASA in classloader: jdk.internal.loader.ClassLoaders$AppClassLoader@64b8f8f4
21:47:38.486 [main] DEBUG l.s.DefaultPackageScanClassResolver - Loaded the class: class liquibase.sqlgenerator.core.GetViewDefinitionGenerator in classloader: jdk.internal.loader.ClassLoaders$AppClassLoader@64b8f8f4
21:47:38.487 [main] DEBUG l.s.DefaultPackageScanClassResolver - Loaded the class: class liquibase.sqlgenerator.core.InsertOrUpdateGenerator in classloader: jdk.internal.loader.ClassLoaders$AppClassLoader@64b8f8f4
21:47:38.487 [main] DEBUG l.s.DefaultPackageScanClassResolver - Loaded the class: class liquibase.sqlgenerator.core.GetViewDefinitionGeneratorDB2 in classloader: jdk.internal.loader.ClassLoaders$AppClassLoader@64b8f8f4
21:47:38.487 [main] DEBUG l.s.DefaultPackageScanClassResolver - Loaded the class: class liquibase.sqlgenerator.core.ClearDatabaseChangeLogTableGenerator in classloader: jdk.internal.loader.ClassLoaders$AppClassLoader@64b8f8f4
21:47:38.488 [main] DEBUG l.s.DefaultPackageScanClassResolver - Loaded the class: class liquibase.sqlgenerator.core.CreateDatabaseChangeLogTableGenerator in classloader: jdk.internal.loader.ClassLoaders$AppClassLoader@64b8f8f4
21:47:38.489 [main] DEBUG l.s.DefaultPackageScanClassResolver - Loaded the class: class liquibase.sqlgenerator.core.AddDefaultValueGeneratorPostgres in classloader: jdk.internal.loader.ClassLoaders$AppClassLoader@64b8f8f4
21:47:38.489 [main] DEBUG l.s.DefaultPackageScanClassResolver - Loaded the class: class liquibase.sqlgenerator.core.RenameViewGenerator in classloader: jdk.internal.loader.ClassLoaders$AppClassLoader@64b8f8f4
21:47:38.491 [main] DEBUG l.s.DefaultPackageScanClassResolver - Loaded the class: class liquibase.sqlgenerator.core.CreateIndexGeneratorPostgres in classloader: jdk.internal.loader.ClassLoaders$AppClassLoader@64b8f8f4
21:47:38.491 [main] DEBUG l.s.DefaultPackageScanClassResolver - Loaded the class: class liquibase.sqlgenerator.SqlGeneratorComparator in classloader: jdk.internal.loader.ClassLoaders$AppClassLoader@64b8f8f4
21:47:38.492 [main] DEBUG l.s.DefaultPackageScanClassResolver - Loaded the class: class liquibase.sqlgenerator.core.AddAutoIncrementGeneratorSQLite in classloader: jdk.internal.loader.ClassLoaders$AppClassLoader@64b8f8f4
21:47:38.492 [main] DEBUG l.s.DefaultPackageScanClassResolver - Loaded the class: class liquibase.sqlgenerator.core.CopyRowsGenerator in classloader: jdk.internal.loader.ClassLoaders$AppClassLoader@64b8f8f4
21:47:38.493 [main] DEBUG l.s.DefaultPackageScanClassResolver - Loaded the class: class liquibase.sqlgenerator.core.TagDatabaseGenerator in classloader: jdk.internal.loader.ClassLoaders$AppClassLoader@64b8f8f4
21:47:38.493 [main] DEBUG l.s.DefaultPackageScanClassResolver - Loaded the class: class liquibase.sqlgenerator.core.UpdateGenerator in classloader: jdk.internal.loader.ClassLoaders$AppClassLoader@64b8f8f4
21:47:38.493 [main] DEBUG l.s.DefaultPackageScanClassResolver - Loaded the class: class liquibase.sqlgenerator.core.SelectFromDatabaseChangeLogGenerator in classloader: jdk.internal.loader.ClassLoaders$AppClassLoader@64b8f8f4
21:47:38.494 [main] DEBUG l.s.DefaultPackageScanClassResolver - Loaded the class: class liquibase.sqlgenerator.core.RenameTableGenerator in classloader: jdk.internal.loader.ClassLoaders$AppClassLoader@64b8f8f4
21:47:38.494 [main] DEBUG l.s.DefaultPackageScanClassResolver - Loaded the class: class liquibase.sqlgenerator.core.InsertOrUpdateGeneratorOracle in classloader: jdk.internal.loader.ClassLoaders$AppClassLoader@64b8f8f4
21:47:38.494 [main] DEBUG l.s.DefaultPackageScanClassResolver - Loaded the class: class liquibase.sqlgenerator.core.CreateIndexGeneratorFirebird$1 in classloader: jdk.internal.loader.ClassLoaders$AppClassLoader@64b8f8f4
21:47:38.495 [main] DEBUG l.s.DefaultPackageScanClassResolver - Loaded the class: class liquibase.sqlgenerator.core.RemoveChangeSetRanStatusGenerator in classloader: jdk.internal.loader.ClassLoaders$AppClassLoader@64b8f8f4
21:47:38.495 [main] DEBUG l.s.DefaultPackageScanClassResolver - Loaded the class: class liquibase.sqlgenerator.core.DropTableGenerator in classloader: jdk.internal.loader.ClassLoaders$AppClassLoader@64b8f8f4
21:47:38.496 [main] DEBUG l.s.DefaultPackageScanClassResolver - Loaded the class: class liquibase.sqlgenerator.core.CreateTableGeneratorInformix in classloader: jdk.internal.loader.ClassLoaders$AppClassLoader@64b8f8f4
21:47:38.497 [main] DEBUG l.s.DefaultPackageScanClassResolver - Loaded the class: class liquibase.sqlgenerator.core.GetViewDefinitionGeneratorMSSQL in classloader: jdk.internal.loader.ClassLoaders$AppClassLoader@64b8f8f4
21:47:38.497 [main] DEBUG l.s.DefaultPackageScanClassResolver - Loaded the class: class liquibase.sqlgenerator.core.AddPrimaryKeyGeneratorInformix in classloader: jdk.internal.loader.ClassLoaders$AppClassLoader@64b8f8f4
21:47:38.498 [main] DEBUG l.s.DefaultPackageScanClassResolver - Loaded the class: class liquibase.sqlgenerator.core.DropViewGenerator in classloader: jdk.internal.loader.ClassLoaders$AppClassLoader@64b8f8f4
21:47:38.498 [main] DEBUG l.s.DefaultPackageScanClassResolver - Loaded the class: class liquibase.sqlgenerator.core.CreateIndexGenerator in classloader: jdk.internal.loader.ClassLoaders$AppClassLoader@64b8f8f4
21:47:38.498 [main] DEBUG l.s.DefaultPackageScanClassResolver - Loaded the class: class liquibase.sqlgenerator.core.CreateDatabaseChangeLogLockTableGenerator in classloader: jdk.internal.loader.ClassLoaders$AppClassLoader@64b8f8f4
21:47:38.498 [main] DEBUG l.s.DefaultPackageScanClassResolver - Loaded the class: class liquibase.sqlgenerator.core.AddDefaultValueGeneratorDerby in classloader: jdk.internal.loader.ClassLoaders$AppClassLoader@64b8f8f4
21:47:38.499 [main] DEBUG l.s.DefaultPackageScanClassResolver - Loaded the class: class liquibase.sqlgenerator.core.AddUniqueConstraintGeneratorTDS in classloader: jdk.internal.loader.ClassLoaders$AppClassLoader@64b8f8f4
21:47:38.500 [main] DEBUG l.s.DefaultPackageScanClassResolver - Loaded the class: class liquibase.sqlgenerator.core.SelectFromDatabaseChangeLogGenerator$1 in classloader: jdk.internal.loader.ClassLoaders$AppClassLoader@64b8f8f4
21:47:38.500 [main] DEBUG l.s.DefaultPackageScanClassResolver - Loaded the class: class liquibase.sqlgenerator.core.ReindexGeneratorSQLite in classloader: jdk.internal.loader.ClassLoaders$AppClassLoader@64b8f8f4
21:47:38.500 [main] DEBUG l.s.DefaultPackageScanClassResolver - Loaded the class: class liquibase.sqlgenerator.core.CreateProcedureGenerator in classloader: jdk.internal.loader.ClassLoaders$AppClassLoader@64b8f8f4
21:47:38.501 [main] DEBUG l.s.DefaultPackageScanClassResolver - Loaded the class: class liquibase.sqlgenerator.core.AlterSequenceGenerator in classloader: jdk.internal.loader.ClassLoaders$AppClassLoader@64b8f8f4
21:47:38.502 [main] DEBUG l.s.DefaultPackageScanClassResolver - Loaded the class: class liquibase.sqlgenerator.core.GetViewDefinitionGeneratorFirebird in classloader: jdk.internal.loader.ClassLoaders$AppClassLoader@64b8f8f4
21:47:38.503 [main] DEBUG l.s.DefaultPackageScanClassResolver - Loaded the class: class liquibase.sqlgenerator.core.CreateSequenceGenerator in classloader: jdk.internal.loader.ClassLoaders$AppClassLoader@64b8f8f4
21:47:38.503 [main] DEBUG l.s.DefaultPackageScanClassResolver - Loaded the class: class liquibase.sqlgenerator.core.AddPrimaryKeyGenerator in classloader: jdk.internal.loader.ClassLoaders$AppClassLoader@64b8f8f4
21:47:38.503 [main] DEBUG l.s.DefaultPackageScanClassResolver - Loaded the class: class liquibase.sqlgenerator.core.CreateIndexGeneratorFirebird$ColumnAnalysisResult in classloader: jdk.internal.loader.ClassLoaders$AppClassLoader@64b8f8f4
21:47:38.504 [main] DEBUG l.s.DefaultPackageScanClassResolver - Loaded the class: class liquibase.sqlgenerator.core.ReorganizeTableGeneratorDB2 in classloader: jdk.internal.loader.ClassLoaders$AppClassLoader@64b8f8f4
21:47:38.504 [main] DEBUG l.s.DefaultPackageScanClassResolver - Loaded the class: class liquibase.sqlgenerator.core.InsertOrUpdateGeneratorMySQL in classloader: jdk.internal.loader.ClassLoaders$AppClassLoader@64b8f8f4
21:47:38.504 [main] DEBUG l.s.DefaultPackageScanClassResolver - Loaded the class: class liquibase.sqlgenerator.core.UpdateDataChangeGenerator in classloader: jdk.internal.loader.ClassLoaders$AppClassLoader@64b8f8f4
21:47:38.505 [main] DEBUG l.s.DefaultPackageScanClassResolver - Loaded the class: class liquibase.sqlgenerator.core.UnlockDatabaseChangeLogGenerator in classloader: jdk.internal.loader.ClassLoaders$AppClassLoader@64b8f8f4
21:47:38.506 [main] DEBUG l.s.DefaultPackageScanClassResolver - Loaded the class: class liquibase.sqlgenerator.core.AddUniqueConstraintGeneratorInformix in classloader: jdk.internal.loader.ClassLoaders$AppClassLoader@64b8f8f4
21:47:38.506 [main] DEBUG l.s.DefaultPackageScanClassResolver - Loaded the class: class liquibase.sqlgenerator.core.AddUniqueConstraintGenerator in classloader: jdk.internal.loader.ClassLoaders$AppClassLoader@64b8f8f4
21:47:38.506 [main] DEBUG l.s.DefaultPackageScanClassResolver - Loaded the class: class liquibase.sqlgenerator.core.InsertDataChangeGenerator in classloader: jdk.internal.loader.ClassLoaders$AppClassLoader@64b8f8f4
21:47:38.507 [main] DEBUG l.s.DefaultPackageScanClassResolver - Loaded the class: class liquibase.sqlgenerator.core.UpdateChangeSetChecksumGenerator in classloader: jdk.internal.loader.ClassLoaders$AppClassLoader@64b8f8f4
21:47:38.507 [main] DEBUG l.s.DefaultPackageScanClassResolver - Loaded the class: class liquibase.sqlgenerator.core.InsertOrUpdateGeneratorH2 in classloader: jdk.internal.loader.ClassLoaders$AppClassLoader@64b8f8f4
21:47:38.508 [main] DEBUG l.s.DefaultPackageScanClassResolver - Loaded the class: class liquibase.sqlgenerator.core.DropProcedureGenerator in classloader: jdk.internal.loader.ClassLoaders$AppClassLoader@64b8f8f4
21:47:38.509 [main] DEBUG l.s.DefaultPackageScanClassResolver - Loaded the class: class liquibase.sqlgenerator.SqlGeneratorFactory in classloader: jdk.internal.loader.ClassLoaders$AppClassLoader@64b8f8f4
21:47:38.510 [main] DEBUG l.s.DefaultPackageScanClassResolver - Loaded the class: class liquibase.sqlgenerator.core.GetViewDefinitionGeneratorOracle in classloader: jdk.internal.loader.ClassLoaders$AppClassLoader@64b8f8f4
21:47:38.510 [main] DEBUG l.s.DefaultPackageScanClassResolver - Loaded the class: class liquibase.sqlgenerator.core.BatchDmlExecutablePreparedStatementGenerator in classloader: jdk.internal.loader.ClassLoaders$AppClassLoader@64b8f8f4
21:47:38.510 [main] DEBUG l.s.DefaultPackageScanClassResolver - Loaded the class: class liquibase.sqlgenerator.core.AddAutoIncrementGeneratorHsqlH2 in classloader: jdk.internal.loader.ClassLoaders$AppClassLoader@64b8f8f4
21:47:38.511 [main] DEBUG l.s.DefaultPackageScanClassResolver - Loaded the class: class liquibase.sqlgenerator.core.AddDefaultValueGeneratorSybase in classloader: jdk.internal.loader.ClassLoaders$AppClassLoader@64b8f8f4
21:47:38.511 [main] DEBUG l.s.DefaultPackageScanClassResolver - Loaded the class: class liquibase.sqlgenerator.core.AddColumnGeneratorSQLite$1 in classloader: jdk.internal.loader.ClassLoaders$AppClassLoader@64b8f8f4
21:47:38.511 [main] DEBUG l.s.DefaultPackageScanClassResolver - Loaded the class: class liquibase.sqlgenerator.core.InsertOrUpdateGeneratorMSSQL in classloader: jdk.internal.loader.ClassLoaders$AppClassLoader@64b8f8f4
21:47:38.512 [main] DEBUG l.s.DefaultPackageScanClassResolver - Loaded the class: class liquibase.sqlgenerator.core.CreateViewGeneratorInformix in classloader: jdk.internal.loader.ClassLoaders$AppClassLoader@64b8f8f4
21:47:38.512 [main] DEBUG l.s.DefaultPackageScanClassResolver - Loaded the class: class liquibase.sqlgenerator.core.GetViewDefinitionGeneratorPostgres in classloader: jdk.internal.loader.ClassLoaders$AppClassLoader@64b8f8f4
21:47:38.513 [main] DEBUG l.s.DefaultPackageScanClassResolver - Loaded the class: class liquibase.sqlgenerator.core.StoredProcedureGenerator in classloader: jdk.internal.loader.ClassLoaders$AppClassLoader@64b8f8f4
21:47:38.513 [main] DEBUG l.s.DefaultPackageScanClassResolver - Loaded the class: class liquibase.sqlgenerator.core.InsertOrUpdateGeneratorInformix in classloader: jdk.internal.loader.ClassLoaders$AppClassLoader@64b8f8f4
21:47:38.514 [main] DEBUG l.s.DefaultPackageScanClassResolver - Loaded the class: class liquibase.sqlgenerator.core.InsertGenerator in classloader: jdk.internal.loader.ClassLoaders$AppClassLoader@64b8f8f4
21:47:38.514 [main] DEBUG l.s.DefaultPackageScanClassResolver - Loaded the class: interface liquibase.sqlgenerator.SqlGenerator in classloader: jdk.internal.loader.ClassLoaders$AppClassLoader@64b8f8f4
21:47:38.514 [main] DEBUG l.s.DefaultPackageScanClassResolver - Loaded the class: class liquibase.sqlgenerator.core.GetViewDefinitionGeneratorSybaseASA in classloader: jdk.internal.loader.ClassLoaders$AppClassLoader@64b8f8f4
21:47:38.514 [main] DEBUG l.s.DefaultPackageScanClassResolver - Loaded the class: class liquibase.sqlgenerator.core.AddForeignKeyConstraintGenerator in classloader: jdk.internal.loader.ClassLoaders$AppClassLoader@64b8f8f4
21:47:38.515 [main] DEBUG l.s.DefaultPackageScanClassResolver - Loaded the class: class liquibase.sqlgenerator.core.GetViewDefinitionGeneratorDerby in classloader: jdk.internal.loader.ClassLoaders$AppClassLoader@64b8f8f4
21:47:38.515 [main] DEBUG l.s.DefaultPackageScanClassResolver - Loaded the class: class liquibase.sqlgenerator.core.MarkChangeSetRanGenerator in classloader: jdk.internal.loader.ClassLoaders$AppClassLoader@64b8f8f4
21:47:38.516 [main] DEBUG l.s.DefaultPackageScanClassResolver - Loaded the class: class liquibase.sqlgenerator.core.SelectFromDatabaseChangeLogLockGenerator$1 in classloader: jdk.internal.loader.ClassLoaders$AppClassLoader@64b8f8f4
21:47:38.516 [main] DEBUG l.s.DefaultPackageScanClassResolver - Loaded the class: class liquibase.sqlgenerator.core.AbstractSqlGenerator in classloader: jdk.internal.loader.ClassLoaders$AppClassLoader@64b8f8f4
21:47:38.517 [main] DEBUG l.s.DefaultPackageScanClassResolver - Loaded the class: class liquibase.sqlgenerator.core.SetTableRemarksGenerator in classloader: jdk.internal.loader.ClassLoaders$AppClassLoader@64b8f8f4
21:47:38.517 [main] DEBUG l.s.DefaultPackageScanClassResolver - Loaded the class: class liquibase.sqlgenerator.core.DropIndexGenerator in classloader: jdk.internal.loader.ClassLoaders$AppClassLoader@64b8f8f4
21:47:38.517 [main] DEBUG l.s.DefaultPackageScanClassResolver - Loaded the class: class liquibase.sqlgenerator.core.AddAutoIncrementGenerator in classloader: jdk.internal.loader.ClassLoaders$AppClassLoader@64b8f8f4
21:47:38.518 [main] DEBUG l.s.DefaultPackageScanClassResolver - Loaded the class: class liquibase.sqlgenerator.core.DropUniqueConstraintGenerator in classloader: jdk.internal.loader.ClassLoaders$AppClassLoader@64b8f8f4
21:47:38.519 [main] DEBUG l.s.DefaultPackageScanClassResolver - Loaded the class: class liquibase.sqlgenerator.core.CommentGenerator in classloader: jdk.internal.loader.ClassLoaders$AppClassLoader@64b8f8f4
21:47:38.519 [main] DEBUG l.s.DefaultPackageScanClassResolver - Loaded the class: class liquibase.sqlgenerator.core.SetNullableGenerator in classloader: jdk.internal.loader.ClassLoaders$AppClassLoader@64b8f8f4
21:47:38.519 [main] DEBUG l.s.DefaultPackageScanClassResolver - Loaded the class: class liquibase.sqlgenerator.core.AddDefaultValueGenerator in classloader: jdk.internal.loader.ClassLoaders$AppClassLoader@64b8f8f4
21:47:38.520 [main] DEBUG l.s.DefaultPackageScanClassResolver - Loaded the class: class liquibase.sqlgenerator.core.DropForeignKeyConstraintGenerator in classloader: jdk.internal.loader.ClassLoaders$AppClassLoader@64b8f8f4
21:47:38.520 [main] DEBUG l.s.DefaultPackageScanClassResolver - Loaded the class: class liquibase.sqlgenerator.core.CreateViewGenerator in classloader: jdk.internal.loader.ClassLoaders$AppClassLoader@64b8f8f4
21:47:38.521 [main] DEBUG l.s.DefaultPackageScanClassResolver - Loaded the class: class liquibase.sqlgenerator.core.AddAutoIncrementGeneratorSQLite$1 in classloader: jdk.internal.loader.ClassLoaders$AppClassLoader@64b8f8f4
21:47:38.521 [main] DEBUG l.s.DefaultPackageScanClassResolver - Loaded the class: class liquibase.sqlgenerator.core.CreateDatabaseChangeLogTableGeneratorSybase in classloader: jdk.internal.loader.ClassLoaders$AppClassLoader@64b8f8f4
21:47:38.521 [main] DEBUG l.s.DefaultPackageScanClassResolver - Loaded the class: class liquibase.sqlgenerator.core.RuntimeGenerator in classloader: jdk.internal.loader.ClassLoaders$AppClassLoader@64b8f8f4
21:47:38.523 [main] DEBUG l.s.DefaultPackageScanClassResolver - Loaded the class: class liquibase.sqlgenerator.core.AddColumnGeneratorSQLite in classloader: jdk.internal.loader.ClassLoaders$AppClassLoader@64b8f8f4
21:47:38.523 [main] DEBUG l.s.DefaultPackageScanClassResolver - Loaded the class: class liquibase.sqlgenerator.core.InsertOrUpdateGeneratorDB2 in classloader: jdk.internal.loader.ClassLoaders$AppClassLoader@64b8f8f4
21:47:38.523 [main] DEBUG l.s.DefaultPackageScanClassResolver - Loaded the class: class liquibase.sqlgenerator.core.AddAutoIncrementGeneratorDB2 in classloader: jdk.internal.loader.ClassLoaders$AppClassLoader@64b8f8f4
21:47:38.524 [main] DEBUG l.s.DefaultPackageScanClassResolver - Loaded the class: class liquibase.sqlgenerator.core.LockDatabaseChangeLogGenerator in classloader: jdk.internal.loader.ClassLoaders$AppClassLoader@64b8f8f4
21:47:38.524 [main] DEBUG l.s.DefaultPackageScanClassResolver - Loaded the class: class liquibase.sqlgenerator.core.InsertOrUpdateGeneratorHsql in classloader: jdk.internal.loader.ClassLoaders$AppClassLoader@64b8f8f4
21:47:38.525 [main] DEBUG l.s.DefaultPackageScanClassResolver - Loaded the class: class liquibase.sqlgenerator.core.TableRowCountGenerator in classloader: jdk.internal.loader.ClassLoaders$AppClassLoader@64b8f8f4
21:47:38.525 [main] DEBUG l.s.DefaultPackageScanClassResolver - Loaded the class: class liquibase.sqlgenerator.SqlGeneratorChain in classloader: jdk.internal.loader.ClassLoaders$AppClassLoader@64b8f8f4
21:47:38.525 [main] DEBUG l.s.DefaultPackageScanClassResolver - Loaded the class: class liquibase.sqlgenerator.core.RawSqlGenerator in classloader: jdk.internal.loader.ClassLoaders$AppClassLoader@64b8f8f4
21:47:38.526 [main] DEBUG l.s.DefaultPackageScanClassResolver - Loaded the class: class liquibase.sqlgenerator.core.CreateIndexGeneratorFirebird in classloader: jdk.internal.loader.ClassLoaders$AppClassLoader@64b8f8f4
21:47:38.526 [main] DEBUG l.s.DefaultPackageScanClassResolver - Loaded the class: class liquibase.sqlgenerator.core.RenameColumnGenerator in classloader: jdk.internal.loader.ClassLoaders$AppClassLoader@64b8f8f4
21:47:38.527 [main] DEBUG l.s.DefaultPackageScanClassResolver - Loaded the class: class liquibase.sqlgenerator.core.InsertOrUpdateGeneratorSQLite in classloader: jdk.internal.loader.ClassLoaders$AppClassLoader@64b8f8f4
21:47:38.527 [main] DEBUG l.s.DefaultPackageScanClassResolver - Loaded the class: class liquibase.sqlgenerator.core.ModifyDataTypeGenerator in classloader: jdk.internal.loader.ClassLoaders$AppClassLoader@64b8f8f4
21:47:38.528 [main] DEBUG l.s.DefaultPackageScanClassResolver - Loaded the class: class liquibase.sqlgenerator.core.InitializeDatabaseChangeLogLockTableGenerator in classloader: jdk.internal.loader.ClassLoaders$AppClassLoader@64b8f8f4
21:47:38.528 [main] DEBUG l.s.DefaultPackageScanClassResolver - Loaded the class: class liquibase.sqlgenerator.core.AddDefaultValueGeneratorSybaseASA in classloader: jdk.internal.loader.ClassLoaders$AppClassLoader@64b8f8f4
21:47:38.529 [main] DEBUG l.s.DefaultPackageScanClassResolver - Loaded the class: class liquibase.sqlgenerator.core.RenameSequenceGenerator in classloader: jdk.internal.loader.ClassLoaders$AppClassLoader@64b8f8f4
21:47:38.529 [main] DEBUG l.s.DefaultPackageScanClassResolver - Loaded the class: class liquibase.sqlgenerator.core.DropSequenceGenerator in classloader: jdk.internal.loader.ClassLoaders$AppClassLoader@64b8f8f4
21:47:38.530 [main] DEBUG l.s.DefaultPackageScanClassResolver - Loaded the class: class liquibase.sqlgenerator.core.DeleteGenerator in classloader: jdk.internal.loader.ClassLoaders$AppClassLoader@64b8f8f4
21:47:38.530 [main] DEBUG l.s.DefaultPackageScanClassResolver - Loaded the class: class liquibase.sqlgenerator.core.DropColumnGenerator in classloader: jdk.internal.loader.ClassLoaders$AppClassLoader@64b8f8f4
21:47:38.531 [main] DEBUG l.s.DefaultPackageScanClassResolver - Loaded the class: class liquibase.sqlgenerator.core.SelectFromDatabaseChangeLogLockGenerator in classloader: jdk.internal.loader.ClassLoaders$AppClassLoader@64b8f8f4
21:47:38.531 [main] DEBUG l.s.DefaultPackageScanClassResolver - Loaded the class: class liquibase.sqlgenerator.core.CreateTableGenerator in classloader: jdk.internal.loader.ClassLoaders$AppClassLoader@64b8f8f4
21:47:38.531 [main] DEBUG l.s.DefaultPackageScanClassResolver - Loaded the class: class liquibase.sqlgenerator.core.AddDefaultValueGeneratorMSSQL in classloader: jdk.internal.loader.ClassLoaders$AppClassLoader@64b8f8f4
21:47:38.531 [main] DEBUG l.s.DefaultPackageScanClassResolver - Loaded the class: class liquibase.sqlgenerator.core.AddColumnGenerator in classloader: jdk.internal.loader.ClassLoaders$AppClassLoader@64b8f8f4
21:47:38.532 [main] DEBUG l.s.DefaultPackageScanClassResolver - Loaded the class: class liquibase.sqlgenerator.core.GetViewDefinitionGeneratorSybase in classloader: jdk.internal.loader.ClassLoaders$AppClassLoader@64b8f8f4
21:47:38.532 [main] DEBUG l.s.DefaultPackageScanClassResolver - Loaded the class: class liquibase.sqlgenerator.core.SetColumnRemarksGenerator in classloader: jdk.internal.loader.ClassLoaders$AppClassLoader@64b8f8f4
21:47:38.532 [main] DEBUG l.s.DefaultPackageScanClassResolver - Loaded the class: class liquibase.sqlgenerator.core.AddDefaultValueGeneratorOracle in classloader: jdk.internal.loader.ClassLoaders$AppClassLoader@64b8f8f4
21:47:38.533 [main] DEBUG l.s.DefaultPackageScanClassResolver - Loaded the class: class liquibase.sqlgenerator.core.AddColumnGeneratorDefaultClauseBeforeNotNull in classloader: jdk.internal.loader.ClassLoaders$AppClassLoader@64b8f8f4
21:47:38.534 [main] DEBUG l.s.DefaultPackageScanClassResolver - Loaded the class: class liquibase.sqlgenerator.core.DropDefaultValueGenerator in classloader: jdk.internal.loader.ClassLoaders$AppClassLoader@64b8f8f4
21:47:38.534 [main] DEBUG l.s.DefaultPackageScanClassResolver - Loaded the class: class liquibase.sqlgenerator.core.AddDefaultValueGeneratorSQLite in classloader: jdk.internal.loader.ClassLoaders$AppClassLoader@64b8f8f4
21:47:38.534 [main] DEBUG l.s.DefaultPackageScanClassResolver - Loaded the class: class liquibase.sqlgenerator.core.GetViewDefinitionGeneratorInformix in classloader: jdk.internal.loader.ClassLoaders$AppClassLoader@64b8f8f4
21:47:38.535 [main] DEBUG l.s.DefaultPackageScanClassResolver - Loaded the class: class liquibase.sqlgenerator.core.AddDefaultValueGeneratorSQLite$1 in classloader: jdk.internal.loader.ClassLoaders$AppClassLoader@64b8f8f4
21:47:38.536 [main] DEBUG l.s.DefaultPackageScanClassResolver - Loaded the class: class liquibase.sqlgenerator.core.InsertSetGenerator in classloader: jdk.internal.loader.ClassLoaders$AppClassLoader@64b8f8f4
21:47:38.536 [main] DEBUG l.s.DefaultPackageScanClassResolver - Loaded the class: class liquibase.sqlgenerator.core.InsertOrUpdateGeneratorPostgres in classloader: jdk.internal.loader.ClassLoaders$AppClassLoader@64b8f8f4
21:47:38.537 [main] DEBUG l.s.DefaultPackageScanClassResolver - Loaded the class: class liquibase.sqlgenerator.core.AddAutoIncrementGeneratorMySQL in classloader: jdk.internal.loader.ClassLoaders$AppClassLoader@64b8f8f4
21:47:38.537 [main] DEBUG l.s.DefaultPackageScanClassResolver - Loaded the class: class liquibase.sqlgenerator.core.DropPrimaryKeyGenerator in classloader: jdk.internal.loader.ClassLoaders$AppClassLoader@64b8f8f4
21:47:38.538 [main] DEBUG l.s.DefaultPackageScanClassResolver - Loaded the class: class liquibase.sqlgenerator.core.AddAutoIncrementGeneratorInformix in classloader: jdk.internal.loader.ClassLoaders$AppClassLoader@64b8f8f4
21:47:38.538 [main] DEBUG l.s.DefaultPackageScanClassResolver - Loaded the class: class liquibase.sqlgenerator.core.AddDefaultValueGeneratorMySQL in classloader: jdk.internal.loader.ClassLoaders$AppClassLoader@64b8f8f4
21:47:38.539 [main] DEBUG l.s.DefaultPackageScanClassResolver - Loaded the class: class liquibase.sqlgenerator.core.GetViewDefinitionGeneratorHsql in classloader: jdk.internal.loader.ClassLoaders$AppClassLoader@64b8f8f4
21:47:38.539 [main] DEBUG l.s.DefaultPackageScanClassResolver - Loaded the class: class liquibase.sqlgenerator.core.GetNextChangeSetSequenceValueGenerator in classloader: jdk.internal.loader.ClassLoaders$AppClassLoader@64b8f8f4
21:47:38.540 [main] DEBUG l.s.DefaultPackageScanClassResolver - Loaded the class: class liquibase.sqlgenerator.core.AddDefaultValueGeneratorInformix in classloader: jdk.internal.loader.ClassLoaders$AppClassLoader@64b8f8f4
21:47:38.540 [main] DEBUG l.s.DefaultPackageScanClassResolver - Searching for: is assignable to Change in package: liquibase/sqlgenerator
21:47:38.540 [main] DEBUG l.s.DefaultPackageScanClassResolver - Searching for all classes in package: liquibase/executor using classloader: jdk.internal.loader.ClassLoaders$AppClassLoader
21:47:38.540 [main] DEBUG l.s.DefaultPackageScanClassResolver - Getting resource URL for package: liquibase/executor with classloader: jdk.internal.loader.ClassLoaders$AppClassLoader@64b8f8f4
21:47:38.540 [main] DEBUG l.s.DefaultPackageScanClassResolver - URL from classloader: jar:file:/Users/jajecnik.marci/.m2/repository/org/liquibase/liquibase-core/3.10.3/liquibase-core-3.10.3.jar!/liquibase/executor/
21:47:38.541 [main] DEBUG l.s.DefaultPackageScanClassResolver - Decoded urlPath: file:/Users/jajecnik.marci/.m2/repository/org/liquibase/liquibase-core/3.10.3/liquibase-core-3.10.3.jar!/liquibase/executor/ with protocol: jar
21:47:38.541 [main] DEBUG l.s.DefaultPackageScanClassResolver - Loading from jar using file: /Users/jajecnik.marci/.m2/repository/org/liquibase/liquibase-core/3.10.3/liquibase-core-3.10.3.jar
21:47:38.541 [main] DEBUG l.s.DefaultPackageScanClassResolver - Loaded the class: interface liquibase.executor.jvm.SqlTypeValue in classloader: jdk.internal.loader.ClassLoaders$AppClassLoader@64b8f8f4
21:47:38.542 [main] DEBUG l.s.DefaultPackageScanClassResolver - Loaded the class: class liquibase.executor.jvm.StatementCreatorUtils in classloader: jdk.internal.loader.ClassLoaders$AppClassLoader@64b8f8f4
21:47:38.542 [main] DEBUG l.s.DefaultPackageScanClassResolver - Loaded the class: class liquibase.executor.jvm.JdbcExecutor$ExecuteStatementCallback in classloader: jdk.internal.loader.ClassLoaders$AppClassLoader@64b8f8f4
21:47:38.545 [main] DEBUG l.s.DefaultPackageScanClassResolver - Loaded the class: class liquibase.executor.jvm.JdbcExecutor in classloader: jdk.internal.loader.ClassLoaders$AppClassLoader@64b8f8f4
21:47:38.545 [main] DEBUG l.s.DefaultPackageScanClassResolver - Loaded the class: class liquibase.executor.AbstractExecutor in classloader: jdk.internal.loader.ClassLoaders$AppClassLoader@64b8f8f4
21:47:38.546 [main] DEBUG l.s.DefaultPackageScanClassResolver - Loaded the class: class liquibase.executor.LoggingExecutor in classloader: jdk.internal.loader.ClassLoaders$AppClassLoader@64b8f8f4
21:47:38.546 [main] DEBUG l.s.DefaultPackageScanClassResolver - Loaded the class: class liquibase.executor.LoggingExecutor$NoopWriter in classloader: jdk.internal.loader.ClassLoaders$AppClassLoader@64b8f8f4
21:47:38.546 [main] DEBUG l.s.DefaultPackageScanClassResolver - Loaded the class: interface liquibase.executor.jvm.StatementCallback in classloader: jdk.internal.loader.ClassLoaders$AppClassLoader@64b8f8f4
21:47:38.547 [main] DEBUG l.s.DefaultPackageScanClassResolver - Loaded the class: class liquibase.executor.jvm.ArgTypePreparedStatementSetter in classloader: jdk.internal.loader.ClassLoaders$AppClassLoader@64b8f8f4
21:47:38.547 [main] DEBUG l.s.DefaultPackageScanClassResolver - Loaded the class: class liquibase.executor.jvm.RowMapperResultSetExtractor in classloader: jdk.internal.loader.ClassLoaders$AppClassLoader@64b8f8f4
21:47:38.548 [main] DEBUG l.s.DefaultPackageScanClassResolver - Loaded the class: interface liquibase.executor.jvm.RowMapper in classloader: jdk.internal.loader.ClassLoaders$AppClassLoader@64b8f8f4
21:47:38.548 [main] DEBUG l.s.DefaultPackageScanClassResolver - Loaded the class: class liquibase.executor.jvm.ColumnMapRowMapper in classloader: jdk.internal.loader.ClassLoaders$AppClassLoader@64b8f8f4
21:47:38.549 [main] DEBUG l.s.DefaultPackageScanClassResolver - Loaded the class: class liquibase.executor.jvm.JdbcExecutor$1UpdateStatementCallback in classloader: jdk.internal.loader.ClassLoaders$AppClassLoader@64b8f8f4
21:47:38.549 [main] DEBUG l.s.DefaultPackageScanClassResolver - Loaded the class: class liquibase.executor.LoggingExecutor$1 in classloader: jdk.internal.loader.ClassLoaders$AppClassLoader@64b8f8f4
21:47:38.550 [main] DEBUG l.s.DefaultPackageScanClassResolver - Loaded the class: class liquibase.executor.jvm.ArgPreparedStatementSetter in classloader: jdk.internal.loader.ClassLoaders$AppClassLoader@64b8f8f4
21:47:38.550 [main] DEBUG l.s.DefaultPackageScanClassResolver - Loaded the class: class liquibase.executor.jvm.JdbcExecutor$QueryStatementCallback in classloader: jdk.internal.loader.ClassLoaders$AppClassLoader@64b8f8f4
21:47:38.550 [main] DEBUG l.s.DefaultPackageScanClassResolver - Loaded the class: interface liquibase.executor.jvm.ResultSetExtractor in classloader: jdk.internal.loader.ClassLoaders$AppClassLoader@64b8f8f4
21:47:38.550 [main] DEBUG l.s.DefaultPackageScanClassResolver - Loaded the class: interface liquibase.executor.Executor in classloader: jdk.internal.loader.ClassLoaders$AppClassLoader@64b8f8f4
21:47:38.551 [main] DEBUG l.s.DefaultPackageScanClassResolver - Loaded the class: class liquibase.executor.jvm.JdbcExecutor$QueryCallableStatementCallback in classloader: jdk.internal.loader.ClassLoaders$AppClassLoader@64b8f8f4
21:47:38.551 [main] DEBUG l.s.DefaultPackageScanClassResolver - Loaded the class: class liquibase.executor.jvm.SqlParameterValue in classloader: jdk.internal.loader.ClassLoaders$AppClassLoader@64b8f8f4
21:47:38.552 [main] DEBUG l.s.DefaultPackageScanClassResolver - Loaded the class: class liquibase.executor.jvm.JdbcExecutor$ExecuteStatementCallbackAndCatch in classloader: jdk.internal.loader.ClassLoaders$AppClassLoader@64b8f8f4
21:47:38.552 [main] DEBUG l.s.DefaultPackageScanClassResolver - Loaded the class: interface liquibase.executor.jvm.RowCallbackHandler in classloader: jdk.internal.loader.ClassLoaders$AppClassLoader@64b8f8f4
21:47:38.552 [main] DEBUG l.s.DefaultPackageScanClassResolver - Loaded the class: class liquibase.executor.jvm.SqlParameter in classloader: jdk.internal.loader.ClassLoaders$AppClassLoader@64b8f8f4
21:47:38.552 [main] DEBUG l.s.DefaultPackageScanClassResolver - Loaded the class: class liquibase.executor.jvm.RowMapperNotNullConstraintsResultSetExtractor in classloader: jdk.internal.loader.ClassLoaders$AppClassLoader@64b8f8f4
21:47:38.552 [main] DEBUG l.s.DefaultPackageScanClassResolver - Loaded the class: interface liquibase.executor.jvm.PreparedStatementCallback in classloader: jdk.internal.loader.ClassLoaders$AppClassLoader@64b8f8f4
21:47:38.553 [main] DEBUG l.s.DefaultPackageScanClassResolver - Loaded the class: interface liquibase.executor.jvm.PreparedStatementSetter in classloader: jdk.internal.loader.ClassLoaders$AppClassLoader@64b8f8f4
21:47:38.553 [main] DEBUG l.s.DefaultPackageScanClassResolver - Loaded the class: class liquibase.executor.jvm.SingleColumnRowMapper in classloader: jdk.internal.loader.ClassLoaders$AppClassLoader@64b8f8f4
21:47:38.553 [main] DEBUG l.s.DefaultPackageScanClassResolver - Loaded the class: interface liquibase.executor.jvm.CallableStatementCallback in classloader: jdk.internal.loader.ClassLoaders$AppClassLoader@64b8f8f4
21:47:38.554 [main] DEBUG l.s.DefaultPackageScanClassResolver - Loaded the class: class liquibase.executor.jvm.JdbcExecutor$1 in classloader: jdk.internal.loader.ClassLoaders$AppClassLoader@64b8f8f4
21:47:38.554 [main] DEBUG l.s.DefaultPackageScanClassResolver - Loaded the class: class liquibase.executor.ExecutorService in classloader: jdk.internal.loader.ClassLoaders$AppClassLoader@64b8f8f4
21:47:38.555 [main] DEBUG l.s.DefaultPackageScanClassResolver - Loaded the class: class liquibase.executor.ExecutorService$1 in classloader: jdk.internal.loader.ClassLoaders$AppClassLoader@64b8f8f4
21:47:38.555 [main] DEBUG l.s.DefaultPackageScanClassResolver - Searching for: is assignable to Change in package: liquibase/executor
21:47:38.555 [main] DEBUG l.s.DefaultPackageScanClassResolver - Searching for all classes in package: liquibase/snapshot using classloader: jdk.internal.loader.ClassLoaders$AppClassLoader
21:47:38.555 [main] DEBUG l.s.DefaultPackageScanClassResolver - Getting resource URL for package: liquibase/snapshot with classloader: jdk.internal.loader.ClassLoaders$AppClassLoader@64b8f8f4
21:47:38.556 [main] DEBUG l.s.DefaultPackageScanClassResolver - URL from classloader: jar:file:/Users/jajecnik.marci/.m2/repository/org/liquibase/liquibase-core/3.10.3/liquibase-core-3.10.3.jar!/liquibase/snapshot/
21:47:38.556 [main] DEBUG l.s.DefaultPackageScanClassResolver - Decoded urlPath: file:/Users/jajecnik.marci/.m2/repository/org/liquibase/liquibase-core/3.10.3/liquibase-core-3.10.3.jar!/liquibase/snapshot/ with protocol: jar
21:47:38.556 [main] DEBUG l.s.DefaultPackageScanClassResolver - Loading from jar using file: /Users/jajecnik.marci/.m2/repository/org/liquibase/liquibase-core/3.10.3/liquibase-core-3.10.3.jar
21:47:38.558 [main] DEBUG l.s.DefaultPackageScanClassResolver - Loaded the class: class liquibase.snapshot.JdbcDatabaseSnapshot$CachingDatabaseMetaData$GetColumnResultSetCache in classloader: jdk.internal.loader.ClassLoaders$AppClassLoader@64b8f8f4
21:47:38.560 [main] DEBUG l.s.DefaultPackageScanClassResolver - Loaded the class: class liquibase.snapshot.jvm.SchemaSnapshotGenerator in classloader: jdk.internal.loader.ClassLoaders$AppClassLoader@64b8f8f4
21:47:38.561 [main] DEBUG l.s.DefaultPackageScanClassResolver - Loaded the class: class liquibase.snapshot.JdbcDatabaseSnapshot$CachingDatabaseMetaData in classloader: jdk.internal.loader.ClassLoaders$AppClassLoader@64b8f8f4
21:47:38.562 [main] DEBUG l.s.DefaultPackageScanClassResolver - Loaded the class: class liquibase.snapshot.EmptyDatabaseSnapshot in classloader: jdk.internal.loader.ClassLoaders$AppClassLoader@64b8f8f4
21:47:38.563 [main] DEBUG l.s.DefaultPackageScanClassResolver - Loaded the class: class liquibase.snapshot.JdbcDatabaseSnapshot$CachingDatabaseMetaData$GetNotNullConstraintsResultSetCache in classloader: jdk.internal.loader.ClassLoaders$AppClassLoader@64b8f8f4
21:47:38.563 [main] DEBUG l.s.DefaultPackageScanClassResolver - Loaded the class: class liquibase.snapshot.jvm.IndexSnapshotGenerator in classloader: jdk.internal.loader.ClassLoaders$AppClassLoader@64b8f8f4
21:47:38.564 [main] DEBUG l.s.DefaultPackageScanClassResolver - Loaded the class: class liquibase.snapshot.RestoredDatabaseSnapshot in classloader: jdk.internal.loader.ClassLoaders$AppClassLoader@64b8f8f4
21:47:38.565 [main] DEBUG l.s.DefaultPackageScanClassResolver - Loaded the class: class liquibase.snapshot.JdbcDatabaseSnapshot$CachingDatabaseMetaData$1 in classloader: jdk.internal.loader.ClassLoaders$AppClassLoader@64b8f8f4
21:47:38.565 [main] DEBUG l.s.DefaultPackageScanClassResolver - Loaded the class: class liquibase.snapshot.JdbcDatabaseSnapshot$1 in classloader: jdk.internal.loader.ClassLoaders$AppClassLoader@64b8f8f4
21:47:38.566 [main] DEBUG l.s.DefaultPackageScanClassResolver - Loaded the class: class liquibase.snapshot.jvm.ViewSnapshotGenerator in classloader: jdk.internal.loader.ClassLoaders$AppClassLoader@64b8f8f4
21:47:38.568 [main] DEBUG l.s.DefaultPackageScanClassResolver - Loaded the class: class liquibase.snapshot.JdbcDatabaseSnapshot$CachingDatabaseMetaData$3 in classloader: jdk.internal.loader.ClassLoaders$AppClassLoader@64b8f8f4
21:47:38.569 [main] DEBUG l.s.DefaultPackageScanClassResolver - Loaded the class: class liquibase.snapshot.CachedRow in classloader: jdk.internal.loader.ClassLoaders$AppClassLoader@64b8f8f4
21:47:38.571 [main] DEBUG l.s.DefaultPackageScanClassResolver - Loaded the class: class liquibase.snapshot.jvm.ColumnSnapshotGeneratorOracle in classloader: jdk.internal.loader.ClassLoaders$AppClassLoader@64b8f8f4
21:47:38.572 [main] DEBUG l.s.DefaultPackageScanClassResolver - Loaded the class: class liquibase.snapshot.jvm.SequenceSnapshotGenerator in classloader: jdk.internal.loader.ClassLoaders$AppClassLoader@64b8f8f4
21:47:38.573 [main] DEBUG l.s.DefaultPackageScanClassResolver - Loaded the class: class liquibase.snapshot.JdbcDatabaseSnapshot$CachingDatabaseMetaData$ForeignKeysResultSetCache in classloader: jdk.internal.loader.ClassLoaders$AppClassLoader@64b8f8f4
21:47:38.573 [main] DEBUG l.s.DefaultPackageScanClassResolver - Loaded the class: class liquibase.snapshot.SnapshotControl in classloader: jdk.internal.loader.ClassLoaders$AppClassLoader@64b8f8f4
21:47:38.573 [main] DEBUG l.s.DefaultPackageScanClassResolver - Loaded the class: class liquibase.snapshot.ResultSetCache$UnionResultSetExtractor in classloader: jdk.internal.loader.ClassLoaders$AppClassLoader@64b8f8f4
21:47:38.574 [main] DEBUG l.s.DefaultPackageScanClassResolver - Loaded the class: class liquibase.snapshot.jvm.ColumnSnapshotGeneratorH2 in classloader: jdk.internal.loader.ClassLoaders$AppClassLoader@64b8f8f4
21:47:38.574 [main] DEBUG l.s.DefaultPackageScanClassResolver - Loaded the class: class liquibase.snapshot.jvm.ColumnSnapshotGenerator in classloader: jdk.internal.loader.ClassLoaders$AppClassLoader@64b8f8f4
21:47:38.574 [main] DEBUG l.s.DefaultPackageScanClassResolver - Loaded the class: class liquibase.snapshot.JdbcDatabaseSnapshot$CachingDatabaseMetaData$5 in classloader: jdk.internal.loader.ClassLoaders$AppClassLoader@64b8f8f4
21:47:38.575 [main] DEBUG l.s.DefaultPackageScanClassResolver - Loaded the class: class liquibase.snapshot.JdbcDatabaseSnapshot$CachingDatabaseMetaData$4 in classloader: jdk.internal.loader.ClassLoaders$AppClassLoader@64b8f8f4
21:47:38.576 [main] DEBUG l.s.DefaultPackageScanClassResolver - Loaded the class: class liquibase.snapshot.jvm.DataSnapshotGenerator in classloader: jdk.internal.loader.ClassLoaders$AppClassLoader@64b8f8f4
21:47:38.576 [main] DEBUG l.s.DefaultPackageScanClassResolver - Loaded the class: class liquibase.snapshot.ResultSetCache$ResultSetExtractor in classloader: jdk.internal.loader.ClassLoaders$AppClassLoader@64b8f8f4
21:47:38.576 [main] DEBUG l.s.DefaultPackageScanClassResolver - Loaded the class: class liquibase.snapshot.jvm.JdbcSnapshotGenerator in classloader: jdk.internal.loader.ClassLoaders$AppClassLoader@64b8f8f4
21:47:38.577 [main] DEBUG l.s.DefaultPackageScanClassResolver - Loaded the class: class liquibase.snapshot.SnapshotIdService in classloader: jdk.internal.loader.ClassLoaders$AppClassLoader@64b8f8f4
21:47:38.578 [main] DEBUG l.s.DefaultPackageScanClassResolver - Loaded the class: class liquibase.snapshot.jvm.UniqueConstraintSnapshotGenerator in classloader: jdk.internal.loader.ClassLoaders$AppClassLoader@64b8f8f4
21:47:38.578 [main] DEBUG l.s.DefaultPackageScanClassResolver - Loaded the class: class liquibase.snapshot.jvm.ColumnSnapshotGeneratorInformix in classloader: jdk.internal.loader.ClassLoaders$AppClassLoader@64b8f8f4
21:47:38.579 [main] DEBUG l.s.DefaultPackageScanClassResolver - Loaded the class: class liquibase.snapshot.jvm.CatalogSnapshotGenerator in classloader: jdk.internal.loader.ClassLoaders$AppClassLoader@64b8f8f4
21:47:38.580 [main] DEBUG l.s.DefaultPackageScanClassResolver - Loaded the class: class liquibase.snapshot.JdbcDatabaseSnapshot$CachingDatabaseMetaData$2 in classloader: jdk.internal.loader.ClassLoaders$AppClassLoader@64b8f8f4
21:47:38.580 [main] DEBUG l.s.DefaultPackageScanClassResolver - Loaded the class: class liquibase.snapshot.ResultSetCache$ResultSetExtractor$1 in classloader: jdk.internal.loader.ClassLoaders$AppClassLoader@64b8f8f4
21:47:38.581 [main] DEBUG l.s.DefaultPackageScanClassResolver - Loaded the class: class liquibase.snapshot.InvalidExampleException in classloader: jdk.internal.loader.ClassLoaders$AppClassLoader@64b8f8f4
21:47:38.581 [main] DEBUG l.s.DefaultPackageScanClassResolver - Loaded the class: interface liquibase.snapshot.SnapshotListener in classloader: jdk.internal.loader.ClassLoaders$AppClassLoader@64b8f8f4
21:47:38.582 [main] DEBUG l.s.DefaultPackageScanClassResolver - Loaded the class: class liquibase.snapshot.jvm.PrimaryKeySnapshotGenerator in classloader: jdk.internal.loader.ClassLoaders$AppClassLoader@64b8f8f4
21:47:38.582 [main] DEBUG l.s.DefaultPackageScanClassResolver - Loaded the class: class liquibase.snapshot.SnapshotGeneratorChain in classloader: jdk.internal.loader.ClassLoaders$AppClassLoader@64b8f8f4
21:47:38.582 [main] DEBUG l.s.DefaultPackageScanClassResolver - Loaded the class: interface liquibase.snapshot.SnapshotGenerator in classloader: jdk.internal.loader.ClassLoaders$AppClassLoader@64b8f8f4
21:47:38.583 [main] DEBUG l.s.DefaultPackageScanClassResolver - Loaded the class: class liquibase.snapshot.SnapshotGeneratorFactory in classloader: jdk.internal.loader.ClassLoaders$AppClassLoader@64b8f8f4
21:47:38.583 [main] DEBUG l.s.DefaultPackageScanClassResolver - Loaded the class: class liquibase.snapshot.jvm.ColumnSnapshotGeneratorPostgres in classloader: jdk.internal.loader.ClassLoaders$AppClassLoader@64b8f8f4
21:47:38.584 [main] DEBUG l.s.DefaultPackageScanClassResolver - Loaded the class: class liquibase.snapshot.jvm.ForeignKeySnapshotGenerator in classloader: jdk.internal.loader.ClassLoaders$AppClassLoader@64b8f8f4
21:47:38.584 [main] DEBUG l.s.DefaultPackageScanClassResolver - Loaded the class: class liquibase.snapshot.JdbcDatabaseSnapshot in classloader: jdk.internal.loader.ClassLoaders$AppClassLoader@64b8f8f4
21:47:38.584 [main] DEBUG l.s.DefaultPackageScanClassResolver - Loaded the class: class liquibase.snapshot.ResultSetCache$SingleResultSetExtractor in classloader: jdk.internal.loader.ClassLoaders$AppClassLoader@64b8f8f4
21:47:38.585 [main] DEBUG l.s.DefaultPackageScanClassResolver - Loaded the class: class liquibase.snapshot.ResultSetCache in classloader: jdk.internal.loader.ClassLoaders$AppClassLoader@64b8f8f4
21:47:38.585 [main] DEBUG l.s.DefaultPackageScanClassResolver - Loaded the class: class liquibase.snapshot.ResultSetCache$RowData in classloader: jdk.internal.loader.ClassLoaders$AppClassLoader@64b8f8f4
21:47:38.586 [main] DEBUG l.s.DefaultPackageScanClassResolver - Loaded the class: class liquibase.snapshot.jvm.TableSnapshotGenerator in classloader: jdk.internal.loader.ClassLoaders$AppClassLoader@64b8f8f4
21:47:38.586 [main] DEBUG l.s.DefaultPackageScanClassResolver - Loaded the class: class liquibase.snapshot.DatabaseSnapshot in classloader: jdk.internal.loader.ClassLoaders$AppClassLoader@64b8f8f4
21:47:38.586 [main] DEBUG l.s.DefaultPackageScanClassResolver - Loaded the class: class liquibase.snapshot.SnapshotGeneratorComparator in classloader: jdk.internal.loader.ClassLoaders$AppClassLoader@64b8f8f4
21:47:38.587 [main] DEBUG l.s.DefaultPackageScanClassResolver - Loaded the class: class liquibase.snapshot.JdbcDatabaseSnapshot$CachingDatabaseMetaData$GetNotNullConstraintsResultSetCache$1 in classloader: jdk.internal.loader.ClassLoaders$AppClassLoader@64b8f8f4
21:47:38.587 [main] DEBUG l.s.DefaultPackageScanClassResolver - Searching for: is assignable to Change in package: liquibase/snapshot
21:47:38.587 [main] DEBUG l.s.DefaultPackageScanClassResolver - Searching for all classes in package: liquibase/logging using classloader: jdk.internal.loader.ClassLoaders$AppClassLoader
21:47:38.587 [main] DEBUG l.s.DefaultPackageScanClassResolver - Getting resource URL for package: liquibase/logging with classloader: jdk.internal.loader.ClassLoaders$AppClassLoader@64b8f8f4
21:47:38.587 [main] DEBUG l.s.DefaultPackageScanClassResolver - URL from classloader: jar:file:/Users/jajecnik.marci/.m2/repository/org/liquibase/liquibase-core/3.10.3/liquibase-core-3.10.3.jar!/liquibase/logging/
21:47:38.587 [main] DEBUG l.s.DefaultPackageScanClassResolver - Decoded urlPath: file:/Users/jajecnik.marci/.m2/repository/org/liquibase/liquibase-core/3.10.3/liquibase-core-3.10.3.jar!/liquibase/logging/ with protocol: jar
21:47:38.588 [main] DEBUG l.s.DefaultPackageScanClassResolver - Loading from jar using file: /Users/jajecnik.marci/.m2/repository/org/liquibase/liquibase-core/3.10.3/liquibase-core-3.10.3.jar
21:47:38.588 [main] DEBUG l.s.DefaultPackageScanClassResolver - Loaded the class: class liquibase.logging.LogService in classloader: jdk.internal.loader.ClassLoaders$AppClassLoader@64b8f8f4
21:47:38.588 [main] DEBUG l.s.DefaultPackageScanClassResolver - Loaded the class: class liquibase.logging.core.Slf4JLoggerFactory in classloader: jdk.internal.loader.ClassLoaders$AppClassLoader@64b8f8f4
21:47:38.588 [main] DEBUG l.s.DefaultPackageScanClassResolver - Loaded the class: interface liquibase.logging.LoggerFactory in classloader: jdk.internal.loader.ClassLoaders$AppClassLoader@64b8f8f4
21:47:38.588 [main] DEBUG l.s.DefaultPackageScanClassResolver - Loaded the class: interface liquibase.logging.LoggerContext in classloader: jdk.internal.loader.ClassLoaders$AppClassLoader@64b8f8f4
21:47:38.588 [main] DEBUG l.s.DefaultPackageScanClassResolver - Loaded the class: class liquibase.logging.core.AbstractLogger in classloader: jdk.internal.loader.ClassLoaders$AppClassLoader@64b8f8f4
21:47:38.589 [main] DEBUG l.s.DefaultPackageScanClassResolver - Loaded the class: class liquibase.logging.LogFactory in classloader: jdk.internal.loader.ClassLoaders$AppClassLoader@64b8f8f4
21:47:38.589 [main] DEBUG l.s.DefaultPackageScanClassResolver - Loaded the class: class liquibase.logging.core.NoOpLoggerContext in classloader: jdk.internal.loader.ClassLoaders$AppClassLoader@64b8f8f4
21:47:38.590 [main] DEBUG l.s.DefaultPackageScanClassResolver - Loaded the class: class liquibase.logging.LogLevel in classloader: jdk.internal.loader.ClassLoaders$AppClassLoader@64b8f8f4
21:47:38.590 [main] DEBUG l.s.DefaultPackageScanClassResolver - Loaded the class: interface liquibase.logging.Logger in classloader: jdk.internal.loader.ClassLoaders$AppClassLoader@64b8f8f4
21:47:38.590 [main] DEBUG l.s.DefaultPackageScanClassResolver - Loaded the class: class liquibase.logging.core.Slf4jLoggerContext in classloader: jdk.internal.loader.ClassLoaders$AppClassLoader@64b8f8f4
21:47:38.591 [main] DEBUG l.s.DefaultPackageScanClassResolver - Loaded the class: class liquibase.logging.core.DefaultLoggerConfiguration in classloader: jdk.internal.loader.ClassLoaders$AppClassLoader@64b8f8f4
21:47:38.591 [main] DEBUG l.s.DefaultPackageScanClassResolver - Loaded the class: class liquibase.logging.core.AbstractLoggerFactory in classloader: jdk.internal.loader.ClassLoaders$AppClassLoader@64b8f8f4
21:47:38.591 [main] DEBUG l.s.DefaultPackageScanClassResolver - Loaded the class: class liquibase.logging.core.Slf4jLogger in classloader: jdk.internal.loader.ClassLoaders$AppClassLoader@64b8f8f4
21:47:38.591 [main] DEBUG l.s.DefaultPackageScanClassResolver - Loaded the class: class liquibase.logging.LogType in classloader: jdk.internal.loader.ClassLoaders$AppClassLoader@64b8f8f4
21:47:38.591 [main] DEBUG l.s.DefaultPackageScanClassResolver - Searching for: is assignable to Change in package: liquibase/logging
21:47:38.591 [main] DEBUG l.s.DefaultPackageScanClassResolver - Searching for all classes in package: liquibase/diff using classloader: jdk.internal.loader.ClassLoaders$AppClassLoader
21:47:38.591 [main] DEBUG l.s.DefaultPackageScanClassResolver - Getting resource URL for package: liquibase/diff with classloader: jdk.internal.loader.ClassLoaders$AppClassLoader@64b8f8f4
21:47:38.592 [main] DEBUG l.s.DefaultPackageScanClassResolver - URL from classloader: jar:file:/Users/jajecnik.marci/.m2/repository/org/liquibase/liquibase-core/3.10.3/liquibase-core-3.10.3.jar!/liquibase/diff/
21:47:38.592 [main] DEBUG l.s.DefaultPackageScanClassResolver - Decoded urlPath: file:/Users/jajecnik.marci/.m2/repository/org/liquibase/liquibase-core/3.10.3/liquibase-core-3.10.3.jar!/liquibase/diff/ with protocol: jar
21:47:38.592 [main] DEBUG l.s.DefaultPackageScanClassResolver - Loading from jar using file: /Users/jajecnik.marci/.m2/repository/org/liquibase/liquibase-core/3.10.3/liquibase-core-3.10.3.jar
21:47:38.593 [main] DEBUG l.s.DefaultPackageScanClassResolver - Loaded the class: class liquibase.diff.compare.core.IndexComparator$1 in classloader: jdk.internal.loader.ClassLoaders$AppClassLoader@64b8f8f4
21:47:38.593 [main] DEBUG l.s.DefaultPackageScanClassResolver - Loaded the class: class liquibase.diff.output.changelog.DiffToChangeLog$7 in classloader: jdk.internal.loader.ClassLoaders$AppClassLoader@64b8f8f4
21:47:38.594 [main] DEBUG l.s.DefaultPackageScanClassResolver - Loaded the class: class liquibase.diff.output.changelog.DiffToChangeLog$10 in classloader: jdk.internal.loader.ClassLoaders$AppClassLoader@64b8f8f4
21:47:38.595 [main] DEBUG l.s.DefaultPackageScanClassResolver - Loaded the class: class liquibase.diff.output.changelog.core.UnexpectedUniqueConstraintChangeGenerator in classloader: jdk.internal.loader.ClassLoaders$AppClassLoader@64b8f8f4
21:47:38.595 [main] DEBUG l.s.DefaultPackageScanClassResolver - Loaded the class: class liquibase.diff.output.StandardObjectChangeFilter$FilterType in classloader: jdk.internal.loader.ClassLoaders$AppClassLoader@64b8f8f4
21:47:38.596 [main] DEBUG l.s.DefaultPackageScanClassResolver - Loaded the class: class liquibase.diff.compare.core.ForeignKeyComparator in classloader: jdk.internal.loader.ClassLoaders$AppClassLoader@64b8f8f4
21:47:38.596 [main] DEBUG l.s.DefaultPackageScanClassResolver - Loaded the class: interface liquibase.diff.DiffStatusListener in classloader: jdk.internal.loader.ClassLoaders$AppClassLoader@64b8f8f4
21:47:38.597 [main] DEBUG l.s.DefaultPackageScanClassResolver - Loaded the class: class liquibase.diff.output.changelog.core.ChangedViewChangeGenerator in classloader: jdk.internal.loader.ClassLoaders$AppClassLoader@64b8f8f4
21:47:38.598 [main] DEBUG l.s.DefaultPackageScanClassResolver - Loaded the class: class liquibase.diff.output.changelog.core.ChangedForeignKeyChangeGenerator$1 in classloader: jdk.internal.loader.ClassLoaders$AppClassLoader@64b8f8f4
21:47:38.598 [main] DEBUG l.s.DefaultPackageScanClassResolver - Loaded the class: class liquibase.diff.compare.core.DefaultDatabaseObjectComparator in classloader: jdk.internal.loader.ClassLoaders$AppClassLoader@64b8f8f4
21:47:38.599 [main] DEBUG l.s.DefaultPackageScanClassResolver - Loaded the class: class liquibase.diff.output.changelog.DiffToChangeLog$2 in classloader: jdk.internal.loader.ClassLoaders$AppClassLoader@64b8f8f4
21:47:38.600 [main] DEBUG l.s.DefaultPackageScanClassResolver - Loaded the class: class liquibase.diff.output.changelog.core.ChangedColumnChangeGenerator in classloader: jdk.internal.loader.ClassLoaders$AppClassLoader@64b8f8f4
21:47:38.600 [main] DEBUG l.s.DefaultPackageScanClassResolver - Loaded the class: class liquibase.diff.output.changelog.core.MissingForeignKeyChangeGenerator in classloader: jdk.internal.loader.ClassLoaders$AppClassLoader@64b8f8f4
21:47:38.601 [main] DEBUG l.s.DefaultPackageScanClassResolver - Loaded the class: class liquibase.diff.output.changelog.core.MissingIndexChangeGenerator in classloader: jdk.internal.loader.ClassLoaders$AppClassLoader@64b8f8f4
21:47:38.601 [main] DEBUG l.s.DefaultPackageScanClassResolver - Loaded the class: class liquibase.diff.output.changelog.DiffToChangeLog$DependencyGraph$Edge in classloader: jdk.internal.loader.ClassLoaders$AppClassLoader@64b8f8f4
21:47:38.602 [main] DEBUG l.s.DefaultPackageScanClassResolver - Loaded the class: class liquibase.diff.output.changelog.DiffToChangeLog in classloader: jdk.internal.loader.ClassLoaders$AppClassLoader@64b8f8f4
21:47:38.603 [main] DEBUG l.s.DefaultPackageScanClassResolver - Loaded the class: class liquibase.diff.output.changelog.core.ChangedSequenceChangeGenerator in classloader: jdk.internal.loader.ClassLoaders$AppClassLoader@64b8f8f4
21:47:38.603 [main] DEBUG l.s.DefaultPackageScanClassResolver - Loaded the class: class liquibase.diff.output.changelog.core.ChangedIndexChangeGenerator$1 in classloader: jdk.internal.loader.ClassLoaders$AppClassLoader@64b8f8f4
21:47:38.604 [main] DEBUG l.s.DefaultPackageScanClassResolver - Loaded the class: class liquibase.diff.ObjectDifferences in classloader: jdk.internal.loader.ClassLoaders$AppClassLoader@64b8f8f4
21:47:38.604 [main] DEBUG l.s.DefaultPackageScanClassResolver - Loaded the class: interface liquibase.diff.output.changelog.ChangedObjectChangeGenerator in classloader: jdk.internal.loader.ClassLoaders$AppClassLoader@64b8f8f4
21:47:38.604 [main] DEBUG l.s.DefaultPackageScanClassResolver - Loaded the class: class liquibase.diff.compare.CompareControl$DatabaseRole in classloader: jdk.internal.loader.ClassLoaders$AppClassLoader@64b8f8f4
21:47:38.605 [main] DEBUG l.s.DefaultPackageScanClassResolver - Loaded the class: class liquibase.diff.DiffGeneratorFactory in classloader: jdk.internal.loader.ClassLoaders$AppClassLoader@64b8f8f4
21:47:38.605 [main] DEBUG l.s.DefaultPackageScanClassResolver - Loaded the class: class liquibase.diff.output.changelog.core.UnexpectedForeignKeyChangeGenerator in classloader: jdk.internal.loader.ClassLoaders$AppClassLoader@64b8f8f4
21:47:38.606 [main] DEBUG l.s.DefaultPackageScanClassResolver - Loaded the class: class liquibase.diff.output.changelog.core.MissingColumnChangeGenerator in classloader: jdk.internal.loader.ClassLoaders$AppClassLoader@64b8f8f4
21:47:38.607 [main] DEBUG l.s.DefaultPackageScanClassResolver - Loaded the class: class liquibase.diff.output.changelog.core.MissingPrimaryKeyChangeGenerator in classloader: jdk.internal.loader.ClassLoaders$AppClassLoader@64b8f8f4
21:47:38.607 [main] DEBUG l.s.DefaultPackageScanClassResolver - Loaded the class: class liquibase.diff.output.changelog.core.MissingViewChangeGenerator in classloader: jdk.internal.loader.ClassLoaders$AppClassLoader@64b8f8f4
21:47:38.608 [main] DEBUG l.s.DefaultPackageScanClassResolver - Loaded the class: class liquibase.diff.output.changelog.core.UnexpectedViewChangeGenerator in classloader: jdk.internal.loader.ClassLoaders$AppClassLoader@64b8f8f4
21:47:38.608 [main] DEBUG l.s.DefaultPackageScanClassResolver - Loaded the class: class liquibase.diff.output.DiffOutputControl$DatabaseForHash in classloader: jdk.internal.loader.ClassLoaders$AppClassLoader@64b8f8f4
21:47:38.609 [main] DEBUG l.s.DefaultPackageScanClassResolver - Loaded the class: class liquibase.diff.output.report.DiffToReport in classloader: jdk.internal.loader.ClassLoaders$AppClassLoader@64b8f8f4
21:47:38.610 [main] DEBUG l.s.DefaultPackageScanClassResolver - Loaded the class: class liquibase.diff.compare.core.ColumnComparator in classloader: jdk.internal.loader.ClassLoaders$AppClassLoader@64b8f8f4
21:47:38.610 [main] DEBUG l.s.DefaultPackageScanClassResolver - Loaded the class: class liquibase.diff.ObjectDifferences$DataTypeCompareFunction in classloader: jdk.internal.loader.ClassLoaders$AppClassLoader@64b8f8f4
21:47:38.611 [main] DEBUG l.s.DefaultPackageScanClassResolver - Loaded the class: class liquibase.diff.compare.core.IndexComparator in classloader: jdk.internal.loader.ClassLoaders$AppClassLoader@64b8f8f4
21:47:38.611 [main] DEBUG l.s.DefaultPackageScanClassResolver - Loaded the class: class liquibase.diff.output.changelog.ChangeGeneratorComparator in classloader: jdk.internal.loader.ClassLoaders$AppClassLoader@64b8f8f4
21:47:38.611 [main] DEBUG l.s.DefaultPackageScanClassResolver - Loaded the class: interface liquibase.diff.output.changelog.ChangeGenerator in classloader: jdk.internal.loader.ClassLoaders$AppClassLoader@64b8f8f4
21:47:38.612 [main] DEBUG l.s.DefaultPackageScanClassResolver - Loaded the class: class liquibase.diff.ObjectDifferences$DatabaseObjectNameCompareFunction in classloader: jdk.internal.loader.ClassLoaders$AppClassLoader@64b8f8f4
21:47:38.612 [main] DEBUG l.s.DefaultPackageScanClassResolver - Loaded the class: class liquibase.diff.output.changelog.core.UnexpectedPrimaryKeyChangeGenerator in classloader: jdk.internal.loader.ClassLoaders$AppClassLoader@64b8f8f4
21:47:38.612 [main] DEBUG l.s.DefaultPackageScanClassResolver - Loaded the class: class liquibase.diff.ObjectDifferences$ToStringCompareFunction in classloader: jdk.internal.loader.ClassLoaders$AppClassLoader@64b8f8f4
21:47:38.612 [main] DEBUG l.s.DefaultPackageScanClassResolver - Loaded the class: class liquibase.diff.output.changelog.AbstractChangeGenerator in classloader: jdk.internal.loader.ClassLoaders$AppClassLoader@64b8f8f4
21:47:38.613 [main] DEBUG l.s.DefaultPackageScanClassResolver - Loaded the class: class liquibase.diff.output.changelog.core.MissingTableChangeGenerator in classloader: jdk.internal.loader.ClassLoaders$AppClassLoader@64b8f8f4
21:47:38.614 [main] DEBUG l.s.DefaultPackageScanClassResolver - Loaded the class: class liquibase.diff.output.changelog.DiffToChangeLog$14 in classloader: jdk.internal.loader.ClassLoaders$AppClassLoader@64b8f8f4
21:47:38.614 [main] DEBUG l.s.DefaultPackageScanClassResolver - Loaded the class: class liquibase.diff.output.changelog.core.ChangedIndexChangeGenerator in classloader: jdk.internal.loader.ClassLoaders$AppClassLoader@64b8f8f4
21:47:38.614 [main] DEBUG l.s.DefaultPackageScanClassResolver - Loaded the class: class liquibase.diff.ObjectDifferences$UnOrderedCollectionCompareFunction in classloader: jdk.internal.loader.ClassLoaders$AppClassLoader@64b8f8f4
21:47:38.615 [main] DEBUG l.s.DefaultPackageScanClassResolver - Loaded the class: class liquibase.diff.output.DiffOutputControl in classloader: jdk.internal.loader.ClassLoaders$AppClassLoader@64b8f8f4
21:47:38.615 [main] DEBUG l.s.DefaultPackageScanClassResolver - Loaded the class: class liquibase.diff.ObjectDifferences$OrderedCollectionCompareFunction in classloader: jdk.internal.loader.ClassLoaders$AppClassLoader@64b8f8f4
21:47:38.615 [main] DEBUG l.s.DefaultPackageScanClassResolver - Loaded the class: class liquibase.diff.ObjectDifferences$StandardCompareFunction in classloader: jdk.internal.loader.ClassLoaders$AppClassLoader@64b8f8f4
21:47:38.616 [main] DEBUG l.s.DefaultPackageScanClassResolver - Loaded the class: class liquibase.diff.compare.core.UniqueConstraintComparator in classloader: jdk.internal.loader.ClassLoaders$AppClassLoader@64b8f8f4
21:47:38.616 [main] DEBUG l.s.DefaultPackageScanClassResolver - Loaded the class: class liquibase.diff.output.report.DiffToReport$1 in classloader: jdk.internal.loader.ClassLoaders$AppClassLoader@64b8f8f4
21:47:38.617 [main] DEBUG l.s.DefaultPackageScanClassResolver - Loaded the class: class liquibase.diff.output.report.DiffToReport$2 in classloader: jdk.internal.loader.ClassLoaders$AppClassLoader@64b8f8f4
21:47:38.617 [main] DEBUG l.s.DefaultPackageScanClassResolver - Loaded the class: class liquibase.diff.output.changelog.DiffToChangeLog$11 in classloader: jdk.internal.loader.ClassLoaders$AppClassLoader@64b8f8f4
21:47:38.617 [main] DEBUG l.s.DefaultPackageScanClassResolver - Loaded the class: class liquibase.diff.output.changelog.core.ChangedViewChangeGenerator$1 in classloader: jdk.internal.loader.ClassLoaders$AppClassLoader@64b8f8f4
21:47:38.618 [main] DEBUG l.s.DefaultPackageScanClassResolver - Loaded the class: class liquibase.diff.output.changelog.DiffToChangeLog$12 in classloader: jdk.internal.loader.ClassLoaders$AppClassLoader@64b8f8f4
21:47:38.619 [main] DEBUG l.s.DefaultPackageScanClassResolver - Loaded the class: class liquibase.diff.compare.DatabaseObjectComparatorFactory in classloader: jdk.internal.loader.ClassLoaders$AppClassLoader@64b8f8f4
21:47:38.619 [main] DEBUG l.s.DefaultPackageScanClassResolver - Loaded the class: class liquibase.diff.output.changelog.DiffToChangeLog$13 in classloader: jdk.internal.loader.ClassLoaders$AppClassLoader@64b8f8f4
21:47:38.620 [main] DEBUG l.s.DefaultPackageScanClassResolver - Loaded the class: class liquibase.diff.Difference in classloader: jdk.internal.loader.ClassLoaders$AppClassLoader@64b8f8f4
21:47:38.620 [main] DEBUG l.s.DefaultPackageScanClassResolver - Loaded the class: interface liquibase.diff.ObjectDifferences$CompareFunction in classloader: jdk.internal.loader.ClassLoaders$AppClassLoader@64b8f8f4
21:47:38.620 [main] DEBUG l.s.DefaultPackageScanClassResolver - Loaded the class: class liquibase.diff.output.changelog.DiffToChangeLog$15 in classloader: jdk.internal.loader.ClassLoaders$AppClassLoader@64b8f8f4
21:47:38.620 [main] DEBUG l.s.DefaultPackageScanClassResolver - Loaded the class: class liquibase.diff.compare.core.PrimaryKeyComparator in classloader: jdk.internal.loader.ClassLoaders$AppClassLoader@64b8f8f4
21:47:38.621 [main] DEBUG l.s.DefaultPackageScanClassResolver - Loaded the class: class liquibase.diff.core.StandardDiffGenerator in classloader: jdk.internal.loader.ClassLoaders$AppClassLoader@64b8f8f4
21:47:38.622 [main] DEBUG l.s.DefaultPackageScanClassResolver - Loaded the class: class liquibase.diff.compare.core.SchemaComparator in classloader: jdk.internal.loader.ClassLoaders$AppClassLoader@64b8f8f4
21:47:38.623 [main] DEBUG l.s.DefaultPackageScanClassResolver - Loaded the class: class liquibase.diff.compare.core.ForeignKeyComparator$1 in classloader: jdk.internal.loader.ClassLoaders$AppClassLoader@64b8f8f4
21:47:38.623 [main] DEBUG l.s.DefaultPackageScanClassResolver - Loaded the class: interface liquibase.diff.output.changelog.UnexpectedObjectChangeGenerator in classloader: jdk.internal.loader.ClassLoaders$AppClassLoader@64b8f8f4
21:47:38.623 [main] DEBUG l.s.DefaultPackageScanClassResolver - Loaded the class: class liquibase.diff.compare.DatabaseObjectComparatorComparator in classloader: jdk.internal.loader.ClassLoaders$AppClassLoader@64b8f8f4
21:47:38.624 [main] DEBUG l.s.DefaultPackageScanClassResolver - Loaded the class: class liquibase.diff.output.changelog.core.MissingForeignKeyChangeGenerator$1 in classloader: jdk.internal.loader.ClassLoaders$AppClassLoader@64b8f8f4
21:47:38.624 [main] DEBUG l.s.DefaultPackageScanClassResolver - Loaded the class: class liquibase.diff.output.changelog.core.MissingSequenceChangeGenerator in classloader: jdk.internal.loader.ClassLoaders$AppClassLoader@64b8f8f4
21:47:38.625 [main] DEBUG l.s.DefaultPackageScanClassResolver - Loaded the class: class liquibase.diff.compare.core.TableComparator in classloader: jdk.internal.loader.ClassLoaders$AppClassLoader@64b8f8f4
21:47:38.625 [main] DEBUG l.s.DefaultPackageScanClassResolver - Loaded the class: class liquibase.diff.compare.CompareControl$SchemaComparison in classloader: jdk.internal.loader.ClassLoaders$AppClassLoader@64b8f8f4
21:47:38.626 [main] DEBUG l.s.DefaultPackageScanClassResolver - Loaded the class: class liquibase.diff.output.changelog.DiffToChangeLog$DependencyGraph$1 in classloader: jdk.internal.loader.ClassLoaders$AppClassLoader@64b8f8f4
21:47:38.626 [main] DEBUG l.s.DefaultPackageScanClassResolver - Loaded the class: class liquibase.diff.output.changelog.DiffToChangeLog$DependencyGraph$Node in classloader: jdk.internal.loader.ClassLoaders$AppClassLoader@64b8f8f4
21:47:38.627 [main] DEBUG l.s.DefaultPackageScanClassResolver - Loaded the class: class liquibase.diff.compare.CompareControl in classloader: jdk.internal.loader.ClassLoaders$AppClassLoader@64b8f8f4
21:47:38.627 [main] DEBUG l.s.DefaultPackageScanClassResolver - Loaded the class: interface liquibase.diff.DiffGenerator in classloader: jdk.internal.loader.ClassLoaders$AppClassLoader@64b8f8f4
21:47:38.628 [main] DEBUG l.s.DefaultPackageScanClassResolver - Loaded the class: class liquibase.diff.output.changelog.core.ChangedPrimaryKeyChangeGenerator in classloader: jdk.internal.loader.ClassLoaders$AppClassLoader@64b8f8f4
21:47:38.628 [main] DEBUG l.s.DefaultPackageScanClassResolver - Loaded the class: class liquibase.diff.output.changelog.core.ChangedUniqueConstraintChangeGenerator in classloader: jdk.internal.loader.ClassLoaders$AppClassLoader@64b8f8f4
21:47:38.629 [main] DEBUG l.s.DefaultPackageScanClassResolver - Loaded the class: class liquibase.diff.output.changelog.DiffToChangeLog$3 in classloader: jdk.internal.loader.ClassLoaders$AppClassLoader@64b8f8f4
21:47:38.629 [main] DEBUG l.s.DefaultPackageScanClassResolver - Loaded the class: class liquibase.diff.output.StandardObjectChangeFilter in classloader: jdk.internal.loader.ClassLoaders$AppClassLoader@64b8f8f4
21:47:38.630 [main] DEBUG l.s.DefaultPackageScanClassResolver - Loaded the class: class liquibase.diff.compare.core.PrimaryKeyComparator$1 in classloader: jdk.internal.loader.ClassLoaders$AppClassLoader@64b8f8f4
21:47:38.630 [main] DEBUG l.s.DefaultPackageScanClassResolver - Loaded the class: class liquibase.diff.output.changelog.core.MissingUniqueConstraintChangeGenerator in classloader: jdk.internal.loader.ClassLoaders$AppClassLoader@64b8f8f4
21:47:38.630 [main] DEBUG l.s.DefaultPackageScanClassResolver - Loaded the class: class liquibase.diff.output.changelog.DiffToChangeLog$6 in classloader: jdk.internal.loader.ClassLoaders$AppClassLoader@64b8f8f4
21:47:38.631 [main] DEBUG l.s.DefaultPackageScanClassResolver - Loaded the class: class liquibase.diff.output.changelog.DiffToChangeLog$8 in classloader: jdk.internal.loader.ClassLoaders$AppClassLoader@64b8f8f4
21:47:38.631 [main] DEBUG l.s.DefaultPackageScanClassResolver - Loaded the class: class liquibase.diff.compare.CompareControl$ComputedSchemas in classloader: jdk.internal.loader.ClassLoaders$AppClassLoader@64b8f8f4
21:47:38.631 [main] DEBUG l.s.DefaultPackageScanClassResolver - Loaded the class: interface liquibase.diff.compare.DatabaseObjectComparator in classloader: jdk.internal.loader.ClassLoaders$AppClassLoader@64b8f8f4
21:47:38.631 [main] DEBUG l.s.DefaultPackageScanClassResolver - Loaded the class: class liquibase.diff.DiffGeneratorFactory$1 in classloader: jdk.internal.loader.ClassLoaders$AppClassLoader@64b8f8f4
21:47:38.632 [main] DEBUG l.s.DefaultPackageScanClassResolver - Loaded the class: class liquibase.diff.DiffResult in classloader: jdk.internal.loader.ClassLoaders$AppClassLoader@64b8f8f4
21:47:38.632 [main] DEBUG l.s.DefaultPackageScanClassResolver - Loaded the class: class liquibase.diff.compare.core.UniqueConstraintComparator$1 in classloader: jdk.internal.loader.ClassLoaders$AppClassLoader@64b8f8f4
21:47:38.632 [main] DEBUG l.s.DefaultPackageScanClassResolver - Loaded the class: interface liquibase.diff.output.changelog.MissingObjectChangeGenerator in classloader: jdk.internal.loader.ClassLoaders$AppClassLoader@64b8f8f4
21:47:38.633 [main] DEBUG l.s.DefaultPackageScanClassResolver - Loaded the class: class liquibase.diff.StringDiff in classloader: jdk.internal.loader.ClassLoaders$AppClassLoader@64b8f8f4
21:47:38.633 [main] DEBUG l.s.DefaultPackageScanClassResolver - Loaded the class: class liquibase.diff.output.changelog.core.UnexpectedColumnChangeGenerator in classloader: jdk.internal.loader.ClassLoaders$AppClassLoader@64b8f8f4
21:47:38.633 [main] DEBUG l.s.DefaultPackageScanClassResolver - Loaded the class: class liquibase.diff.output.changelog.DiffToChangeLog$9 in classloader: jdk.internal.loader.ClassLoaders$AppClassLoader@64b8f8f4
21:47:38.634 [main] DEBUG l.s.DefaultPackageScanClassResolver - Loaded the class: class liquibase.diff.output.changelog.core.MissingDataExternalFileChangeGenerator in classloader: jdk.internal.loader.ClassLoaders$AppClassLoader@64b8f8f4
21:47:38.634 [main] DEBUG l.s.DefaultPackageScanClassResolver - Loaded the class: class liquibase.diff.output.changelog.core.ChangedTableChangeGenerator in classloader: jdk.internal.loader.ClassLoaders$AppClassLoader@64b8f8f4
21:47:38.635 [main] DEBUG l.s.DefaultPackageScanClassResolver - Loaded the class: class liquibase.diff.output.StandardObjectChangeFilter$Filter in classloader: jdk.internal.loader.ClassLoaders$AppClassLoader@64b8f8f4
21:47:38.635 [main] DEBUG l.s.DefaultPackageScanClassResolver - Loaded the class: class liquibase.diff.output.changelog.DiffToChangeLog$5 in classloader: jdk.internal.loader.ClassLoaders$AppClassLoader@64b8f8f4
21:47:38.635 [main] DEBUG l.s.DefaultPackageScanClassResolver - Loaded the class: class liquibase.diff.output.DiffOutputControl$1 in classloader: jdk.internal.loader.ClassLoaders$AppClassLoader@64b8f8f4
21:47:38.635 [main] DEBUG l.s.DefaultPackageScanClassResolver - Loaded the class: class liquibase.diff.output.changelog.core.MissingDataChangeGenerator in classloader: jdk.internal.loader.ClassLoaders$AppClassLoader@64b8f8f4
21:47:38.636 [main] DEBUG l.s.DefaultPackageScanClassResolver - Loaded the class: class liquibase.diff.output.changelog.core.UnexpectedSequenceChangeGenerator in classloader: jdk.internal.loader.ClassLoaders$AppClassLoader@64b8f8f4
21:47:38.636 [main] DEBUG l.s.DefaultPackageScanClassResolver - Loaded the class: class liquibase.diff.output.changelog.core.UnexpectedTableChangeGenerator in classloader: jdk.internal.loader.ClassLoaders$AppClassLoader@64b8f8f4
21:47:38.637 [main] DEBUG l.s.DefaultPackageScanClassResolver - Loaded the class: class liquibase.diff.output.changelog.DiffToChangeLog$4 in classloader: jdk.internal.loader.ClassLoaders$AppClassLoader@64b8f8f4
21:47:38.637 [main] DEBUG l.s.DefaultPackageScanClassResolver - Loaded the class: class liquibase.diff.output.changelog.core.UnexpectedIndexChangeGenerator in classloader: jdk.internal.loader.ClassLoaders$AppClassLoader@64b8f8f4
21:47:38.637 [main] DEBUG l.s.DefaultPackageScanClassResolver - Loaded the class: class liquibase.diff.output.changelog.DiffToChangeLog$1 in classloader: jdk.internal.loader.ClassLoaders$AppClassLoader@64b8f8f4
21:47:38.638 [main] DEBUG l.s.DefaultPackageScanClassResolver - Loaded the class: class liquibase.diff.output.changelog.core.ChangedForeignKeyChangeGenerator in classloader: jdk.internal.loader.ClassLoaders$AppClassLoader@64b8f8f4
21:47:38.638 [main] DEBUG l.s.DefaultPackageScanClassResolver - Loaded the class: class liquibase.diff.compare.core.CommonCatalogSchemaComparator in classloader: jdk.internal.loader.ClassLoaders$AppClassLoader@64b8f8f4
21:47:38.638 [main] DEBUG l.s.DefaultPackageScanClassResolver - Loaded the class: class liquibase.diff.compare.core.CatalogComparator in classloader: jdk.internal.loader.ClassLoaders$AppClassLoader@64b8f8f4
21:47:38.639 [main] DEBUG l.s.DefaultPackageScanClassResolver - Loaded the class: class liquibase.diff.output.changelog.core.MissingViewChangeGenerator$1 in classloader: jdk.internal.loader.ClassLoaders$AppClassLoader@64b8f8f4
21:47:38.639 [main] DEBUG l.s.DefaultPackageScanClassResolver - Loaded the class: interface liquibase.diff.output.ObjectChangeFilter in classloader: jdk.internal.loader.ClassLoaders$AppClassLoader@64b8f8f4
21:47:38.639 [main] DEBUG l.s.DefaultPackageScanClassResolver - Loaded the class: class liquibase.diff.output.changelog.core.MissingForeignKeyChangeGenerator$2 in classloader: jdk.internal.loader.ClassLoaders$AppClassLoader@64b8f8f4
21:47:38.639 [main] DEBUG l.s.DefaultPackageScanClassResolver - Loaded the class: class liquibase.diff.output.changelog.DiffToChangeLog$DependencyGraph in classloader: jdk.internal.loader.ClassLoaders$AppClassLoader@64b8f8f4
21:47:38.640 [main] DEBUG l.s.DefaultPackageScanClassResolver - Loaded the class: class liquibase.diff.output.changelog.ChangeGeneratorFactory in classloader: jdk.internal.loader.ClassLoaders$AppClassLoader@64b8f8f4
21:47:38.640 [main] DEBUG l.s.DefaultPackageScanClassResolver - Loaded the class: class liquibase.diff.output.changelog.ChangeGeneratorChain in classloader: jdk.internal.loader.ClassLoaders$AppClassLoader@64b8f8f4
21:47:38.641 [main] DEBUG l.s.DefaultPackageScanClassResolver - Loaded the class: class liquibase.diff.compare.DatabaseObjectComparatorChain in classloader: jdk.internal.loader.ClassLoaders$AppClassLoader@64b8f8f4
21:47:38.641 [main] DEBUG l.s.DefaultPackageScanClassResolver - Searching for: is assignable to Change in package: liquibase/diff
21:47:38.641 [main] DEBUG l.s.DefaultPackageScanClassResolver - Searching for all classes in package: liquibase/structure using classloader: jdk.internal.loader.ClassLoaders$AppClassLoader
21:47:38.641 [main] DEBUG l.s.DefaultPackageScanClassResolver - Getting resource URL for package: liquibase/structure with classloader: jdk.internal.loader.ClassLoaders$AppClassLoader@64b8f8f4
21:47:38.641 [main] DEBUG l.s.DefaultPackageScanClassResolver - URL from classloader: jar:file:/Users/jajecnik.marci/.m2/repository/org/liquibase/liquibase-core/3.10.3/liquibase-core-3.10.3.jar!/liquibase/structure/
21:47:38.641 [main] DEBUG l.s.DefaultPackageScanClassResolver - Decoded urlPath: file:/Users/jajecnik.marci/.m2/repository/org/liquibase/liquibase-core/3.10.3/liquibase-core-3.10.3.jar!/liquibase/structure/ with protocol: jar
21:47:38.641 [main] DEBUG l.s.DefaultPackageScanClassResolver - Loading from jar using file: /Users/jajecnik.marci/.m2/repository/org/liquibase/liquibase-core/3.10.3/liquibase-core-3.10.3.jar
21:47:38.642 [main] DEBUG l.s.DefaultPackageScanClassResolver - Loaded the class: class liquibase.structure.core.DataType in classloader: jdk.internal.loader.ClassLoaders$AppClassLoader@64b8f8f4
21:47:38.642 [main] DEBUG l.s.DefaultPackageScanClassResolver - Loaded the class: interface liquibase.structure.DatabaseObject in classloader: jdk.internal.loader.ClassLoaders$AppClassLoader@64b8f8f4
21:47:38.642 [main] DEBUG l.s.DefaultPackageScanClassResolver - Loaded the class: interface liquibase.structure.CatalogLevelObject in classloader: jdk.internal.loader.ClassLoaders$AppClassLoader@64b8f8f4
21:47:38.642 [main] DEBUG l.s.DefaultPackageScanClassResolver - Loaded the class: class liquibase.structure.core.StoredDatabaseLogic in classloader: jdk.internal.loader.ClassLoaders$AppClassLoader@64b8f8f4
21:47:38.643 [main] DEBUG l.s.DefaultPackageScanClassResolver - Loaded the class: class liquibase.structure.core.Index in classloader: jdk.internal.loader.ClassLoaders$AppClassLoader@64b8f8f4
21:47:38.643 [main] DEBUG l.s.DefaultPackageScanClassResolver - Loaded the class: class liquibase.structure.core.ForeignKey in classloader: jdk.internal.loader.ClassLoaders$AppClassLoader@64b8f8f4
21:47:38.644 [main] DEBUG l.s.DefaultPackageScanClassResolver - Loaded the class: class liquibase.structure.core.Column$AutoIncrementInformation in classloader: jdk.internal.loader.ClassLoaders$AppClassLoader@64b8f8f4
21:47:38.644 [main] DEBUG l.s.DefaultPackageScanClassResolver - Loaded the class: class liquibase.structure.core.ForeignKey$3 in classloader: jdk.internal.loader.ClassLoaders$AppClassLoader@64b8f8f4
21:47:38.644 [main] DEBUG l.s.DefaultPackageScanClassResolver - Loaded the class: class liquibase.structure.core.ForeignKey$2 in classloader: jdk.internal.loader.ClassLoaders$AppClassLoader@64b8f8f4
21:47:38.644 [main] DEBUG l.s.DefaultPackageScanClassResolver - Loaded the class: interface liquibase.structure.DatabaseLevelObject in classloader: jdk.internal.loader.ClassLoaders$AppClassLoader@64b8f8f4
21:47:38.645 [main] DEBUG l.s.DefaultPackageScanClassResolver - Loaded the class: class liquibase.structure.core.Schema in classloader: jdk.internal.loader.ClassLoaders$AppClassLoader@64b8f8f4
21:47:38.645 [main] DEBUG l.s.DefaultPackageScanClassResolver - Loaded the class: class liquibase.structure.core.Data in classloader: jdk.internal.loader.ClassLoaders$AppClassLoader@64b8f8f4
21:47:38.646 [main] DEBUG l.s.DefaultPackageScanClassResolver - Loaded the class: class liquibase.structure.core.Sequence in classloader: jdk.internal.loader.ClassLoaders$AppClassLoader@64b8f8f4
21:47:38.646 [main] DEBUG l.s.DefaultPackageScanClassResolver - Loaded the class: class liquibase.structure.AbstractDatabaseObject in classloader: jdk.internal.loader.ClassLoaders$AppClassLoader@64b8f8f4
21:47:38.647 [main] DEBUG l.s.DefaultPackageScanClassResolver - Loaded the class: class liquibase.structure.core.PrimaryKey in classloader: jdk.internal.loader.ClassLoaders$AppClassLoader@64b8f8f4
21:47:38.647 [main] DEBUG l.s.DefaultPackageScanClassResolver - Loaded the class: class liquibase.structure.DatabaseObjectComparator in classloader: jdk.internal.loader.ClassLoaders$AppClassLoader@64b8f8f4
21:47:38.648 [main] DEBUG l.s.DefaultPackageScanClassResolver - Loaded the class: class liquibase.structure.core.Table in classloader: jdk.internal.loader.ClassLoaders$AppClassLoader@64b8f8f4
21:47:38.648 [main] DEBUG l.s.DefaultPackageScanClassResolver - Loaded the class: class liquibase.structure.core.DataType$ColumnSizeUnit in classloader: jdk.internal.loader.ClassLoaders$AppClassLoader@64b8f8f4
21:47:38.649 [main] DEBUG l.s.DefaultPackageScanClassResolver - Loaded the class: class liquibase.structure.DatabaseObjectCollection$1 in classloader: jdk.internal.loader.ClassLoaders$AppClassLoader@64b8f8f4
21:47:38.649 [main] DEBUG l.s.DefaultPackageScanClassResolver - Loaded the class: class liquibase.structure.core.Column in classloader: jdk.internal.loader.ClassLoaders$AppClassLoader@64b8f8f4
21:47:38.649 [main] DEBUG l.s.DefaultPackageScanClassResolver - Loaded the class: class liquibase.structure.core.UniqueConstraint$1 in classloader: jdk.internal.loader.ClassLoaders$AppClassLoader@64b8f8f4
21:47:38.649 [main] DEBUG l.s.DefaultPackageScanClassResolver - Loaded the class: class liquibase.structure.core.PrimaryKey$1 in classloader: jdk.internal.loader.ClassLoaders$AppClassLoader@64b8f8f4
21:47:38.649 [main] DEBUG l.s.DefaultPackageScanClassResolver - Loaded the class: class liquibase.structure.core.ForeignKey$4 in classloader: jdk.internal.loader.ClassLoaders$AppClassLoader@64b8f8f4
21:47:38.650 [main] DEBUG l.s.DefaultPackageScanClassResolver - Loaded the class: class liquibase.structure.core.ForeignKey$1 in classloader: jdk.internal.loader.ClassLoaders$AppClassLoader@64b8f8f4
21:47:38.650 [main] DEBUG l.s.DefaultPackageScanClassResolver - Loaded the class: class liquibase.structure.core.DatabaseObjectFactory in classloader: jdk.internal.loader.ClassLoaders$AppClassLoader@64b8f8f4
21:47:38.650 [main] DEBUG l.s.DefaultPackageScanClassResolver - Loaded the class: class liquibase.structure.DatabaseObjectCollection in classloader: jdk.internal.loader.ClassLoaders$AppClassLoader@64b8f8f4
21:47:38.651 [main] DEBUG l.s.DefaultPackageScanClassResolver - Loaded the class: class liquibase.structure.core.Relation in classloader: jdk.internal.loader.ClassLoaders$AppClassLoader@64b8f8f4
21:47:38.651 [main] DEBUG l.s.DefaultPackageScanClassResolver - Loaded the class: class liquibase.structure.core.UniqueConstraint in classloader: jdk.internal.loader.ClassLoaders$AppClassLoader@64b8f8f4
21:47:38.651 [main] DEBUG l.s.DefaultPackageScanClassResolver - Loaded the class: class liquibase.structure.core.View in classloader: jdk.internal.loader.ClassLoaders$AppClassLoader@64b8f8f4
21:47:38.652 [main] DEBUG l.s.DefaultPackageScanClassResolver - Loaded the class: class liquibase.structure.core.Catalog in classloader: jdk.internal.loader.ClassLoaders$AppClassLoader@64b8f8f4
21:47:38.652 [main] DEBUG l.s.DefaultPackageScanClassResolver - Loaded the class: class liquibase.structure.core.ForeignKeyConstraintType in classloader: jdk.internal.loader.ClassLoaders$AppClassLoader@64b8f8f4
21:47:38.652 [main] DEBUG l.s.DefaultPackageScanClassResolver - Loaded the class: class liquibase.structure.core.StoredProcedure in classloader: jdk.internal.loader.ClassLoaders$AppClassLoader@64b8f8f4
21:47:38.652 [main] DEBUG l.s.DefaultPackageScanClassResolver - Searching for: is assignable to Change in package: liquibase/structure
21:47:38.652 [main] DEBUG l.s.DefaultPackageScanClassResolver - Searching for all classes in package: liquibase/structurecompare using classloader: jdk.internal.loader.ClassLoaders$AppClassLoader
21:47:38.652 [main] DEBUG l.s.DefaultPackageScanClassResolver - Getting resource URL for package: liquibase/structurecompare with classloader: jdk.internal.loader.ClassLoaders$AppClassLoader@64b8f8f4
21:47:38.653 [main] DEBUG l.s.DefaultPackageScanClassResolver - No URLs returned by classloader
21:47:38.653 [main] DEBUG l.s.DefaultPackageScanClassResolver - Searching for: is assignable to Change in package: liquibase/structurecompare
21:47:38.653 [main] DEBUG l.s.DefaultPackageScanClassResolver - No classes found in package: liquibase/structurecompare
21:47:38.653 [main] DEBUG l.s.DefaultPackageScanClassResolver - Searching for all classes in package: liquibase/lockservice using classloader: jdk.internal.loader.ClassLoaders$AppClassLoader
21:47:38.653 [main] DEBUG l.s.DefaultPackageScanClassResolver - Getting resource URL for package: liquibase/lockservice with classloader: jdk.internal.loader.ClassLoaders$AppClassLoader@64b8f8f4
21:47:38.653 [main] DEBUG l.s.DefaultPackageScanClassResolver - URL from classloader: jar:file:/Users/jajecnik.marci/.m2/repository/org/liquibase/liquibase-core/3.10.3/liquibase-core-3.10.3.jar!/liquibase/lockservice/
21:47:38.653 [main] DEBUG l.s.DefaultPackageScanClassResolver - Decoded urlPath: file:/Users/jajecnik.marci/.m2/repository/org/liquibase/liquibase-core/3.10.3/liquibase-core-3.10.3.jar!/liquibase/lockservice/ with protocol: jar
21:47:38.653 [main] DEBUG l.s.DefaultPackageScanClassResolver - Loading from jar using file: /Users/jajecnik.marci/.m2/repository/org/liquibase/liquibase-core/3.10.3/liquibase-core-3.10.3.jar
21:47:38.654 [main] DEBUG l.s.DefaultPackageScanClassResolver - Loaded the class: class liquibase.lockservice.LockServiceFactory in classloader: jdk.internal.loader.ClassLoaders$AppClassLoader@64b8f8f4
21:47:38.654 [main] DEBUG l.s.DefaultPackageScanClassResolver - Loaded the class: class liquibase.lockservice.LockServiceFactory$1 in classloader: jdk.internal.loader.ClassLoaders$AppClassLoader@64b8f8f4
21:47:38.655 [main] DEBUG l.s.DefaultPackageScanClassResolver - Loaded the class: interface liquibase.lockservice.LockService in classloader: jdk.internal.loader.ClassLoaders$AppClassLoader@64b8f8f4
21:47:38.656 [main] DEBUG l.s.DefaultPackageScanClassResolver - Loaded the class: class liquibase.lockservice.LockServiceImpl in classloader: jdk.internal.loader.ClassLoaders$AppClassLoader@64b8f8f4
21:47:38.656 [main] DEBUG l.s.DefaultPackageScanClassResolver - Loaded the class: class liquibase.lockservice.DatabaseChangeLogLock in classloader: jdk.internal.loader.ClassLoaders$AppClassLoader@64b8f8f4
21:47:38.656 [main] DEBUG l.s.DefaultPackageScanClassResolver - Loaded the class: class liquibase.lockservice.StandardLockService in classloader: jdk.internal.loader.ClassLoaders$AppClassLoader@64b8f8f4
21:47:38.657 [main] DEBUG l.s.DefaultPackageScanClassResolver - Loaded the class: class liquibase.lockservice.OfflineLockService in classloader: jdk.internal.loader.ClassLoaders$AppClassLoader@64b8f8f4
21:47:38.657 [main] DEBUG l.s.DefaultPackageScanClassResolver - Searching for: is assignable to Change in package: liquibase/lockservice
21:47:38.657 [main] DEBUG l.s.DefaultPackageScanClassResolver - Searching for all classes in package: liquibase/sdk/database using classloader: jdk.internal.loader.ClassLoaders$AppClassLoader
21:47:38.657 [main] DEBUG l.s.DefaultPackageScanClassResolver - Getting resource URL for package: liquibase/sdk/database with classloader: jdk.internal.loader.ClassLoaders$AppClassLoader@64b8f8f4
21:47:38.657 [main] DEBUG l.s.DefaultPackageScanClassResolver - URL from classloader: jar:file:/Users/jajecnik.marci/.m2/repository/org/liquibase/liquibase-core/3.10.3/liquibase-core-3.10.3.jar!/liquibase/sdk/database/
21:47:38.657 [main] DEBUG l.s.DefaultPackageScanClassResolver - Decoded urlPath: file:/Users/jajecnik.marci/.m2/repository/org/liquibase/liquibase-core/3.10.3/liquibase-core-3.10.3.jar!/liquibase/sdk/database/ with protocol: jar
21:47:38.657 [main] DEBUG l.s.DefaultPackageScanClassResolver - Loading from jar using file: /Users/jajecnik.marci/.m2/repository/org/liquibase/liquibase-core/3.10.3/liquibase-core-3.10.3.jar
21:47:38.659 [main] DEBUG l.s.DefaultPackageScanClassResolver - Loaded the class: class liquibase.sdk.database.MockDatabase in classloader: jdk.internal.loader.ClassLoaders$AppClassLoader@64b8f8f4
21:47:38.659 [main] DEBUG l.s.DefaultPackageScanClassResolver - Searching for: is assignable to Change in package: liquibase/sdk/database
21:47:38.659 [main] DEBUG l.s.DefaultPackageScanClassResolver - Searching for all classes in package: liquibase/ext using classloader: jdk.internal.loader.ClassLoaders$AppClassLoader
21:47:38.659 [main] DEBUG l.s.DefaultPackageScanClassResolver - Getting resource URL for package: liquibase/ext with classloader: jdk.internal.loader.ClassLoaders$AppClassLoader@64b8f8f4
21:47:38.660 [main] DEBUG l.s.DefaultPackageScanClassResolver - No URLs returned by classloader
21:47:38.660 [main] DEBUG l.s.DefaultPackageScanClassResolver - Searching for: is assignable to Change in package: liquibase/ext
21:47:38.660 [main] DEBUG l.s.DefaultPackageScanClassResolver - No classes found in package: liquibase/ext
21:47:38.660 [main] DEBUG l.s.DefaultPackageScanClassResolver - Searching for all classes in package: liquibase/pro using classloader: jdk.internal.loader.ClassLoaders$AppClassLoader
21:47:38.660 [main] DEBUG l.s.DefaultPackageScanClassResolver - Getting resource URL for package: liquibase/pro with classloader: jdk.internal.loader.ClassLoaders$AppClassLoader@64b8f8f4
21:47:38.660 [main] DEBUG l.s.DefaultPackageScanClassResolver - URL from classloader: jar:file:/Users/jajecnik.marci/.m2/repository/org/liquibase/liquibase-core/3.10.3/liquibase-core-3.10.3.jar!/liquibase/pro/
21:47:38.660 [main] DEBUG l.s.DefaultPackageScanClassResolver - Decoded urlPath: file:/Users/jajecnik.marci/.m2/repository/org/liquibase/liquibase-core/3.10.3/liquibase-core-3.10.3.jar!/liquibase/pro/ with protocol: jar
21:47:38.660 [main] DEBUG l.s.DefaultPackageScanClassResolver - Loading from jar using file: /Users/jajecnik.marci/.m2/repository/org/liquibase/liquibase-core/3.10.3/liquibase-core-3.10.3.jar
21:47:38.661 [main] DEBUG l.s.DefaultPackageScanClassResolver - Loaded the class: class liquibase.pro.packaged.gt in classloader: jdk.internal.loader.ClassLoaders$AppClassLoader@64b8f8f4
21:47:38.664 [main] DEBUG l.s.DefaultPackageScanClassResolver - Loaded the class: class liquibase.pro.packaged.hU in classloader: jdk.internal.loader.ClassLoaders$AppClassLoader@64b8f8f4
21:47:38.666 [main] DEBUG l.s.DefaultPackageScanClassResolver - Loaded the class: class liquibase.pro.packaged.dD in classloader: jdk.internal.loader.ClassLoaders$AppClassLoader@64b8f8f4
21:47:38.667 [main] DEBUG l.s.DefaultPackageScanClassResolver - Loaded the class: class liquibase.pro.packaged.cc in classloader: jdk.internal.loader.ClassLoaders$AppClassLoader@64b8f8f4
21:47:38.667 [main] DEBUG l.s.DefaultPackageScanClassResolver - Loaded the class: interface liquibase.pro.packaged.f in classloader: jdk.internal.loader.ClassLoaders$AppClassLoader@64b8f8f4
21:47:38.667 [main] DEBUG l.s.DefaultPackageScanClassResolver - Loaded the class: class liquibase.pro.packaged.aX in classloader: jdk.internal.loader.ClassLoaders$AppClassLoader@64b8f8f4
21:47:38.667 [main] DEBUG l.s.DefaultPackageScanClassResolver - Loaded the class: interface liquibase.pro.packaged.kA in classloader: jdk.internal.loader.ClassLoaders$AppClassLoader@64b8f8f4
21:47:38.668 [main] DEBUG l.s.DefaultPackageScanClassResolver - Loaded the class: class liquibase.pro.packaged.lf in classloader: jdk.internal.loader.ClassLoaders$AppClassLoader@64b8f8f4
21:47:38.669 [main] DEBUG l.s.DefaultPackageScanClassResolver - Loaded the class: class liquibase.pro.packaged.en in classloader: jdk.internal.loader.ClassLoaders$AppClassLoader@64b8f8f4
21:47:38.669 [main] DEBUG l.s.DefaultPackageScanClassResolver - Loaded the class: class liquibase.pro.packaged.fO in classloader: jdk.internal.loader.ClassLoaders$AppClassLoader@64b8f8f4
21:47:38.669 [main] DEBUG l.s.DefaultPackageScanClassResolver - Loaded the class: class liquibase.pro.packaged.fQ$4 in classloader: jdk.internal.loader.ClassLoaders$AppClassLoader@64b8f8f4
21:47:38.670 [main] DEBUG l.s.DefaultPackageScanClassResolver - Loaded the class: class liquibase.pro.packaged.jQ$1 in classloader: jdk.internal.loader.ClassLoaders$AppClassLoader@64b8f8f4
21:47:38.670 [main] DEBUG l.s.DefaultPackageScanClassResolver - Loaded the class: class liquibase.pro.packaged.gy in classloader: jdk.internal.loader.ClassLoaders$AppClassLoader@64b8f8f4
21:47:38.671 [main] DEBUG l.s.DefaultPackageScanClassResolver - Loaded the class: class liquibase.pro.packaged.hZ in classloader: jdk.internal.loader.ClassLoaders$AppClassLoader@64b8f8f4
21:47:38.672 [main] DEBUG l.s.DefaultPackageScanClassResolver - Loaded the class: class liquibase.pro.packaged.iu in classloader: jdk.internal.loader.ClassLoaders$AppClassLoader@64b8f8f4
21:47:38.672 [main] DEBUG l.s.DefaultPackageScanClassResolver - Loaded the class: class liquibase.pro.packaged.jV in classloader: jdk.internal.loader.ClassLoaders$AppClassLoader@64b8f8f4
21:47:38.672 [main] DEBUG l.s.DefaultPackageScanClassResolver - Loaded the class: interface liquibase.pro.packaged.a in classloader: jdk.internal.loader.ClassLoaders$AppClassLoader@64b8f8f4
21:47:38.673 [main] DEBUG l.s.DefaultPackageScanClassResolver - Loaded the class: class liquibase.pro.packaged.kF in classloader: jdk.internal.loader.ClassLoaders$AppClassLoader@64b8f8f4
21:47:38.673 [main] DEBUG l.s.DefaultPackageScanClassResolver - Loaded the class: class liquibase.pro.packaged.je in classloader: jdk.internal.loader.ClassLoaders$AppClassLoader@64b8f8f4
21:47:38.673 [main] DEBUG l.s.DefaultPackageScanClassResolver - Loaded the class: class liquibase.pro.packaged.ab in classloader: jdk.internal.loader.ClassLoaders$AppClassLoader@64b8f8f4
21:47:38.675 [main] DEBUG l.s.DefaultPackageScanClassResolver - Loaded the class: class liquibase.pro.packaged.bC in classloader: jdk.internal.loader.ClassLoaders$AppClassLoader@64b8f8f4
21:47:38.676 [main] DEBUG l.s.DefaultPackageScanClassResolver - Loaded the class: class liquibase.pro.packaged.ku$1 in classloader: jdk.internal.loader.ClassLoaders$AppClassLoader@64b8f8f4
21:47:38.676 [main] DEBUG l.s.DefaultPackageScanClassResolver - Loaded the class: class liquibase.pro.packaged.bx in classloader: jdk.internal.loader.ClassLoaders$AppClassLoader@64b8f8f4
21:47:38.677 [main] DEBUG l.s.DefaultPackageScanClassResolver - Loaded the class: class liquibase.pro.packaged.cY in classloader: jdk.internal.loader.ClassLoaders$AppClassLoader@64b8f8f4
21:47:38.677 [main] DEBUG l.s.DefaultPackageScanClassResolver - Loaded the class: class liquibase.pro.packaged.ei in classloader: jdk.internal.loader.ClassLoaders$AppClassLoader@64b8f8f4
21:47:38.678 [main] DEBUG l.s.DefaultPackageScanClassResolver - Loaded the class: class liquibase.pro.packaged.fJ in classloader: jdk.internal.loader.ClassLoaders$AppClassLoader@64b8f8f4
21:47:38.678 [main] DEBUG l.s.DefaultPackageScanClassResolver - Loaded the class: class liquibase.pro.packaged.la in classloader: jdk.internal.loader.ClassLoaders$AppClassLoader@64b8f8f4
21:47:38.678 [main] DEBUG l.s.DefaultPackageScanClassResolver - Loaded the class: interface liquibase.pro.packaged.lp in classloader: jdk.internal.loader.ClassLoaders$AppClassLoader@64b8f8f4
21:47:38.679 [main] DEBUG l.s.DefaultPackageScanClassResolver - Loaded the class: class liquibase.pro.packaged.ip in classloader: jdk.internal.loader.ClassLoaders$AppClassLoader@64b8f8f4
21:47:38.679 [main] DEBUG l.s.DefaultPackageScanClassResolver - Loaded the class: class liquibase.pro.packaged.jQ in classloader: jdk.internal.loader.ClassLoaders$AppClassLoader@64b8f8f4
21:47:38.679 [main] DEBUG l.s.DefaultPackageScanClassResolver - Loaded the class: class liquibase.pro.packaged.lb$1 in classloader: jdk.internal.loader.ClassLoaders$AppClassLoader@64b8f8f4
21:47:38.680 [main] DEBUG l.s.DefaultPackageScanClassResolver - Loaded the class: class liquibase.pro.packaged.aN in classloader: jdk.internal.loader.ClassLoaders$AppClassLoader@64b8f8f4
21:47:38.680 [main] DEBUG l.s.DefaultPackageScanClassResolver - Loaded the class: class liquibase.pro.packaged.ag in classloader: jdk.internal.loader.ClassLoaders$AppClassLoader@64b8f8f4
21:47:38.680 [main] DEBUG l.s.DefaultPackageScanClassResolver - Loaded the class: class liquibase.pro.packaged.bH in classloader: jdk.internal.loader.ClassLoaders$AppClassLoader@64b8f8f4
21:47:38.680 [main] DEBUG l.s.DefaultPackageScanClassResolver - Loaded the class: class liquibase.pro.packaged.lc$2$1 in classloader: jdk.internal.loader.ClassLoaders$AppClassLoader@64b8f8f4
21:47:38.681 [main] DEBUG l.s.DefaultPackageScanClassResolver - Loaded the class: class liquibase.pro.packaged.u in classloader: jdk.internal.loader.ClassLoaders$AppClassLoader@64b8f8f4
21:47:38.681 [main] DEBUG l.s.DefaultPackageScanClassResolver - Loaded the class: class liquibase.pro.packaged.ex in classloader: jdk.internal.loader.ClassLoaders$AppClassLoader@64b8f8f4
21:47:38.682 [main] DEBUG l.s.DefaultPackageScanClassResolver - Loaded the class: interface liquibase.pro.packaged.fY in classloader: jdk.internal.loader.ClassLoaders$AppClassLoader@64b8f8f4
21:47:38.682 [main] DEBUG l.s.DefaultPackageScanClassResolver - Loaded the class: class liquibase.pro.packaged.dI in classloader: jdk.internal.loader.ClassLoaders$AppClassLoader@64b8f8f4
21:47:38.683 [main] DEBUG l.s.DefaultPackageScanClassResolver - Loaded the class: class liquibase.pro.packaged.ch in classloader: jdk.internal.loader.ClassLoaders$AppClassLoader@64b8f8f4
21:47:38.684 [main] DEBUG l.s.DefaultPackageScanClassResolver - Loaded the class: class liquibase.pro.packaged.go in classloader: jdk.internal.loader.ClassLoaders$AppClassLoader@64b8f8f4
21:47:38.685 [main] DEBUG l.s.DefaultPackageScanClassResolver - Loaded the class: class liquibase.pro.packaged.hP in classloader: jdk.internal.loader.ClassLoaders$AppClassLoader@64b8f8f4
21:47:38.685 [main] DEBUG l.s.DefaultPackageScanClassResolver - Loaded the class: interface liquibase.pro.packaged.kP in classloader: jdk.internal.loader.ClassLoaders$AppClassLoader@64b8f8f4
21:47:38.686 [main] DEBUG l.s.DefaultPackageScanClassResolver - Loaded the class: class liquibase.pro.packaged.jo in classloader: jdk.internal.loader.ClassLoaders$AppClassLoader@64b8f8f4
21:47:38.686 [main] DEBUG l.s.DefaultPackageScanClassResolver - Loaded the class: interface liquibase.pro.packaged.bn in classloader: jdk.internal.loader.ClassLoaders$AppClassLoader@64b8f8f4
21:47:38.687 [main] DEBUG l.s.DefaultPackageScanClassResolver - Loaded the class: class liquibase.pro.packaged.cO in classloader: jdk.internal.loader.ClassLoaders$AppClassLoader@64b8f8f4
21:47:38.687 [main] DEBUG l.s.DefaultPackageScanClassResolver - Loaded the class: interface liquibase.pro.packaged.k in classloader: jdk.internal.loader.ClassLoaders$AppClassLoader@64b8f8f4
21:47:38.688 [main] DEBUG l.s.DefaultPackageScanClassResolver - Loaded the class: class liquibase.pro.packaged.kv in classloader: jdk.internal.loader.ClassLoaders$AppClassLoader@64b8f8f4
21:47:38.689 [main] DEBUG l.s.DefaultPackageScanClassResolver - Loaded the class: class liquibase.pro.packaged.lW in classloader: jdk.internal.loader.ClassLoaders$AppClassLoader@64b8f8f4
21:47:38.689 [main] DEBUG l.s.DefaultPackageScanClassResolver - Loaded the class: class liquibase.pro.packaged.ga$12 in classloader: jdk.internal.loader.ClassLoaders$AppClassLoader@64b8f8f4
21:47:38.690 [main] DEBUG l.s.DefaultPackageScanClassResolver - Loaded the class: class liquibase.pro.packaged.R in classloader: jdk.internal.loader.ClassLoaders$AppClassLoader@64b8f8f4
21:47:38.690 [main] DEBUG l.s.DefaultPackageScanClassResolver - Loaded the class: class liquibase.pro.packaged.dt in classloader: jdk.internal.loader.ClassLoaders$AppClassLoader@64b8f8f4
21:47:38.690 [main] DEBUG l.s.DefaultPackageScanClassResolver - Loaded the class: class liquibase.pro.packaged.eU in classloader: jdk.internal.loader.ClassLoaders$AppClassLoader@64b8f8f4
21:47:38.691 [main] DEBUG l.s.DefaultPackageScanClassResolver - Loaded the class: class liquibase.pro.packaged.fo$1 in classloader: jdk.internal.loader.ClassLoaders$AppClassLoader@64b8f8f4
21:47:38.692 [main] DEBUG l.s.DefaultPackageScanClassResolver - Loaded the class: class liquibase.pro.packaged.aq in classloader: jdk.internal.loader.ClassLoaders$AppClassLoader@64b8f8f4
21:47:38.693 [main] DEBUG l.s.DefaultPackageScanClassResolver - Loaded the class: class liquibase.pro.packaged.bR in classloader: jdk.internal.loader.ClassLoaders$AppClassLoader@64b8f8f4
21:47:38.693 [main] DEBUG l.s.DefaultPackageScanClassResolver - Loaded the class: class liquibase.pro.packaged.cw in classloader: jdk.internal.loader.ClassLoaders$AppClassLoader@64b8f8f4
21:47:38.694 [main] DEBUG l.s.DefaultPackageScanClassResolver - Loaded the class: class liquibase.pro.packaged.dX in classloader: jdk.internal.loader.ClassLoaders$AppClassLoader@64b8f8f4
21:47:38.694 [main] DEBUG l.s.DefaultPackageScanClassResolver - Loaded the class: interface liquibase.pro.packaged.kU in classloader: jdk.internal.loader.ClassLoaders$AppClassLoader@64b8f8f4
21:47:38.695 [main] DEBUG l.s.DefaultPackageScanClassResolver - Loaded the class: class liquibase.pro.packaged.jt in classloader: jdk.internal.loader.ClassLoaders$AppClassLoader@64b8f8f4
21:47:38.695 [main] DEBUG l.s.DefaultPackageScanClassResolver - Loaded the class: class liquibase.pro.packaged.kq in classloader: jdk.internal.loader.ClassLoaders$AppClassLoader@64b8f8f4
21:47:38.695 [main] DEBUG l.s.DefaultPackageScanClassResolver - Loaded the class: class liquibase.pro.packaged.lR in classloader: jdk.internal.loader.ClassLoaders$AppClassLoader@64b8f8f4
21:47:38.696 [main] DEBUG l.s.DefaultPackageScanClassResolver - Loaded the class: class liquibase.pro.packaged.bi in classloader: jdk.internal.loader.ClassLoaders$AppClassLoader@64b8f8f4
21:47:38.699 [main] DEBUG l.s.DefaultPackageScanClassResolver - Loaded the class: class liquibase.pro.packaged.cJ in classloader: jdk.internal.loader.ClassLoaders$AppClassLoader@64b8f8f4
21:47:38.699 [main] DEBUG l.s.DefaultPackageScanClassResolver - Loaded the class: class liquibase.pro.packaged.hi in classloader: jdk.internal.loader.ClassLoaders$AppClassLoader@64b8f8f4
21:47:38.699 [main] DEBUG l.s.DefaultPackageScanClassResolver - Loaded the class: class liquibase.pro.packaged.iJ in classloader: jdk.internal.loader.ClassLoaders$AppClassLoader@64b8f8f4
21:47:38.700 [main] DEBUG l.s.DefaultPackageScanClassResolver - Loaded the class: class liquibase.pro.packaged.lk$1 in classloader: jdk.internal.loader.ClassLoaders$AppClassLoader@64b8f8f4
21:47:38.700 [main] DEBUG l.s.DefaultPackageScanClassResolver - Loaded the class: class liquibase.pro.packaged.ar$1 in classloader: jdk.internal.loader.ClassLoaders$AppClassLoader@64b8f8f4
21:47:38.700 [main] DEBUG l.s.DefaultPackageScanClassResolver - Loaded the class: class liquibase.pro.packaged.ia in classloader: jdk.internal.loader.ClassLoaders$AppClassLoader@64b8f8f4
21:47:38.701 [main] DEBUG l.s.DefaultPackageScanClassResolver - Loaded the class: class liquibase.pro.packaged.jB in classloader: jdk.internal.loader.ClassLoaders$AppClassLoader@64b8f8f4
21:47:38.701 [main] DEBUG l.s.DefaultPackageScanClassResolver - Loaded the class: class liquibase.pro.packaged.ki$1 in classloader: jdk.internal.loader.ClassLoaders$AppClassLoader@64b8f8f4
21:47:38.701 [main] DEBUG l.s.DefaultPackageScanClassResolver - Loaded the class: interface liquibase.pro.packaged.kZ in classloader: jdk.internal.loader.ClassLoaders$AppClassLoader@64b8f8f4
21:47:38.701 [main] DEBUG l.s.DefaultPackageScanClassResolver - Loaded the class: interface liquibase.pro.packaged.jy in classloader: jdk.internal.loader.ClassLoaders$AppClassLoader@64b8f8f4
21:47:38.701 [main] DEBUG l.s.DefaultPackageScanClassResolver - Loaded the class: class liquibase.pro.packaged.kz$5 in classloader: jdk.internal.loader.ClassLoaders$AppClassLoader@64b8f8f4
21:47:38.702 [main] DEBUG l.s.DefaultPackageScanClassResolver - Loaded the class: interface liquibase.pro.packaged.ge in classloader: jdk.internal.loader.ClassLoaders$AppClassLoader@64b8f8f4
21:47:38.702 [main] DEBUG l.s.DefaultPackageScanClassResolver - Loaded the class: class liquibase.pro.packaged.hF in classloader: jdk.internal.loader.ClassLoaders$AppClassLoader@64b8f8f4
21:47:38.702 [main] DEBUG l.s.DefaultPackageScanClassResolver - Loaded the class: class liquibase.pro.packaged.bd in classloader: jdk.internal.loader.ClassLoaders$AppClassLoader@64b8f8f4
21:47:38.703 [main] DEBUG l.s.DefaultPackageScanClassResolver - Loaded the class: class liquibase.pro.packaged.cE in classloader: jdk.internal.loader.ClassLoaders$AppClassLoader@64b8f8f4
21:47:38.704 [main] DEBUG l.s.DefaultPackageScanClassResolver - Loaded the class: class liquibase.pro.packaged.lM in classloader: jdk.internal.loader.ClassLoaders$AppClassLoader@64b8f8f4
21:47:38.704 [main] DEBUG l.s.DefaultPackageScanClassResolver - Loaded the class: class liquibase.pro.packaged.kl in classloader: jdk.internal.loader.ClassLoaders$AppClassLoader@64b8f8f4
21:47:38.704 [main] DEBUG l.s.DefaultPackageScanClassResolver - Loaded the class: class liquibase.pro.packaged.gh$1 in classloader: jdk.internal.loader.ClassLoaders$AppClassLoader@64b8f8f4
21:47:38.705 [main] DEBUG l.s.DefaultPackageScanClassResolver - Loaded the class: class liquibase.pro.packaged.fm in classloader: jdk.internal.loader.ClassLoaders$AppClassLoader@64b8f8f4
21:47:38.706 [main] DEBUG l.s.DefaultPackageScanClassResolver - Loaded the class: class liquibase.pro.packaged.gN in classloader: jdk.internal.loader.ClassLoaders$AppClassLoader@64b8f8f4
21:47:38.706 [main] DEBUG l.s.DefaultPackageScanClassResolver - Loaded the class: interface liquibase.pro.packaged.gj in classloader: jdk.internal.loader.ClassLoaders$AppClassLoader@64b8f8f4
21:47:38.706 [main] DEBUG l.s.DefaultPackageScanClassResolver - Loaded the class: class liquibase.pro.packaged.hK in classloader: jdk.internal.loader.ClassLoaders$AppClassLoader@64b8f8f4
21:47:38.707 [main] DEBUG l.s.DefaultPackageScanClassResolver - Loaded the class: class liquibase.pro.packaged.fp in classloader: jdk.internal.loader.ClassLoaders$AppClassLoader@64b8f8f4
21:47:38.707 [main] DEBUG l.s.DefaultPackageScanClassResolver - Loaded the class: class liquibase.pro.packaged.gQ in classloader: jdk.internal.loader.ClassLoaders$AppClassLoader@64b8f8f4
21:47:38.708 [main] DEBUG l.s.DefaultPackageScanClassResolver - Loaded the class: class liquibase.pro.packaged.lk in classloader: jdk.internal.loader.ClassLoaders$AppClassLoader@64b8f8f4
21:47:38.709 [main] DEBUG l.s.DefaultPackageScanClassResolver - Loaded the class: class liquibase.pro.packaged.W in classloader: jdk.internal.loader.ClassLoaders$AppClassLoader@64b8f8f4
21:47:38.709 [main] DEBUG l.s.DefaultPackageScanClassResolver - Loaded the class: class liquibase.pro.packaged.hd in classloader: jdk.internal.loader.ClassLoaders$AppClassLoader@64b8f8f4
21:47:38.709 [main] DEBUG l.s.DefaultPackageScanClassResolver - Loaded the class: class liquibase.pro.packaged.iE in classloader: jdk.internal.loader.ClassLoaders$AppClassLoader@64b8f8f4
21:47:38.709 [main] DEBUG l.s.DefaultPackageScanClassResolver - Loaded the class: class liquibase.pro.packaged.dy in classloader: jdk.internal.loader.ClassLoaders$AppClassLoader@64b8f8f4
21:47:38.710 [main] DEBUG l.s.DefaultPackageScanClassResolver - Loaded the class: class liquibase.pro.packaged.eZ in classloader: jdk.internal.loader.ClassLoaders$AppClassLoader@64b8f8f4
21:47:38.710 [main] DEBUG l.s.DefaultPackageScanClassResolver - Loaded the class: interface liquibase.pro.packaged.al in classloader: jdk.internal.loader.ClassLoaders$AppClassLoader@64b8f8f4
21:47:38.710 [main] DEBUG l.s.DefaultPackageScanClassResolver - Loaded the class: interface liquibase.pro.packaged.bM in classloader: jdk.internal.loader.ClassLoaders$AppClassLoader@64b8f8f4
21:47:38.711 [main] DEBUG l.s.DefaultPackageScanClassResolver - Loaded the class: class liquibase.pro.packaged.aS in classloader: jdk.internal.loader.ClassLoaders$AppClassLoader@64b8f8f4
21:47:38.711 [main] DEBUG l.s.DefaultPackageScanClassResolver - Loaded the class: interface liquibase.pro.packaged.p in classloader: jdk.internal.loader.ClassLoaders$AppClassLoader@64b8f8f4
21:47:38.711 [main] DEBUG l.s.DefaultPackageScanClassResolver - Loaded the class: class liquibase.pro.packaged.iz in classloader: jdk.internal.loader.ClassLoaders$AppClassLoader@64b8f8f4
21:47:38.711 [main] DEBUG l.s.DefaultPackageScanClassResolver - Loaded the class: class liquibase.pro.packaged.es in classloader: jdk.internal.loader.ClassLoaders$AppClassLoader@64b8f8f4
21:47:38.712 [main] DEBUG l.s.DefaultPackageScanClassResolver - Loaded the class: interface liquibase.pro.packaged.fT in classloader: jdk.internal.loader.ClassLoaders$AppClassLoader@64b8f8f4
21:47:38.712 [main] DEBUG l.s.DefaultPackageScanClassResolver - Loaded the class: interface liquibase.pro.packaged.kX in classloader: jdk.internal.loader.ClassLoaders$AppClassLoader@64b8f8f4
21:47:38.712 [main] DEBUG l.s.DefaultPackageScanClassResolver - Loaded the class: class liquibase.pro.packaged.jw in classloader: jdk.internal.loader.ClassLoaders$AppClassLoader@64b8f8f4
21:47:38.713 [main] DEBUG l.s.DefaultPackageScanClassResolver - Loaded the class: class liquibase.pro.packaged.lz$1 in classloader: jdk.internal.loader.ClassLoaders$AppClassLoader@64b8f8f4
21:47:38.713 [main] DEBUG l.s.DefaultPackageScanClassResolver - Loaded the class: class liquibase.pro.packaged.eA in classloader: jdk.internal.loader.ClassLoaders$AppClassLoader@64b8f8f4
21:47:38.714 [main] DEBUG l.s.DefaultPackageScanClassResolver - Loaded the class: class liquibase.pro.packaged.dl in classloader: jdk.internal.loader.ClassLoaders$AppClassLoader@64b8f8f4
21:47:38.714 [main] DEBUG l.s.DefaultPackageScanClassResolver - Loaded the class: class liquibase.pro.packaged.eM in classloader: jdk.internal.loader.ClassLoaders$AppClassLoader@64b8f8f4
21:47:38.714 [main] DEBUG l.s.DefaultPackageScanClassResolver - Loaded the class: interface liquibase.pro.packaged.lO in classloader: jdk.internal.loader.ClassLoaders$AppClassLoader@64b8f8f4
21:47:38.715 [main] DEBUG l.s.DefaultPackageScanClassResolver - Loaded the class: class liquibase.pro.packaged.kn in classloader: jdk.internal.loader.ClassLoaders$AppClassLoader@64b8f8f4
21:47:38.715 [main] DEBUG l.s.DefaultPackageScanClassResolver - Loaded the class: class liquibase.pro.packaged.ff in classloader: jdk.internal.loader.ClassLoaders$AppClassLoader@64b8f8f4
21:47:38.716 [main] DEBUG l.s.DefaultPackageScanClassResolver - Loaded the class: class liquibase.pro.packaged.gG in classloader: jdk.internal.loader.ClassLoaders$AppClassLoader@64b8f8f4
21:47:38.716 [main] DEBUG l.s.DefaultPackageScanClassResolver - Loaded the class: class liquibase.pro.packaged.ih in classloader: jdk.internal.loader.ClassLoaders$AppClassLoader@64b8f8f4
21:47:38.717 [main] DEBUG l.s.DefaultPackageScanClassResolver - Loaded the class: class liquibase.pro.packaged.jI in classloader: jdk.internal.loader.ClassLoaders$AppClassLoader@64b8f8f4
21:47:38.717 [main] DEBUG l.s.DefaultPackageScanClassResolver - Loaded the class: class liquibase.pro.packaged.dg in classloader: jdk.internal.loader.ClassLoaders$AppClassLoader@64b8f8f4
21:47:38.718 [main] DEBUG l.s.DefaultPackageScanClassResolver - Loaded the class: class liquibase.pro.packaged.eH in classloader: jdk.internal.loader.ClassLoaders$AppClassLoader@64b8f8f4
21:47:38.718 [main] DEBUG l.s.DefaultPackageScanClassResolver - Loaded the class: class liquibase.pro.packaged.ic in classloader: jdk.internal.loader.ClassLoaders$AppClassLoader@64b8f8f4
21:47:38.718 [main] DEBUG l.s.DefaultPackageScanClassResolver - Loaded the class: class liquibase.pro.packaged.jD in classloader: jdk.internal.loader.ClassLoaders$AppClassLoader@64b8f8f4
21:47:38.718 [main] DEBUG l.s.DefaultPackageScanClassResolver - Loaded the class: interface liquibase.pro.packaged.bk in classloader: jdk.internal.loader.ClassLoaders$AppClassLoader@64b8f8f4
21:47:38.718 [main] DEBUG l.s.DefaultPackageScanClassResolver - Loaded the class: interface liquibase.pro.packaged.cL in classloader: jdk.internal.loader.ClassLoaders$AppClassLoader@64b8f8f4
21:47:38.719 [main] DEBUG l.s.DefaultPackageScanClassResolver - Loaded the class: class liquibase.pro.packaged.fk in classloader: jdk.internal.loader.ClassLoaders$AppClassLoader@64b8f8f4
21:47:38.719 [main] DEBUG l.s.DefaultPackageScanClassResolver - Loaded the class: class liquibase.pro.packaged.gL in classloader: jdk.internal.loader.ClassLoaders$AppClassLoader@64b8f8f4
21:47:38.720 [main] DEBUG l.s.DefaultPackageScanClassResolver - Loaded the class: class liquibase.pro.packaged.kt$3 in classloader: jdk.internal.loader.ClassLoaders$AppClassLoader@64b8f8f4
21:47:38.720 [main] DEBUG l.s.DefaultPackageScanClassResolver - Loaded the class: class liquibase.pro.packaged.eC in classloader: jdk.internal.loader.ClassLoaders$AppClassLoader@64b8f8f4
21:47:38.720 [main] DEBUG l.s.DefaultPackageScanClassResolver - Loaded the class: class liquibase.pro.packaged.db in classloader: jdk.internal.loader.ClassLoaders$AppClassLoader@64b8f8f4
21:47:38.721 [main] DEBUG l.s.DefaultPackageScanClassResolver - Loaded the class: class liquibase.pro.packaged.bp in classloader: jdk.internal.loader.ClassLoaders$AppClassLoader@64b8f8f4
21:47:38.722 [main] DEBUG l.s.DefaultPackageScanClassResolver - Loaded the class: class liquibase.pro.packaged.cQ in classloader: jdk.internal.loader.ClassLoaders$AppClassLoader@64b8f8f4
21:47:38.722 [main] DEBUG l.s.DefaultPackageScanClassResolver - Loaded the class: interface liquibase.pro.packaged.ls in classloader: jdk.internal.loader.ClassLoaders$AppClassLoader@64b8f8f4
21:47:38.722 [main] DEBUG l.s.DefaultPackageScanClassResolver - Loaded the class: class liquibase.pro.packaged.ir in classloader: jdk.internal.loader.ClassLoaders$AppClassLoader@64b8f8f4
21:47:38.722 [main] DEBUG l.s.DefaultPackageScanClassResolver - Loaded the class: class liquibase.pro.packaged.jS in classloader: jdk.internal.loader.ClassLoaders$AppClassLoader@64b8f8f4
21:47:38.723 [main] DEBUG l.s.DefaultPackageScanClassResolver - Loaded the class: class liquibase.pro.packaged.kt$5 in classloader: jdk.internal.loader.ClassLoaders$AppClassLoader@64b8f8f4
21:47:38.723 [main] DEBUG l.s.DefaultPackageScanClassResolver - Loaded the class: class liquibase.pro.packaged.fh in classloader: jdk.internal.loader.ClassLoaders$AppClassLoader@64b8f8f4
21:47:38.724 [main] DEBUG l.s.DefaultPackageScanClassResolver - Loaded the class: class liquibase.pro.packaged.gI in classloader: jdk.internal.loader.ClassLoaders$AppClassLoader@64b8f8f4
21:47:38.724 [main] DEBUG l.s.DefaultPackageScanClassResolver - Loaded the class: class liquibase.pro.packaged.de in classloader: jdk.internal.loader.ClassLoaders$AppClassLoader@64b8f8f4
21:47:38.725 [main] DEBUG l.s.DefaultPackageScanClassResolver - Loaded the class: class liquibase.pro.packaged.eF in classloader: jdk.internal.loader.ClassLoaders$AppClassLoader@64b8f8f4
21:47:38.725 [main] DEBUG l.s.DefaultPackageScanClassResolver - Loaded the class: class liquibase.pro.packaged.ae in classloader: jdk.internal.loader.ClassLoaders$AppClassLoader@64b8f8f4
21:47:38.725 [main] DEBUG l.s.DefaultPackageScanClassResolver - Loaded the class: class liquibase.pro.packaged.bF in classloader: jdk.internal.loader.ClassLoaders$AppClassLoader@64b8f8f4
21:47:38.726 [main] DEBUG l.s.DefaultPackageScanClassResolver - Loaded the class: class liquibase.pro.packaged.dq in classloader: jdk.internal.loader.ClassLoaders$AppClassLoader@64b8f8f4
21:47:38.726 [main] DEBUG l.s.DefaultPackageScanClassResolver - Loaded the class: class liquibase.pro.packaged.eR in classloader: jdk.internal.loader.ClassLoaders$AppClassLoader@64b8f8f4
21:47:38.726 [main] DEBUG l.s.DefaultPackageScanClassResolver - Loaded the class: interface liquibase.pro.packaged.lJ in classloader: jdk.internal.loader.ClassLoaders$AppClassLoader@64b8f8f4
21:47:38.728 [main] DEBUG l.s.DefaultPackageScanClassResolver - Loaded the class: class liquibase.pro.packaged.ki in classloader: jdk.internal.loader.ClassLoaders$AppClassLoader@64b8f8f4
21:47:38.728 [main] DEBUG l.s.DefaultPackageScanClassResolver - Loaded the class: class liquibase.pro.packaged.if in classloader: jdk.internal.loader.ClassLoaders$AppClassLoader@64b8f8f4
21:47:38.729 [main] DEBUG l.s.DefaultPackageScanClassResolver - Loaded the class: class liquibase.pro.packaged.jG in classloader: jdk.internal.loader.ClassLoaders$AppClassLoader@64b8f8f4
21:47:38.729 [main] DEBUG l.s.DefaultPackageScanClassResolver - Loaded the class: class liquibase.pro.packaged.fc in classloader: jdk.internal.loader.ClassLoaders$AppClassLoader@64b8f8f4
21:47:38.730 [main] DEBUG l.s.DefaultPackageScanClassResolver - Loaded the class: class liquibase.pro.packaged.gD in classloader: jdk.internal.loader.ClassLoaders$AppClassLoader@64b8f8f4
21:47:38.730 [main] DEBUG l.s.DefaultPackageScanClassResolver - Loaded the class: class liquibase.pro.packaged.lz in classloader: jdk.internal.loader.ClassLoaders$AppClassLoader@64b8f8f4
21:47:38.731 [main] DEBUG l.s.DefaultPackageScanClassResolver - Loaded the class: class liquibase.pro.packaged.bA in classloader: jdk.internal.loader.ClassLoaders$AppClassLoader@64b8f8f4
21:47:38.732 [main] DEBUG l.s.DefaultPackageScanClassResolver - Loaded the class: class liquibase.pro.packaged.gw in classloader: jdk.internal.loader.ClassLoaders$AppClassLoader@64b8f8f4
21:47:38.732 [main] DEBUG l.s.DefaultPackageScanClassResolver - Loaded the class: class liquibase.pro.packaged.hX in classloader: jdk.internal.loader.ClassLoaders$AppClassLoader@64b8f8f4
21:47:38.732 [main] DEBUG l.s.DefaultPackageScanClassResolver - Loaded the class: interface liquibase.pro.packaged.c in classloader: jdk.internal.loader.ClassLoaders$AppClassLoader@64b8f8f4
21:47:38.733 [main] DEBUG l.s.DefaultPackageScanClassResolver - Loaded the class: class liquibase.pro.packaged.gq in classloader: jdk.internal.loader.ClassLoaders$AppClassLoader@64b8f8f4
21:47:38.733 [main] DEBUG l.s.DefaultPackageScanClassResolver - Loaded the class: class liquibase.pro.packaged.hR in classloader: jdk.internal.loader.ClassLoaders$AppClassLoader@64b8f8f4
21:47:38.733 [main] DEBUG l.s.DefaultPackageScanClassResolver - Loaded the class: interface liquibase.pro.packaged.i in classloader: jdk.internal.loader.ClassLoaders$AppClassLoader@64b8f8f4
21:47:38.734 [main] DEBUG l.s.DefaultPackageScanClassResolver - Loaded the class: class liquibase.pro.packaged.ep$1 in classloader: jdk.internal.loader.ClassLoaders$AppClassLoader@64b8f8f4
21:47:38.734 [main] DEBUG l.s.DefaultPackageScanClassResolver - Loaded the class: class liquibase.pro.packaged.fQ$1 in classloader: jdk.internal.loader.ClassLoaders$AppClassLoader@64b8f8f4
21:47:38.734 [main] DEBUG l.s.DefaultPackageScanClassResolver - Loaded the class: interface liquibase.pro.packaged.bz in classloader: jdk.internal.loader.ClassLoaders$AppClassLoader@64b8f8f4
21:47:38.735 [main] DEBUG l.s.DefaultPackageScanClassResolver - Loaded the class: class liquibase.pro.packaged.gr in classloader: jdk.internal.loader.ClassLoaders$AppClassLoader@64b8f8f4
21:47:38.735 [main] DEBUG l.s.DefaultPackageScanClassResolver - Loaded the class: class liquibase.pro.packaged.hS in classloader: jdk.internal.loader.ClassLoaders$AppClassLoader@64b8f8f4
21:47:38.736 [main] DEBUG l.s.DefaultPackageScanClassResolver - Loaded the class: class liquibase.pro.packaged.lu in classloader: jdk.internal.loader.ClassLoaders$AppClassLoader@64b8f8f4
21:47:38.736 [main] DEBUG l.s.DefaultPackageScanClassResolver - Loaded the class: class liquibase.pro.packaged.lH in classloader: jdk.internal.loader.ClassLoaders$AppClassLoader@64b8f8f4
21:47:38.737 [main] DEBUG l.s.DefaultPackageScanClassResolver - Loaded the class: class liquibase.pro.packaged.kg in classloader: jdk.internal.loader.ClassLoaders$AppClassLoader@64b8f8f4
21:47:38.737 [main] DEBUG l.s.DefaultPackageScanClassResolver - Loaded the class: interface liquibase.pro.packaged.h in classloader: jdk.internal.loader.ClassLoaders$AppClassLoader@64b8f8f4
21:47:38.737 [main] DEBUG l.s.DefaultPackageScanClassResolver - Loaded the class: class liquibase.pro.packaged.do in classloader: jdk.internal.loader.ClassLoaders$AppClassLoader@64b8f8f4
21:47:38.737 [main] DEBUG l.s.DefaultPackageScanClassResolver - Loaded the class: class liquibase.pro.packaged.eP in classloader: jdk.internal.loader.ClassLoaders$AppClassLoader@64b8f8f4
21:47:38.738 [main] DEBUG l.s.DefaultPackageScanClassResolver - Loaded the class: class liquibase.pro.packaged.im in classloader: jdk.internal.loader.ClassLoaders$AppClassLoader@64b8f8f4
21:47:38.738 [main] DEBUG l.s.DefaultPackageScanClassResolver - Loaded the class: class liquibase.pro.packaged.jN in classloader: jdk.internal.loader.ClassLoaders$AppClassLoader@64b8f8f4
21:47:38.739 [main] DEBUG l.s.DefaultPackageScanClassResolver - Loaded the class: class liquibase.pro.packaged.lC in classloader: jdk.internal.loader.ClassLoaders$AppClassLoader@64b8f8f4
21:47:38.739 [main] DEBUG l.s.DefaultPackageScanClassResolver - Loaded the class: class liquibase.pro.packaged.kb in classloader: jdk.internal.loader.ClassLoaders$AppClassLoader@64b8f8f4
21:47:38.740 [main] DEBUG l.s.DefaultPackageScanClassResolver - Loaded the class: class liquibase.pro.packaged.dj in classloader: jdk.internal.loader.ClassLoaders$AppClassLoader@64b8f8f4
21:47:38.740 [main] DEBUG l.s.DefaultPackageScanClassResolver - Loaded the class: class liquibase.pro.packaged.eK in classloader: jdk.internal.loader.ClassLoaders$AppClassLoader@64b8f8f4
21:47:38.741 [main] DEBUG l.s.DefaultPackageScanClassResolver - Loaded the class: class liquibase.pro.packaged.bs in classloader: jdk.internal.loader.ClassLoaders$AppClassLoader@64b8f8f4
21:47:38.741 [main] DEBUG l.s.DefaultPackageScanClassResolver - Loaded the class: class liquibase.pro.packaged.cT in classloader: jdk.internal.loader.ClassLoaders$AppClassLoader@64b8f8f4
21:47:38.742 [main] DEBUG l.s.DefaultPackageScanClassResolver - Loaded the class: interface liquibase.pro.packaged.lE in classloader: jdk.internal.loader.ClassLoaders$AppClassLoader@64b8f8f4
21:47:38.742 [main] DEBUG l.s.DefaultPackageScanClassResolver - Loaded the class: class liquibase.pro.packaged.kd in classloader: jdk.internal.loader.ClassLoaders$AppClassLoader@64b8f8f4
21:47:38.742 [main] DEBUG l.s.DefaultPackageScanClassResolver - Loaded the class: class liquibase.pro.packaged.ik in classloader: jdk.internal.loader.ClassLoaders$AppClassLoader@64b8f8f4
21:47:38.743 [main] DEBUG l.s.DefaultPackageScanClassResolver - Loaded the class: class liquibase.pro.packaged.jL in classloader: jdk.internal.loader.ClassLoaders$AppClassLoader@64b8f8f4
21:47:38.743 [main] DEBUG l.s.DefaultPackageScanClassResolver - Loaded the class: class liquibase.pro.packaged.bv in classloader: jdk.internal.loader.ClassLoaders$AppClassLoader@64b8f8f4
21:47:38.743 [main] DEBUG l.s.DefaultPackageScanClassResolver - Loaded the class: interface liquibase.pro.packaged.cW in classloader: jdk.internal.loader.ClassLoaders$AppClassLoader@64b8f8f4
21:47:38.743 [main] DEBUG l.s.DefaultPackageScanClassResolver - Loaded the class: interface liquibase.pro.packaged.d in classloader: jdk.internal.loader.ClassLoaders$AppClassLoader@64b8f8f4
21:47:38.743 [main] DEBUG l.s.DefaultPackageScanClassResolver - Loaded the class: class liquibase.pro.packaged.bu in classloader: jdk.internal.loader.ClassLoaders$AppClassLoader@64b8f8f4
21:47:38.743 [main] DEBUG l.s.DefaultPackageScanClassResolver - Loaded the class: interface liquibase.pro.packaged.cV in classloader: jdk.internal.loader.ClassLoaders$AppClassLoader@64b8f8f4
21:47:38.744 [main] DEBUG l.s.DefaultPackageScanClassResolver - Loaded the class: class liquibase.pro.packaged.gv in classloader: jdk.internal.loader.ClassLoaders$AppClassLoader@64b8f8f4
21:47:38.744 [main] DEBUG l.s.DefaultPackageScanClassResolver - Loaded the class: class liquibase.pro.packaged.hW in classloader: jdk.internal.loader.ClassLoaders$AppClassLoader@64b8f8f4
21:47:38.744 [main] DEBUG l.s.DefaultPackageScanClassResolver - Loaded the class: interface liquibase.pro.packaged.lx in classloader: jdk.internal.loader.ClassLoaders$AppClassLoader@64b8f8f4
21:47:38.744 [main] DEBUG l.s.DefaultPackageScanClassResolver - Loaded the class: class liquibase.pro.packaged.fa in classloader: jdk.internal.loader.ClassLoaders$AppClassLoader@64b8f8f4
21:47:38.744 [main] DEBUG l.s.DefaultPackageScanClassResolver - Loaded the class: class liquibase.pro.packaged.gB in classloader: jdk.internal.loader.ClassLoaders$AppClassLoader@64b8f8f4
21:47:38.745 [main] DEBUG l.s.DefaultPackageScanClassResolver - Loaded the class: class liquibase.pro.packaged.hf in classloader: jdk.internal.loader.ClassLoaders$AppClassLoader@64b8f8f4
21:47:38.745 [main] DEBUG l.s.DefaultPackageScanClassResolver - Loaded the class: class liquibase.pro.packaged.iG in classloader: jdk.internal.loader.ClassLoaders$AppClassLoader@64b8f8f4
21:47:38.745 [main] DEBUG l.s.DefaultPackageScanClassResolver - Loaded the class: class liquibase.pro.packaged.bq in classloader: jdk.internal.loader.ClassLoaders$AppClassLoader@64b8f8f4
21:47:38.748 [main] DEBUG l.s.DefaultPackageScanClassResolver - Loaded the class: class liquibase.pro.packaged.cR in classloader: jdk.internal.loader.ClassLoaders$AppClassLoader@64b8f8f4
21:47:38.748 [main] DEBUG l.s.DefaultPackageScanClassResolver - Loaded the class: class liquibase.pro.packaged.kt in classloader: jdk.internal.loader.ClassLoaders$AppClassLoader@64b8f8f4
21:47:38.749 [main] DEBUG l.s.DefaultPackageScanClassResolver - Loaded the class: class liquibase.pro.packaged.dw in classloader: jdk.internal.loader.ClassLoaders$AppClassLoader@64b8f8f4
21:47:38.749 [main] DEBUG l.s.DefaultPackageScanClassResolver - Loaded the class: class liquibase.pro.packaged.eX in classloader: jdk.internal.loader.ClassLoaders$AppClassLoader@64b8f8f4
21:47:38.749 [main] DEBUG l.s.DefaultPackageScanClassResolver - Loaded the class: class liquibase.pro.packaged.lU in classloader: jdk.internal.loader.ClassLoaders$AppClassLoader@64b8f8f4
21:47:38.750 [main] DEBUG l.s.DefaultPackageScanClassResolver - Loaded the class: class liquibase.pro.packaged.lw in classloader: jdk.internal.loader.ClassLoaders$AppClassLoader@64b8f8f4
21:47:38.750 [main] DEBUG l.s.DefaultPackageScanClassResolver - Loaded the class: class liquibase.pro.packaged.gA in classloader: jdk.internal.loader.ClassLoaders$AppClassLoader@64b8f8f4
21:47:38.751 [main] DEBUG l.s.DefaultPackageScanClassResolver - Loaded the class: class liquibase.pro.packaged.bl in classloader: jdk.internal.loader.ClassLoaders$AppClassLoader@64b8f8f4
21:47:38.751 [main] DEBUG l.s.DefaultPackageScanClassResolver - Loaded the class: interface liquibase.pro.packaged.cM in classloader: jdk.internal.loader.ClassLoaders$AppClassLoader@64b8f8f4
21:47:38.751 [main] DEBUG l.s.DefaultPackageScanClassResolver - Loaded the class: class liquibase.pro.packaged.U in classloader: jdk.internal.loader.ClassLoaders$AppClassLoader@64b8f8f4
21:47:38.752 [main] DEBUG l.s.DefaultPackageScanClassResolver - Loaded the class: class liquibase.pro.packaged.an in classloader: jdk.internal.loader.ClassLoaders$AppClassLoader@64b8f8f4
21:47:38.752 [main] DEBUG l.s.DefaultPackageScanClassResolver - Loaded the class: class liquibase.pro.packaged.bO in classloader: jdk.internal.loader.ClassLoaders$AppClassLoader@64b8f8f4
21:47:38.752 [main] DEBUG l.s.DefaultPackageScanClassResolver - Loaded the class: class liquibase.pro.packaged.id in classloader: jdk.internal.loader.ClassLoaders$AppClassLoader@64b8f8f4
21:47:38.752 [main] DEBUG l.s.DefaultPackageScanClassResolver - Loaded the class: class liquibase.pro.packaged.jE in classloader: jdk.internal.loader.ClassLoaders$AppClassLoader@64b8f8f4
21:47:38.752 [main] DEBUG l.s.DefaultPackageScanClassResolver - Loaded the class: class liquibase.pro.packaged.ky in classloader: jdk.internal.loader.ClassLoaders$AppClassLoader@64b8f8f4
21:47:38.753 [main] DEBUG l.s.DefaultPackageScanClassResolver - Loaded the class: class liquibase.pro.packaged.eb in classloader: jdk.internal.loader.ClassLoaders$AppClassLoader@64b8f8f4
21:47:38.754 [main] DEBUG l.s.DefaultPackageScanClassResolver - Loaded the class: class liquibase.pro.packaged.fC in classloader: jdk.internal.loader.ClassLoaders$AppClassLoader@64b8f8f4
21:47:38.754 [main] DEBUG l.s.DefaultPackageScanClassResolver - Loaded the class: class liquibase.pro.packaged.ai in classloader: jdk.internal.loader.ClassLoaders$AppClassLoader@64b8f8f4
21:47:38.754 [main] DEBUG l.s.DefaultPackageScanClassResolver - Loaded the class: class liquibase.pro.packaged.bJ in classloader: jdk.internal.loader.ClassLoaders$AppClassLoader@64b8f8f4
21:47:38.755 [main] DEBUG l.s.DefaultPackageScanClassResolver - Loaded the class: class liquibase.pro.packaged.lC$1 in classloader: jdk.internal.loader.ClassLoaders$AppClassLoader@64b8f8f4
21:47:38.755 [main] DEBUG l.s.DefaultPackageScanClassResolver - Loaded the class: class liquibase.pro.packaged.ii in classloader: jdk.internal.loader.ClassLoaders$AppClassLoader@64b8f8f4
21:47:38.755 [main] DEBUG l.s.DefaultPackageScanClassResolver - Loaded the class: class liquibase.pro.packaged.jJ in classloader: jdk.internal.loader.ClassLoaders$AppClassLoader@64b8f8f4
21:47:38.756 [main] DEBUG l.s.DefaultPackageScanClassResolver - Loaded the class: class liquibase.pro.packaged.Z in classloader: jdk.internal.loader.ClassLoaders$AppClassLoader@64b8f8f4
21:47:38.756 [main] DEBUG l.s.DefaultPackageScanClassResolver - Loaded the class: class liquibase.pro.packaged.ha in classloader: jdk.internal.loader.ClassLoaders$AppClassLoader@64b8f8f4
21:47:38.756 [main] DEBUG l.s.DefaultPackageScanClassResolver - Loaded the class: class liquibase.pro.packaged.iB in classloader: jdk.internal.loader.ClassLoaders$AppClassLoader@64b8f8f4
21:47:38.756 [main] DEBUG l.s.DefaultPackageScanClassResolver - Loaded the class: interface liquibase.pro.packaged.lK in classloader: jdk.internal.loader.ClassLoaders$AppClassLoader@64b8f8f4
21:47:38.758 [main] DEBUG l.s.DefaultPackageScanClassResolver - Loaded the class: class liquibase.pro.packaged.kj in classloader: jdk.internal.loader.ClassLoaders$AppClassLoader@64b8f8f4
21:47:38.758 [main] DEBUG l.s.DefaultPackageScanClassResolver - Loaded the class: class liquibase.pro.packaged.bb in classloader: jdk.internal.loader.ClassLoaders$AppClassLoader@64b8f8f4
21:47:38.758 [main] DEBUG l.s.DefaultPackageScanClassResolver - Loaded the class: class liquibase.pro.packaged.cC in classloader: jdk.internal.loader.ClassLoaders$AppClassLoader@64b8f8f4
21:47:38.758 [main] DEBUG l.s.DefaultPackageScanClassResolver - Loaded the class: class liquibase.pro.packaged.ad in classloader: jdk.internal.loader.ClassLoaders$AppClassLoader@64b8f8f4
21:47:38.759 [main] DEBUG l.s.DefaultPackageScanClassResolver - Loaded the class: class liquibase.pro.packaged.bE in classloader: jdk.internal.loader.ClassLoaders$AppClassLoader@64b8f8f4
21:47:38.759 [main] DEBUG l.s.DefaultPackageScanClassResolver - Loaded the class: class liquibase.pro.packaged.ga$10 in classloader: jdk.internal.loader.ClassLoaders$AppClassLoader@64b8f8f4
21:47:38.759 [main] DEBUG l.s.DefaultPackageScanClassResolver - Loaded the class: interface liquibase.pro.packaged.ld in classloader: jdk.internal.loader.ClassLoaders$AppClassLoader@64b8f8f4
21:47:38.760 [main] DEBUG l.s.DefaultPackageScanClassResolver - Loaded the class: class liquibase.pro.packaged.hk in classloader: jdk.internal.loader.ClassLoaders$AppClassLoader@64b8f8f4
21:47:38.760 [main] DEBUG l.s.DefaultPackageScanClassResolver - Loaded the class: class liquibase.pro.packaged.iL in classloader: jdk.internal.loader.ClassLoaders$AppClassLoader@64b8f8f4
21:47:38.761 [main] DEBUG l.s.DefaultPackageScanClassResolver - Loaded the class: class liquibase.pro.packaged.fQ$2 in classloader: jdk.internal.loader.ClassLoaders$AppClassLoader@64b8f8f4
21:47:38.761 [main] DEBUG l.s.DefaultPackageScanClassResolver - Loaded the class: interface liquibase.pro.packaged.hy in classloader: jdk.internal.loader.ClassLoaders$AppClassLoader@64b8f8f4
21:47:38.761 [main] DEBUG l.s.DefaultPackageScanClassResolver - Loaded the class: class liquibase.pro.packaged.iZ in classloader: jdk.internal.loader.ClassLoaders$AppClassLoader@64b8f8f4
21:47:38.761 [main] DEBUG l.s.DefaultPackageScanClassResolver - Loaded the class: class liquibase.pro.packaged.jQ$4 in classloader: jdk.internal.loader.ClassLoaders$AppClassLoader@64b8f8f4
21:47:38.761 [main] DEBUG l.s.DefaultPackageScanClassResolver - Loaded the class: interface liquibase.pro.packaged.B in classloader: jdk.internal.loader.ClassLoaders$AppClassLoader@64b8f8f4
21:47:38.762 [main] DEBUG l.s.DefaultPackageScanClassResolver - Loaded the class: class liquibase.pro.packaged.dr in classloader: jdk.internal.loader.ClassLoaders$AppClassLoader@64b8f8f4
21:47:38.762 [main] DEBUG l.s.DefaultPackageScanClassResolver - Loaded the class: class liquibase.pro.packaged.eS in classloader: jdk.internal.loader.ClassLoaders$AppClassLoader@64b8f8f4
21:47:38.762 [main] DEBUG l.s.DefaultPackageScanClassResolver - Loaded the class: interface liquibase.pro.packaged.lr in classloader: jdk.internal.loader.ClassLoaders$AppClassLoader@64b8f8f4
21:47:38.762 [main] DEBUG l.s.DefaultPackageScanClassResolver - Loaded the class: class liquibase.pro.packaged.ez in classloader: jdk.internal.loader.ClassLoaders$AppClassLoader@64b8f8f4
21:47:38.763 [main] DEBUG l.s.DefaultPackageScanClassResolver - Loaded the class: class liquibase.pro.packaged.el in classloader: jdk.internal.loader.ClassLoaders$AppClassLoader@64b8f8f4
21:47:38.763 [main] DEBUG l.s.DefaultPackageScanClassResolver - Loaded the class: class liquibase.pro.packaged.fM in classloader: jdk.internal.loader.ClassLoaders$AppClassLoader@64b8f8f4
21:47:38.763 [main] DEBUG l.s.DefaultPackageScanClassResolver - Loaded the class: class liquibase.pro.packaged.P in classloader: jdk.internal.loader.ClassLoaders$AppClassLoader@64b8f8f4
21:47:38.763 [main] DEBUG l.s.DefaultPackageScanClassResolver - Loaded the class: class liquibase.pro.packaged.fN$1 in classloader: jdk.internal.loader.ClassLoaders$AppClassLoader@64b8f8f4
21:47:38.764 [main] DEBUG l.s.DefaultPackageScanClassResolver - Loaded the class: class liquibase.pro.packaged.as in classloader: jdk.internal.loader.ClassLoaders$AppClassLoader@64b8f8f4
21:47:38.764 [main] DEBUG l.s.DefaultPackageScanClassResolver - Loaded the class: class liquibase.pro.packaged.bT in classloader: jdk.internal.loader.ClassLoaders$AppClassLoader@64b8f8f4
21:47:38.764 [main] DEBUG l.s.DefaultPackageScanClassResolver - Loaded the class: class liquibase.pro.packaged.bc in classloader: jdk.internal.loader.ClassLoaders$AppClassLoader@64b8f8f4
21:47:38.764 [main] DEBUG l.s.DefaultPackageScanClassResolver - Loaded the class: class liquibase.pro.packaged.cD in classloader: jdk.internal.loader.ClassLoaders$AppClassLoader@64b8f8f4
21:47:38.765 [main] DEBUG l.s.DefaultPackageScanClassResolver - Loaded the class: interface liquibase.pro.packaged.A in classloader: jdk.internal.loader.ClassLoaders$AppClassLoader@64b8f8f4
21:47:38.765 [main] DEBUG l.s.DefaultPackageScanClassResolver - Loaded the class: class liquibase.pro.packaged.hz in classloader: jdk.internal.loader.ClassLoaders$AppClassLoader@64b8f8f4
21:47:38.765 [main] DEBUG l.s.DefaultPackageScanClassResolver - Loaded the class: class liquibase.pro.packaged.eq in classloader: jdk.internal.loader.ClassLoaders$AppClassLoader@64b8f8f4
21:47:38.765 [main] DEBUG l.s.DefaultPackageScanClassResolver - Loaded the class: class liquibase.pro.packaged.fR in classloader: jdk.internal.loader.ClassLoaders$AppClassLoader@64b8f8f4
21:47:38.766 [main] DEBUG l.s.DefaultPackageScanClassResolver - Loaded the class: class liquibase.pro.packaged.kz$6 in classloader: jdk.internal.loader.ClassLoaders$AppClassLoader@64b8f8f4
21:47:38.766 [main] DEBUG l.s.DefaultPackageScanClassResolver - Loaded the class: class liquibase.pro.packaged.li in classloader: jdk.internal.loader.ClassLoaders$AppClassLoader@64b8f8f4
21:47:38.766 [main] DEBUG l.s.DefaultPackageScanClassResolver - Loaded the class: class liquibase.pro.packaged.jQ$3 in classloader: jdk.internal.loader.ClassLoaders$AppClassLoader@64b8f8f4
21:47:38.766 [main] DEBUG l.s.DefaultPackageScanClassResolver - Loaded the class: interface liquibase.pro.packaged.lL in classloader: jdk.internal.loader.ClassLoaders$AppClassLoader@64b8f8f4
21:47:38.766 [main] DEBUG l.s.DefaultPackageScanClassResolver - Loaded the class: class liquibase.pro.packaged.kk in classloader: jdk.internal.loader.ClassLoaders$AppClassLoader@64b8f8f4
21:47:38.767 [main] DEBUG l.s.DefaultPackageScanClassResolver - Loaded the class: interface liquibase.pro.packaged.lh in classloader: jdk.internal.loader.ClassLoaders$AppClassLoader@64b8f8f4
21:47:38.767 [main] DEBUG l.s.DefaultPackageScanClassResolver - Loaded the class: class liquibase.pro.packaged.ep in classloader: jdk.internal.loader.ClassLoaders$AppClassLoader@64b8f8f4
21:47:38.767 [main] DEBUG l.s.DefaultPackageScanClassResolver - Loaded the class: class liquibase.pro.packaged.fQ in classloader: jdk.internal.loader.ClassLoaders$AppClassLoader@64b8f8f4
21:47:38.768 [main] DEBUG l.s.DefaultPackageScanClassResolver - Loaded the class: class liquibase.pro.packaged.ev in classloader: jdk.internal.loader.ClassLoaders$AppClassLoader@64b8f8f4
21:47:38.768 [main] DEBUG l.s.DefaultPackageScanClassResolver - Loaded the class: interface liquibase.pro.packaged.fW in classloader: jdk.internal.loader.ClassLoaders$AppClassLoader@64b8f8f4
21:47:38.768 [main] DEBUG l.s.DefaultPackageScanClassResolver - Loaded the class: class liquibase.pro.packaged.ln in classloader: jdk.internal.loader.ClassLoaders$AppClassLoader@64b8f8f4
21:47:38.768 [main] DEBUG l.s.DefaultPackageScanClassResolver - Loaded the class: class liquibase.pro.packaged.Y in classloader: jdk.internal.loader.ClassLoaders$AppClassLoader@64b8f8f4
21:47:38.769 [main] DEBUG l.s.DefaultPackageScanClassResolver - Loaded the class: class liquibase.pro.packaged.gx$1 in classloader: jdk.internal.loader.ClassLoaders$AppClassLoader@64b8f8f4
21:47:38.769 [main] DEBUG l.s.DefaultPackageScanClassResolver - Loaded the class: interface liquibase.pro.packaged.am in classloader: jdk.internal.loader.ClassLoaders$AppClassLoader@64b8f8f4
21:47:38.769 [main] DEBUG l.s.DefaultPackageScanClassResolver - Loaded the class: class liquibase.pro.packaged.bN in classloader: jdk.internal.loader.ClassLoaders$AppClassLoader@64b8f8f4
21:47:38.770 [main] DEBUG l.s.DefaultPackageScanClassResolver - Loaded the class: class liquibase.pro.packaged.kp in classloader: jdk.internal.loader.ClassLoaders$AppClassLoader@64b8f8f4
21:47:38.770 [main] DEBUG l.s.DefaultPackageScanClassResolver - Loaded the class: class liquibase.pro.packaged.lQ in classloader: jdk.internal.loader.ClassLoaders$AppClassLoader@64b8f8f4
21:47:38.770 [main] DEBUG l.s.DefaultPackageScanClassResolver - Loaded the class: class liquibase.pro.packaged.hb in classloader: jdk.internal.loader.ClassLoaders$AppClassLoader@64b8f8f4
21:47:38.771 [main] DEBUG l.s.DefaultPackageScanClassResolver - Loaded the class: class liquibase.pro.packaged.iC in classloader: jdk.internal.loader.ClassLoaders$AppClassLoader@64b8f8f4
21:47:38.771 [main] DEBUG l.s.DefaultPackageScanClassResolver - Loaded the class: interface liquibase.pro.packaged.lm in classloader: jdk.internal.loader.ClassLoaders$AppClassLoader@64b8f8f4
21:47:38.771 [main] DEBUG l.s.DefaultPackageScanClassResolver - Loaded the class: class liquibase.pro.packaged.V in classloader: jdk.internal.loader.ClassLoaders$AppClassLoader@64b8f8f4
21:47:38.771 [main] DEBUG l.s.DefaultPackageScanClassResolver - Loaded the class: class liquibase.pro.packaged.aj in classloader: jdk.internal.loader.ClassLoaders$AppClassLoader@64b8f8f4
21:47:38.772 [main] DEBUG l.s.DefaultPackageScanClassResolver - Loaded the class: class liquibase.pro.packaged.bK in classloader: jdk.internal.loader.ClassLoaders$AppClassLoader@64b8f8f4
21:47:38.772 [main] DEBUG l.s.DefaultPackageScanClassResolver - Loaded the class: class liquibase.pro.packaged.eu in classloader: jdk.internal.loader.ClassLoaders$AppClassLoader@64b8f8f4
21:47:38.772 [main] DEBUG l.s.DefaultPackageScanClassResolver - Loaded the class: class liquibase.pro.packaged.fV in classloader: jdk.internal.loader.ClassLoaders$AppClassLoader@64b8f8f4
21:47:38.773 [main] DEBUG l.s.DefaultPackageScanClassResolver - Loaded the class: class liquibase.pro.packaged.dv in classloader: jdk.internal.loader.ClassLoaders$AppClassLoader@64b8f8f4
21:47:38.773 [main] DEBUG l.s.DefaultPackageScanClassResolver - Loaded the class: class liquibase.pro.packaged.eW in classloader: jdk.internal.loader.ClassLoaders$AppClassLoader@64b8f8f4
21:47:38.773 [main] DEBUG l.s.DefaultPackageScanClassResolver - Loaded the class: class liquibase.pro.packaged.aQ$1 in classloader: jdk.internal.loader.ClassLoaders$AppClassLoader@64b8f8f4
21:47:38.774 [main] DEBUG l.s.DefaultPackageScanClassResolver - Loaded the class: class liquibase.pro.packaged.kz$1 in classloader: jdk.internal.loader.ClassLoaders$AppClassLoader@64b8f8f4
21:47:38.774 [main] DEBUG l.s.DefaultPackageScanClassResolver - Loaded the class: class liquibase.pro.packaged.bh in classloader: jdk.internal.loader.ClassLoaders$AppClassLoader@64b8f8f4
21:47:38.775 [main] DEBUG l.s.DefaultPackageScanClassResolver - Loaded the class: class liquibase.pro.packaged.cI in classloader: jdk.internal.loader.ClassLoaders$AppClassLoader@64b8f8f4
21:47:38.775 [main] DEBUG l.s.DefaultPackageScanClassResolver - Loaded the class: class liquibase.pro.packaged.ku$3 in classloader: jdk.internal.loader.ClassLoaders$AppClassLoader@64b8f8f4
21:47:38.776 [main] DEBUG l.s.DefaultPackageScanClassResolver - Loaded the class: class liquibase.pro.packaged.ko in classloader: jdk.internal.loader.ClassLoaders$AppClassLoader@64b8f8f4
21:47:38.776 [main] DEBUG l.s.DefaultPackageScanClassResolver - Loaded the class: interface liquibase.pro.packaged.lP in classloader: jdk.internal.loader.ClassLoaders$AppClassLoader@64b8f8f4
21:47:38.776 [main] DEBUG l.s.DefaultPackageScanClassResolver - Loaded the class: class liquibase.pro.packaged.he in classloader: jdk.internal.loader.ClassLoaders$AppClassLoader@64b8f8f4
21:47:38.776 [main] DEBUG l.s.DefaultPackageScanClassResolver - Loaded the class: class liquibase.pro.packaged.iF in classloader: jdk.internal.loader.ClassLoaders$AppClassLoader@64b8f8f4
21:47:38.776 [main] DEBUG l.s.DefaultPackageScanClassResolver - Loaded the class: class liquibase.pro.packaged.kz$2 in classloader: jdk.internal.loader.ClassLoaders$AppClassLoader@64b8f8f4
21:47:38.777 [main] DEBUG l.s.DefaultPackageScanClassResolver - Loaded the class: class liquibase.pro.packaged.jA in classloader: jdk.internal.loader.ClassLoaders$AppClassLoader@64b8f8f4
21:47:38.778 [main] DEBUG l.s.DefaultPackageScanClassResolver - Loaded the class: class liquibase.pro.packaged.bg in classloader: jdk.internal.loader.ClassLoaders$AppClassLoader@64b8f8f4
21:47:38.779 [main] DEBUG l.s.DefaultPackageScanClassResolver - Loaded the class: class liquibase.pro.packaged.cH in classloader: jdk.internal.loader.ClassLoaders$AppClassLoader@64b8f8f4
21:47:38.779 [main] DEBUG l.s.DefaultPackageScanClassResolver - Loaded the class: class liquibase.pro.packaged.dx in classloader: jdk.internal.loader.ClassLoaders$AppClassLoader@64b8f8f4
21:47:38.779 [main] DEBUG l.s.DefaultPackageScanClassResolver - Loaded the class: class liquibase.pro.packaged.eY in classloader: jdk.internal.loader.ClassLoaders$AppClassLoader@64b8f8f4
21:47:38.780 [main] DEBUG l.s.DefaultPackageScanClassResolver - Loaded the class: class liquibase.pro.packaged.kY$1 in classloader: jdk.internal.loader.ClassLoaders$AppClassLoader@64b8f8f4
21:47:38.780 [main] DEBUG l.s.DefaultPackageScanClassResolver - Loaded the class: class liquibase.pro.packaged.kz$3 in classloader: jdk.internal.loader.ClassLoaders$AppClassLoader@64b8f8f4
21:47:38.780 [main] DEBUG l.s.DefaultPackageScanClassResolver - Loaded the class: interface liquibase.pro.packaged.at in classloader: jdk.internal.loader.ClassLoaders$AppClassLoader@64b8f8f4
21:47:38.780 [main] DEBUG l.s.DefaultPackageScanClassResolver - Loaded the class: class liquibase.pro.packaged.bU in classloader: jdk.internal.loader.ClassLoaders$AppClassLoader@64b8f8f4
21:47:38.781 [main] DEBUG l.s.DefaultPackageScanClassResolver - Loaded the class: class liquibase.pro.packaged.el$1 in classloader: jdk.internal.loader.ClassLoaders$AppClassLoader@64b8f8f4
21:47:38.781 [main] DEBUG l.s.DefaultPackageScanClassResolver - Loaded the class: class liquibase.pro.packaged.ec in classloader: jdk.internal.loader.ClassLoaders$AppClassLoader@64b8f8f4
21:47:38.781 [main] DEBUG l.s.DefaultPackageScanClassResolver - Loaded the class: class liquibase.pro.packaged.fD in classloader: jdk.internal.loader.ClassLoaders$AppClassLoader@64b8f8f4
21:47:38.782 [main] DEBUG l.s.DefaultPackageScanClassResolver - Loaded the class: class liquibase.pro.packaged.ga$11 in classloader: jdk.internal.loader.ClassLoaders$AppClassLoader@64b8f8f4
21:47:38.782 [main] DEBUG l.s.DefaultPackageScanClassResolver - Loaded the class: class liquibase.pro.packaged.O in classloader: jdk.internal.loader.ClassLoaders$AppClassLoader@64b8f8f4
21:47:38.782 [main] DEBUG l.s.DefaultPackageScanClassResolver - Loaded the class: class liquibase.pro.packaged.kz in classloader: jdk.internal.loader.ClassLoaders$AppClassLoader@64b8f8f4
21:47:38.783 [main] DEBUG l.s.DefaultPackageScanClassResolver - Loaded the class: class liquibase.pro.packaged.hl in classloader: jdk.internal.loader.ClassLoaders$AppClassLoader@64b8f8f4
21:47:38.783 [main] DEBUG l.s.DefaultPackageScanClassResolver - Loaded the class: class liquibase.pro.packaged.iM in classloader: jdk.internal.loader.ClassLoaders$AppClassLoader@64b8f8f4
21:47:38.783 [main] DEBUG l.s.DefaultPackageScanClassResolver - Loaded the class: class liquibase.pro.packaged.bf in classloader: jdk.internal.loader.ClassLoaders$AppClassLoader@64b8f8f4
21:47:38.784 [main] DEBUG l.s.DefaultPackageScanClassResolver - Loaded the class: class liquibase.pro.packaged.cG in classloader: jdk.internal.loader.ClassLoaders$AppClassLoader@64b8f8f4
21:47:38.784 [main] DEBUG l.s.DefaultPackageScanClassResolver - Loaded the class: interface liquibase.pro.packaged.ao in classloader: jdk.internal.loader.ClassLoaders$AppClassLoader@64b8f8f4
21:47:38.784 [main] DEBUG l.s.DefaultPackageScanClassResolver - Loaded the class: class liquibase.pro.packaged.bP in classloader: jdk.internal.loader.ClassLoaders$AppClassLoader@64b8f8f4
21:47:38.785 [main] DEBUG l.s.DefaultPackageScanClassResolver - Loaded the class: class liquibase.pro.packaged.eh in classloader: jdk.internal.loader.ClassLoaders$AppClassLoader@64b8f8f4
21:47:38.785 [main] DEBUG l.s.DefaultPackageScanClassResolver - Loaded the class: class liquibase.pro.packaged.fI in classloader: jdk.internal.loader.ClassLoaders$AppClassLoader@64b8f8f4
21:47:38.785 [main] DEBUG l.s.DefaultPackageScanClassResolver - Loaded the class: class liquibase.pro.packaged.lg in classloader: jdk.internal.loader.ClassLoaders$AppClassLoader@64b8f8f4
21:47:38.786 [main] DEBUG l.s.DefaultPackageScanClassResolver - Loaded the class: class liquibase.pro.packaged.T in classloader: jdk.internal.loader.ClassLoaders$AppClassLoader@64b8f8f4
21:47:38.786 [main] DEBUG l.s.DefaultPackageScanClassResolver - Loaded the class: class liquibase.pro.packaged.eo in classloader: jdk.internal.loader.ClassLoaders$AppClassLoader@64b8f8f4
21:47:38.787 [main] DEBUG l.s.DefaultPackageScanClassResolver - Loaded the class: class liquibase.pro.packaged.fP in classloader: jdk.internal.loader.ClassLoaders$AppClassLoader@64b8f8f4
21:47:38.788 [main] DEBUG l.s.DefaultPackageScanClassResolver - Loaded the class: class liquibase.pro.packaged.hg in classloader: jdk.internal.loader.ClassLoaders$AppClassLoader@64b8f8f4
21:47:38.788 [main] DEBUG l.s.DefaultPackageScanClassResolver - Loaded the class: class liquibase.pro.packaged.iH in classloader: jdk.internal.loader.ClassLoaders$AppClassLoader@64b8f8f4
21:47:38.789 [main] DEBUG l.s.DefaultPackageScanClassResolver - Loaded the class: class liquibase.pro.packaged.ks in classloader: jdk.internal.loader.ClassLoaders$AppClassLoader@64b8f8f4
21:47:38.789 [main] DEBUG l.s.DefaultPackageScanClassResolver - Loaded the class: class liquibase.pro.packaged.lT in classloader: jdk.internal.loader.ClassLoaders$AppClassLoader@64b8f8f4
21:47:38.789 [main] DEBUG l.s.DefaultPackageScanClassResolver - Loaded the class: class liquibase.pro.packaged.em in classloader: jdk.internal.loader.ClassLoaders$AppClassLoader@64b8f8f4
21:47:38.790 [main] DEBUG l.s.DefaultPackageScanClassResolver - Loaded the class: class liquibase.pro.packaged.fN in classloader: jdk.internal.loader.ClassLoaders$AppClassLoader@64b8f8f4
21:47:38.790 [main] DEBUG l.s.DefaultPackageScanClassResolver - Loaded the class: class liquibase.pro.packaged.lb in classloader: jdk.internal.loader.ClassLoaders$AppClassLoader@64b8f8f4
21:47:38.790 [main] DEBUG l.s.DefaultPackageScanClassResolver - Loaded the class: interface liquibase.pro.packaged.le in classloader: jdk.internal.loader.ClassLoaders$AppClassLoader@64b8f8f4
21:47:38.790 [main] DEBUG l.s.DefaultPackageScanClassResolver - Loaded the class: class liquibase.pro.packaged.ej in classloader: jdk.internal.loader.ClassLoaders$AppClassLoader@64b8f8f4
21:47:38.790 [main] DEBUG l.s.DefaultPackageScanClassResolver - Loaded the class: interface liquibase.pro.packaged.fK in classloader: jdk.internal.loader.ClassLoaders$AppClassLoader@64b8f8f4
21:47:38.792 [main] DEBUG l.s.DefaultPackageScanClassResolver - Loaded the class: class liquibase.pro.packaged.hj in classloader: jdk.internal.loader.ClassLoaders$AppClassLoader@64b8f8f4
21:47:38.792 [main] DEBUG l.s.DefaultPackageScanClassResolver - Loaded the class: class liquibase.pro.packaged.iK in classloader: jdk.internal.loader.ClassLoaders$AppClassLoader@64b8f8f4
21:47:38.793 [main] DEBUG l.s.DefaultPackageScanClassResolver - Loaded the class: interface liquibase.pro.packaged.E in classloader: jdk.internal.loader.ClassLoaders$AppClassLoader@64b8f8f4
21:47:38.793 [main] DEBUG l.s.DefaultPackageScanClassResolver - Loaded the class: class liquibase.pro.packaged.kx in classloader: jdk.internal.loader.ClassLoaders$AppClassLoader@64b8f8f4
21:47:38.794 [main] DEBUG l.s.DefaultPackageScanClassResolver - Loaded the class: class liquibase.pro.packaged.hv in classloader: jdk.internal.loader.ClassLoaders$AppClassLoader@64b8f8f4
21:47:38.794 [main] DEBUG l.s.DefaultPackageScanClassResolver - Loaded the class: class liquibase.pro.packaged.iW in classloader: jdk.internal.loader.ClassLoaders$AppClassLoader@64b8f8f4
21:47:38.794 [main] DEBUG l.s.DefaultPackageScanClassResolver - Loaded the class: class liquibase.pro.packaged.ea in classloader: jdk.internal.loader.ClassLoaders$AppClassLoader@64b8f8f4
21:47:38.795 [main] DEBUG l.s.DefaultPackageScanClassResolver - Loaded the class: class liquibase.pro.packaged.fB in classloader: jdk.internal.loader.ClassLoaders$AppClassLoader@64b8f8f4
21:47:38.795 [main] DEBUG l.s.DefaultPackageScanClassResolver - Loaded the class: class liquibase.pro.packaged.ga$13 in classloader: jdk.internal.loader.ClassLoaders$AppClassLoader@64b8f8f4
21:47:38.796 [main] DEBUG l.s.DefaultPackageScanClassResolver - Loaded the class: class liquibase.pro.packaged.lb$2$1 in classloader: jdk.internal.loader.ClassLoaders$AppClassLoader@64b8f8f4
21:47:38.796 [main] DEBUG l.s.DefaultPackageScanClassResolver - Loaded the class: class liquibase.pro.packaged.ku in classloader: jdk.internal.loader.ClassLoaders$AppClassLoader@64b8f8f4
21:47:38.796 [main] DEBUG l.s.DefaultPackageScanClassResolver - Loaded the class: class liquibase.pro.packaged.lV in classloader: jdk.internal.loader.ClassLoaders$AppClassLoader@64b8f8f4
21:47:38.796 [main] DEBUG l.s.DefaultPackageScanClassResolver - Loaded the class: class liquibase.pro.packaged.ar in classloader: jdk.internal.loader.ClassLoaders$AppClassLoader@64b8f8f4
21:47:38.796 [main] DEBUG l.s.DefaultPackageScanClassResolver - Loaded the class: class liquibase.pro.packaged.bS in classloader: jdk.internal.loader.ClassLoaders$AppClassLoader@64b8f8f4
21:47:38.797 [main] DEBUG l.s.DefaultPackageScanClassResolver - Loaded the class: class liquibase.pro.packaged.kv$1 in classloader: jdk.internal.loader.ClassLoaders$AppClassLoader@64b8f8f4
21:47:38.797 [main] DEBUG l.s.DefaultPackageScanClassResolver - Loaded the class: class liquibase.pro.packaged.Q in classloader: jdk.internal.loader.ClassLoaders$AppClassLoader@64b8f8f4
21:47:38.797 [main] DEBUG l.s.DefaultPackageScanClassResolver - Loaded the class: class liquibase.pro.packaged.hx in classloader: jdk.internal.loader.ClassLoaders$AppClassLoader@64b8f8f4
21:47:38.798 [main] DEBUG l.s.DefaultPackageScanClassResolver - Loaded the class: class liquibase.pro.packaged.iY in classloader: jdk.internal.loader.ClassLoaders$AppClassLoader@64b8f8f4
21:47:38.798 [main] DEBUG l.s.DefaultPackageScanClassResolver - Loaded the class: class liquibase.pro.packaged.fA in classloader: jdk.internal.loader.ClassLoaders$AppClassLoader@64b8f8f4
21:47:38.798 [main] DEBUG l.s.DefaultPackageScanClassResolver - Loaded the class: interface liquibase.pro.packaged.C in classloader: jdk.internal.loader.ClassLoaders$AppClassLoader@64b8f8f4
21:47:38.799 [main] DEBUG l.s.DefaultPackageScanClassResolver - Loaded the class: class liquibase.pro.packaged.ba in classloader: jdk.internal.loader.ClassLoaders$AppClassLoader@64b8f8f4
21:47:38.799 [main] DEBUG l.s.DefaultPackageScanClassResolver - Loaded the class: class liquibase.pro.packaged.cB in classloader: jdk.internal.loader.ClassLoaders$AppClassLoader@64b8f8f4
21:47:38.799 [main] DEBUG l.s.DefaultPackageScanClassResolver - Loaded the class: class liquibase.pro.packaged.kw in classloader: jdk.internal.loader.ClassLoaders$AppClassLoader@64b8f8f4
21:47:38.799 [main] DEBUG l.s.DefaultPackageScanClassResolver - Loaded the class: class liquibase.pro.packaged.lR$2 in classloader: jdk.internal.loader.ClassLoaders$AppClassLoader@64b8f8f4
21:47:38.800 [main] DEBUG l.s.DefaultPackageScanClassResolver - Loaded the class: class liquibase.pro.packaged.ht in classloader: jdk.internal.loader.ClassLoaders$AppClassLoader@64b8f8f4
21:47:38.800 [main] DEBUG l.s.DefaultPackageScanClassResolver - Loaded the class: class liquibase.pro.packaged.iU in classloader: jdk.internal.loader.ClassLoaders$AppClassLoader@64b8f8f4
21:47:38.801 [main] DEBUG l.s.DefaultPackageScanClassResolver - Loaded the class: class liquibase.pro.packaged.aw in classloader: jdk.internal.loader.ClassLoaders$AppClassLoader@64b8f8f4
21:47:38.802 [main] DEBUG l.s.DefaultPackageScanClassResolver - Loaded the class: class liquibase.pro.packaged.bX in classloader: jdk.internal.loader.ClassLoaders$AppClassLoader@64b8f8f4
21:47:38.802 [main] DEBUG l.s.DefaultPackageScanClassResolver - Loaded the class: interface liquibase.pro.packaged.L in classloader: jdk.internal.loader.ClassLoaders$AppClassLoader@64b8f8f4
21:47:38.802 [main] DEBUG l.s.DefaultPackageScanClassResolver - Loaded the class: class liquibase.pro.packaged.lc in classloader: jdk.internal.loader.ClassLoaders$AppClassLoader@64b8f8f4
21:47:38.803 [main] DEBUG l.s.DefaultPackageScanClassResolver - Loaded the class: class liquibase.pro.packaged.ek in classloader: jdk.internal.loader.ClassLoaders$AppClassLoader@64b8f8f4
21:47:38.804 [main] DEBUG l.s.DefaultPackageScanClassResolver - Loaded the class: class liquibase.pro.packaged.fL in classloader: jdk.internal.loader.ClassLoaders$AppClassLoader@64b8f8f4
21:47:38.804 [main] DEBUG l.s.DefaultPackageScanClassResolver - Loaded the class: class liquibase.pro.packaged.av in classloader: jdk.internal.loader.ClassLoaders$AppClassLoader@64b8f8f4
21:47:38.806 [main] DEBUG l.s.DefaultPackageScanClassResolver - Loaded the class: class liquibase.pro.packaged.bW in classloader: jdk.internal.loader.ClassLoaders$AppClassLoader@64b8f8f4
21:47:38.806 [main] DEBUG l.s.DefaultPackageScanClassResolver - Loaded the class: class liquibase.pro.packaged.hg$1 in classloader: jdk.internal.loader.ClassLoaders$AppClassLoader@64b8f8f4
21:47:38.807 [main] DEBUG l.s.DefaultPackageScanClassResolver - Loaded the class: class liquibase.pro.packaged.F in classloader: jdk.internal.loader.ClassLoaders$AppClassLoader@64b8f8f4
21:47:38.807 [main] DEBUG l.s.DefaultPackageScanClassResolver - Loaded the class: class liquibase.pro.packaged.ho in classloader: jdk.internal.loader.ClassLoaders$AppClassLoader@64b8f8f4
21:47:38.807 [main] DEBUG l.s.DefaultPackageScanClassResolver - Loaded the class: class liquibase.pro.packaged.iP in classloader: jdk.internal.loader.ClassLoaders$AppClassLoader@64b8f8f4
21:47:38.807 [main] DEBUG l.s.DefaultPackageScanClassResolver - Loaded the class: class liquibase.pro.packaged.G in classloader: jdk.internal.loader.ClassLoaders$AppClassLoader@64b8f8f4
21:47:38.807 [main] DEBUG l.s.DefaultPackageScanClassResolver - Loaded the class: interface liquibase.pro.packaged.hu in classloader: jdk.internal.loader.ClassLoaders$AppClassLoader@64b8f8f4
21:47:38.807 [main] DEBUG l.s.DefaultPackageScanClassResolver - Loaded the class: class liquibase.pro.packaged.iV in classloader: jdk.internal.loader.ClassLoaders$AppClassLoader@64b8f8f4
21:47:38.808 [main] DEBUG l.s.DefaultPackageScanClassResolver - Loaded the class: class liquibase.pro.packaged.lR$1 in classloader: jdk.internal.loader.ClassLoaders$AppClassLoader@64b8f8f4
21:47:38.809 [main] DEBUG l.s.DefaultPackageScanClassResolver - Loaded the class: class liquibase.pro.packaged.hn in classloader: jdk.internal.loader.ClassLoaders$AppClassLoader@64b8f8f4
21:47:38.809 [main] DEBUG l.s.DefaultPackageScanClassResolver - Loaded the class: class liquibase.pro.packaged.iO in classloader: jdk.internal.loader.ClassLoaders$AppClassLoader@64b8f8f4
21:47:38.809 [main] DEBUG l.s.DefaultPackageScanClassResolver - Loaded the class: class liquibase.pro.packaged.M in classloader: jdk.internal.loader.ClassLoaders$AppClassLoader@64b8f8f4
21:47:38.809 [main] DEBUG l.s.DefaultPackageScanClassResolver - Loaded the class: interface liquibase.pro.packaged.K in classloader: jdk.internal.loader.ClassLoaders$AppClassLoader@64b8f8f4
21:47:38.809 [main] DEBUG l.s.DefaultPackageScanClassResolver - Loaded the class: interface liquibase.pro.packaged.hp in classloader: jdk.internal.loader.ClassLoaders$AppClassLoader@64b8f8f4
21:47:38.810 [main] DEBUG l.s.DefaultPackageScanClassResolver - Loaded the class: class liquibase.pro.packaged.iQ in classloader: jdk.internal.loader.ClassLoaders$AppClassLoader@64b8f8f4
21:47:38.810 [main] DEBUG l.s.DefaultPackageScanClassResolver - Loaded the class: class liquibase.pro.packaged.eg in classloader: jdk.internal.loader.ClassLoaders$AppClassLoader@64b8f8f4
21:47:38.810 [main] DEBUG l.s.DefaultPackageScanClassResolver - Loaded the class: class liquibase.pro.packaged.fH in classloader: jdk.internal.loader.ClassLoaders$AppClassLoader@64b8f8f4
21:47:38.811 [main] DEBUG l.s.DefaultPackageScanClassResolver - Loaded the class: class liquibase.pro.packaged.ax in classloader: jdk.internal.loader.ClassLoaders$AppClassLoader@64b8f8f4
21:47:38.811 [main] DEBUG l.s.DefaultPackageScanClassResolver - Loaded the class: class liquibase.pro.packaged.ed in classloader: jdk.internal.loader.ClassLoaders$AppClassLoader@64b8f8f4
21:47:38.812 [main] DEBUG l.s.DefaultPackageScanClassResolver - Loaded the class: class liquibase.pro.packaged.fE in classloader: jdk.internal.loader.ClassLoaders$AppClassLoader@64b8f8f4
21:47:38.812 [main] DEBUG l.s.DefaultPackageScanClassResolver - Loaded the class: class liquibase.pro.packaged.bY in classloader: jdk.internal.loader.ClassLoaders$AppClassLoader@64b8f8f4
21:47:38.812 [main] DEBUG l.s.DefaultPackageScanClassResolver - Loaded the class: class liquibase.pro.packaged.hs in classloader: jdk.internal.loader.ClassLoaders$AppClassLoader@64b8f8f4
21:47:38.813 [main] DEBUG l.s.DefaultPackageScanClassResolver - Loaded the class: class liquibase.pro.packaged.iT in classloader: jdk.internal.loader.ClassLoaders$AppClassLoader@64b8f8f4
21:47:38.813 [main] DEBUG l.s.DefaultPackageScanClassResolver - Loaded the class: class liquibase.pro.packaged.H in classloader: jdk.internal.loader.ClassLoaders$AppClassLoader@64b8f8f4
21:47:38.814 [main] DEBUG l.s.DefaultPackageScanClassResolver - Loaded the class: class liquibase.pro.packaged.hr in classloader: jdk.internal.loader.ClassLoaders$AppClassLoader@64b8f8f4
21:47:38.814 [main] DEBUG l.s.DefaultPackageScanClassResolver - Loaded the class: class liquibase.pro.packaged.iS in classloader: jdk.internal.loader.ClassLoaders$AppClassLoader@64b8f8f4
21:47:38.814 [main] DEBUG l.s.DefaultPackageScanClassResolver - Loaded the class: class liquibase.pro.packaged.ad$1 in classloader: jdk.internal.loader.ClassLoaders$AppClassLoader@64b8f8f4
21:47:38.815 [main] DEBUG l.s.DefaultPackageScanClassResolver - Loaded the class: interface liquibase.pro.packaged.I in classloader: jdk.internal.loader.ClassLoaders$AppClassLoader@64b8f8f4
21:47:38.815 [main] DEBUG l.s.DefaultPackageScanClassResolver - Loaded the class: class liquibase.pro.packaged.ay in classloader: jdk.internal.loader.ClassLoaders$AppClassLoader@64b8f8f4
21:47:38.815 [main] DEBUG l.s.DefaultPackageScanClassResolver - Loaded the class: class liquibase.pro.packaged.ee in classloader: jdk.internal.loader.ClassLoaders$AppClassLoader@64b8f8f4
21:47:38.815 [main] DEBUG l.s.DefaultPackageScanClassResolver - Loaded the class: class liquibase.pro.packaged.fF in classloader: jdk.internal.loader.ClassLoaders$AppClassLoader@64b8f8f4
21:47:38.816 [main] DEBUG l.s.DefaultPackageScanClassResolver - Loaded the class: class liquibase.pro.packaged.bZ in classloader: jdk.internal.loader.ClassLoaders$AppClassLoader@64b8f8f4
21:47:38.817 [main] DEBUG l.s.DefaultPackageScanClassResolver - Loaded the class: class liquibase.pro.packaged.eq$1 in classloader: jdk.internal.loader.ClassLoaders$AppClassLoader@64b8f8f4
21:47:38.817 [main] DEBUG l.s.DefaultPackageScanClassResolver - Loaded the class: class liquibase.pro.packaged.az in classloader: jdk.internal.loader.ClassLoaders$AppClassLoader@64b8f8f4
21:47:38.817 [main] DEBUG l.s.DefaultPackageScanClassResolver - Loaded the class: class liquibase.pro.packaged.hq in classloader: jdk.internal.loader.ClassLoaders$AppClassLoader@64b8f8f4
21:47:38.818 [main] DEBUG l.s.DefaultPackageScanClassResolver - Loaded the class: class liquibase.pro.packaged.iR in classloader: jdk.internal.loader.ClassLoaders$AppClassLoader@64b8f8f4
21:47:38.818 [main] DEBUG l.s.DefaultPackageScanClassResolver - Loaded the class: interface liquibase.pro.packaged.J in classloader: jdk.internal.loader.ClassLoaders$AppClassLoader@64b8f8f4
21:47:38.818 [main] DEBUG l.s.DefaultPackageScanClassResolver - Loaded the class: class liquibase.pro.packaged.ef in classloader: jdk.internal.loader.ClassLoaders$AppClassLoader@64b8f8f4
21:47:38.819 [main] DEBUG l.s.DefaultPackageScanClassResolver - Loaded the class: class liquibase.pro.packaged.fG in classloader: jdk.internal.loader.ClassLoaders$AppClassLoader@64b8f8f4
21:47:38.820 [main] DEBUG l.s.DefaultPackageScanClassResolver - Loaded the class: class liquibase.pro.packaged.cA in classloader: jdk.internal.loader.ClassLoaders$AppClassLoader@64b8f8f4
21:47:38.820 [main] DEBUG l.s.DefaultPackageScanClassResolver - Loaded the class: class liquibase.pro.packaged.hw in classloader: jdk.internal.loader.ClassLoaders$AppClassLoader@64b8f8f4
21:47:38.821 [main] DEBUG l.s.DefaultPackageScanClassResolver - Loaded the class: class liquibase.pro.packaged.iX in classloader: jdk.internal.loader.ClassLoaders$AppClassLoader@64b8f8f4
21:47:38.821 [main] DEBUG l.s.DefaultPackageScanClassResolver - Loaded the class: interface liquibase.pro.packaged.D in classloader: jdk.internal.loader.ClassLoaders$AppClassLoader@64b8f8f4
21:47:38.822 [main] DEBUG l.s.DefaultPackageScanClassResolver - Loaded the class: class liquibase.pro.packaged.fl in classloader: jdk.internal.loader.ClassLoaders$AppClassLoader@64b8f8f4
21:47:38.822 [main] DEBUG l.s.DefaultPackageScanClassResolver - Loaded the class: class liquibase.pro.packaged.gM in classloader: jdk.internal.loader.ClassLoaders$AppClassLoader@64b8f8f4
21:47:38.823 [main] DEBUG l.s.DefaultPackageScanClassResolver - Loaded the class: class liquibase.pro.packaged.kt$4 in classloader: jdk.internal.loader.ClassLoaders$AppClassLoader@64b8f8f4
21:47:38.823 [main] DEBUG l.s.DefaultPackageScanClassResolver - Loaded the class: class liquibase.pro.packaged.df in classloader: jdk.internal.loader.ClassLoaders$AppClassLoader@64b8f8f4
21:47:38.824 [main] DEBUG l.s.DefaultPackageScanClassResolver - Loaded the class: class liquibase.pro.packaged.eG in classloader: jdk.internal.loader.ClassLoaders$AppClassLoader@64b8f8f4
21:47:38.824 [main] DEBUG l.s.DefaultPackageScanClassResolver - Loaded the class: class liquibase.pro.packaged.be in classloader: jdk.internal.loader.ClassLoaders$AppClassLoader@64b8f8f4
21:47:38.824 [main] DEBUG l.s.DefaultPackageScanClassResolver - Loaded the class: class liquibase.pro.packaged.cF in classloader: jdk.internal.loader.ClassLoaders$AppClassLoader@64b8f8f4
21:47:38.825 [main] DEBUG l.s.DefaultPackageScanClassResolver - Loaded the class: class liquibase.pro.packaged.kY in classloader: jdk.internal.loader.ClassLoaders$AppClassLoader@64b8f8f4
21:47:38.825 [main] DEBUG l.s.DefaultPackageScanClassResolver - Loaded the class: class liquibase.pro.packaged.jx in classloader: jdk.internal.loader.ClassLoaders$AppClassLoader@64b8f8f4
21:47:38.826 [main] DEBUG l.s.DefaultPackageScanClassResolver - Loaded the class: class liquibase.pro.packaged.kz$4 in classloader: jdk.internal.loader.ClassLoaders$AppClassLoader@64b8f8f4
21:47:38.826 [main] DEBUG l.s.DefaultPackageScanClassResolver - Loaded the class: class liquibase.pro.packaged.fq in classloader: jdk.internal.loader.ClassLoaders$AppClassLoader@64b8f8f4
21:47:38.827 [main] DEBUG l.s.DefaultPackageScanClassResolver - Loaded the class: class liquibase.pro.packaged.gR in classloader: jdk.internal.loader.ClassLoaders$AppClassLoader@64b8f8f4
21:47:38.828 [main] DEBUG l.s.DefaultPackageScanClassResolver - Loaded the class: class liquibase.pro.packaged.eB in classloader: jdk.internal.loader.ClassLoaders$AppClassLoader@64b8f8f4
21:47:38.828 [main] DEBUG l.s.DefaultPackageScanClassResolver - Loaded the class: interface liquibase.pro.packaged.da in classloader: jdk.internal.loader.ClassLoaders$AppClassLoader@64b8f8f4
21:47:38.828 [main] DEBUG l.s.DefaultPackageScanClassResolver - Loaded the class: class liquibase.pro.packaged.hm in classloader: jdk.internal.loader.ClassLoaders$AppClassLoader@64b8f8f4
21:47:38.829 [main] DEBUG l.s.DefaultPackageScanClassResolver - Loaded the class: class liquibase.pro.packaged.iN in classloader: jdk.internal.loader.ClassLoaders$AppClassLoader@64b8f8f4
21:47:38.829 [main] DEBUG l.s.DefaultPackageScanClassResolver - Loaded the class: class liquibase.pro.packaged.jz$1 in classloader: jdk.internal.loader.ClassLoaders$AppClassLoader@64b8f8f4
21:47:38.830 [main] DEBUG l.s.DefaultPackageScanClassResolver - Loaded the class: class liquibase.pro.packaged.N in classloader: jdk.internal.loader.ClassLoaders$AppClassLoader@64b8f8f4
21:47:38.830 [main] DEBUG l.s.DefaultPackageScanClassResolver - Loaded the class: class liquibase.pro.packaged.au in classloader: jdk.internal.loader.ClassLoaders$AppClassLoader@64b8f8f4
21:47:38.831 [main] DEBUG l.s.DefaultPackageScanClassResolver - Loaded the class: interface liquibase.pro.packaged.bV in classloader: jdk.internal.loader.ClassLoaders$AppClassLoader@64b8f8f4
21:47:38.831 [main] DEBUG l.s.DefaultPackageScanClassResolver - Loaded the class: class liquibase.pro.packaged.ig in classloader: jdk.internal.loader.ClassLoaders$AppClassLoader@64b8f8f4
21:47:38.831 [main] DEBUG l.s.DefaultPackageScanClassResolver - Loaded the class: class liquibase.pro.packaged.jH in classloader: jdk.internal.loader.ClassLoaders$AppClassLoader@64b8f8f4
21:47:38.832 [main] DEBUG l.s.DefaultPackageScanClassResolver - Loaded the class: class liquibase.pro.packaged.fv in classloader: jdk.internal.loader.ClassLoaders$AppClassLoader@64b8f8f4
21:47:38.832 [main] DEBUG l.s.DefaultPackageScanClassResolver - Loaded the class: class liquibase.pro.packaged.gW in classloader: jdk.internal.loader.ClassLoaders$AppClassLoader@64b8f8f4
21:47:38.832 [main] DEBUG l.s.DefaultPackageScanClassResolver - Loaded the class: class liquibase.pro.packaged.dp in classloader: jdk.internal.loader.ClassLoaders$AppClassLoader@64b8f8f4
21:47:38.833 [main] DEBUG l.s.DefaultPackageScanClassResolver - Loaded the class: class liquibase.pro.packaged.eQ in classloader: jdk.internal.loader.ClassLoaders$AppClassLoader@64b8f8f4
21:47:38.834 [main] DEBUG l.s.DefaultPackageScanClassResolver - Loaded the class: class liquibase.pro.packaged.bo in classloader: jdk.internal.loader.ClassLoaders$AppClassLoader@64b8f8f4
21:47:38.834 [main] DEBUG l.s.DefaultPackageScanClassResolver - Loaded the class: class liquibase.pro.packaged.cP in classloader: jdk.internal.loader.ClassLoaders$AppClassLoader@64b8f8f4
21:47:38.835 [main] DEBUG l.s.DefaultPackageScanClassResolver - Loaded the class: class liquibase.pro.packaged.aO$1 in classloader: jdk.internal.loader.ClassLoaders$AppClassLoader@64b8f8f4
21:47:38.835 [main] DEBUG l.s.DefaultPackageScanClassResolver - Loaded the class: class liquibase.pro.packaged.cv in classloader: jdk.internal.loader.ClassLoaders$AppClassLoader@64b8f8f4
21:47:38.836 [main] DEBUG l.s.DefaultPackageScanClassResolver - Loaded the class: class liquibase.pro.packaged.dW in classloader: jdk.internal.loader.ClassLoaders$AppClassLoader@64b8f8f4
21:47:38.836 [main] DEBUG l.s.DefaultPackageScanClassResolver - Loaded the class: interface liquibase.pro.packaged.lI in classloader: jdk.internal.loader.ClassLoaders$AppClassLoader@64b8f8f4
21:47:38.837 [main] DEBUG l.s.DefaultPackageScanClassResolver - Loaded the class: class liquibase.pro.packaged.kh in classloader: jdk.internal.loader.ClassLoaders$AppClassLoader@64b8f8f4
21:47:38.837 [main] DEBUG l.s.DefaultPackageScanClassResolver - Loaded the class: class liquibase.pro.packaged.fg in classloader: jdk.internal.loader.ClassLoaders$AppClassLoader@64b8f8f4
21:47:38.838 [main] DEBUG l.s.DefaultPackageScanClassResolver - Loaded the class: class liquibase.pro.packaged.gH in classloader: jdk.internal.loader.ClassLoaders$AppClassLoader@64b8f8f4
21:47:38.838 [main] DEBUG l.s.DefaultPackageScanClassResolver - Loaded the class: interface liquibase.pro.packaged.kO in classloader: jdk.internal.loader.ClassLoaders$AppClassLoader@64b8f8f4
21:47:38.840 [main] DEBUG l.s.DefaultPackageScanClassResolver - Loaded the class: class liquibase.pro.packaged.jn in classloader: jdk.internal.loader.ClassLoaders$AppClassLoader@64b8f8f4
21:47:38.840 [main] DEBUG l.s.DefaultPackageScanClassResolver - Loaded the class: class liquibase.pro.packaged.kv$a$2 in classloader: jdk.internal.loader.ClassLoaders$AppClassLoader@64b8f8f4
21:47:38.841 [main] DEBUG l.s.DefaultPackageScanClassResolver - Loaded the class: class liquibase.pro.packaged.ga$4 in classloader: jdk.internal.loader.ClassLoaders$AppClassLoader@64b8f8f4
21:47:38.841 [main] DEBUG l.s.DefaultPackageScanClassResolver - Loaded the class: class liquibase.pro.packaged.gf in classloader: jdk.internal.loader.ClassLoaders$AppClassLoader@64b8f8f4
21:47:38.842 [main] DEBUG l.s.DefaultPackageScanClassResolver - Loaded the class: class liquibase.pro.packaged.hG in classloader: jdk.internal.loader.ClassLoaders$AppClassLoader@64b8f8f4
21:47:38.843 [main] DEBUG l.s.DefaultPackageScanClassResolver - Loaded the class: class liquibase.pro.packaged.lb$1$1 in classloader: jdk.internal.loader.ClassLoaders$AppClassLoader@64b8f8f4
21:47:38.843 [main] DEBUG l.s.DefaultPackageScanClassResolver - Loaded the class: class liquibase.pro.packaged.ew in classloader: jdk.internal.loader.ClassLoaders$AppClassLoader@64b8f8f4
21:47:38.843 [main] DEBUG l.s.DefaultPackageScanClassResolver - Loaded the class: interface liquibase.pro.packaged.fX in classloader: jdk.internal.loader.ClassLoaders$AppClassLoader@64b8f8f4
21:47:38.843 [main] DEBUG l.s.DefaultPackageScanClassResolver - Loaded the class: class liquibase.pro.packaged.X in classloader: jdk.internal.loader.ClassLoaders$AppClassLoader@64b8f8f4
21:47:38.844 [main] DEBUG l.s.DefaultPackageScanClassResolver - Loaded the class: class liquibase.pro.packaged.dz in classloader: jdk.internal.loader.ClassLoaders$AppClassLoader@64b8f8f4
21:47:38.845 [main] DEBUG l.s.DefaultPackageScanClassResolver - Loaded the class: class liquibase.pro.packaged.hc in classloader: jdk.internal.loader.ClassLoaders$AppClassLoader@64b8f8f4
21:47:38.845 [main] DEBUG l.s.DefaultPackageScanClassResolver - Loaded the class: class liquibase.pro.packaged.iD in classloader: jdk.internal.loader.ClassLoaders$AppClassLoader@64b8f8f4
21:47:38.846 [main] DEBUG l.s.DefaultPackageScanClassResolver - Loaded the class: interface liquibase.pro.packaged.ak in classloader: jdk.internal.loader.ClassLoaders$AppClassLoader@64b8f8f4
21:47:38.846 [main] DEBUG l.s.DefaultPackageScanClassResolver - Loaded the class: class liquibase.pro.packaged.bL in classloader: jdk.internal.loader.ClassLoaders$AppClassLoader@64b8f8f4
21:47:38.846 [main] DEBUG l.s.DefaultPackageScanClassResolver - Loaded the class: class liquibase.pro.packaged.gk in classloader: jdk.internal.loader.ClassLoaders$AppClassLoader@64b8f8f4
21:47:38.846 [main] DEBUG l.s.DefaultPackageScanClassResolver - Loaded the class: class liquibase.pro.packaged.hL in classloader: jdk.internal.loader.ClassLoaders$AppClassLoader@64b8f8f4
21:47:38.846 [main] DEBUG l.s.DefaultPackageScanClassResolver - Loaded the class: class liquibase.pro.packaged.hh in classloader: jdk.internal.loader.ClassLoaders$AppClassLoader@64b8f8f4
21:47:38.846 [main] DEBUG l.s.DefaultPackageScanClassResolver - Loaded the class: class liquibase.pro.packaged.iI in classloader: jdk.internal.loader.ClassLoaders$AppClassLoader@64b8f8f4
21:47:38.847 [main] DEBUG l.s.DefaultPackageScanClassResolver - Loaded the class: class liquibase.pro.packaged.lo in classloader: jdk.internal.loader.ClassLoaders$AppClassLoader@64b8f8f4
21:47:38.847 [main] DEBUG l.s.DefaultPackageScanClassResolver - Loaded the class: class liquibase.pro.packaged.kr in classloader: jdk.internal.loader.ClassLoaders$AppClassLoader@64b8f8f4
21:47:38.847 [main] DEBUG l.s.DefaultPackageScanClassResolver - Loaded the class: class liquibase.pro.packaged.lS in classloader: jdk.internal.loader.ClassLoaders$AppClassLoader@64b8f8f4
21:47:38.847 [main] DEBUG l.s.DefaultPackageScanClassResolver - Loaded the class: class liquibase.pro.packaged.jQ$2 in classloader: jdk.internal.loader.ClassLoaders$AppClassLoader@64b8f8f4
21:47:38.848 [main] DEBUG l.s.DefaultPackageScanClassResolver - Loaded the class: class liquibase.pro.packaged.ap in classloader: jdk.internal.loader.ClassLoaders$AppClassLoader@64b8f8f4
21:47:38.848 [main] DEBUG l.s.DefaultPackageScanClassResolver - Loaded the class: class liquibase.pro.packaged.bQ in classloader: jdk.internal.loader.ClassLoaders$AppClassLoader@64b8f8f4
21:47:38.848 [main] DEBUG l.s.DefaultPackageScanClassResolver - Loaded the class: class liquibase.pro.packaged.du in classloader: jdk.internal.loader.ClassLoaders$AppClassLoader@64b8f8f4
21:47:38.849 [main] DEBUG l.s.DefaultPackageScanClassResolver - Loaded the class: class liquibase.pro.packaged.eV in classloader: jdk.internal.loader.ClassLoaders$AppClassLoader@64b8f8f4
21:47:38.849 [main] DEBUG l.s.DefaultPackageScanClassResolver - Loaded the class: class liquibase.pro.packaged.S in classloader: jdk.internal.loader.ClassLoaders$AppClassLoader@64b8f8f4
21:47:38.849 [main] DEBUG l.s.DefaultPackageScanClassResolver - Loaded the class: interface liquibase.pro.packaged.t in classloader: jdk.internal.loader.ClassLoaders$AppClassLoader@64b8f8f4
21:47:38.849 [main] DEBUG l.s.DefaultPackageScanClassResolver - Loaded the class: class liquibase.pro.packaged.iv in classloader: jdk.internal.loader.ClassLoaders$AppClassLoader@64b8f8f4
21:47:38.850 [main] DEBUG l.s.DefaultPackageScanClassResolver - Loaded the class: class liquibase.pro.packaged.jW in classloader: jdk.internal.loader.ClassLoaders$AppClassLoader@64b8f8f4
21:47:38.851 [main] DEBUG l.s.DefaultPackageScanClassResolver - Loaded the class: class liquibase.pro.packaged.aO in classloader: jdk.internal.loader.ClassLoaders$AppClassLoader@64b8f8f4
21:47:38.851 [main] DEBUG l.s.DefaultPackageScanClassResolver - Loaded the class: class liquibase.pro.packaged.kj$1 in classloader: jdk.internal.loader.ClassLoaders$AppClassLoader@64b8f8f4
21:47:38.851 [main] DEBUG l.s.DefaultPackageScanClassResolver - Loaded the class: class liquibase.pro.packaged.lN in classloader: jdk.internal.loader.ClassLoaders$AppClassLoader@64b8f8f4
21:47:38.851 [main] DEBUG l.s.DefaultPackageScanClassResolver - Loaded the class: class liquibase.pro.packaged.km in classloader: jdk.internal.loader.ClassLoaders$AppClassLoader@64b8f8f4
21:47:38.851 [main] DEBUG l.s.DefaultPackageScanClassResolver - Loaded the class: class liquibase.pro.packaged.ib in classloader: jdk.internal.loader.ClassLoaders$AppClassLoader@64b8f8f4
21:47:38.851 [main] DEBUG l.s.DefaultPackageScanClassResolver - Loaded the class: class liquibase.pro.packaged.jC in classloader: jdk.internal.loader.ClassLoaders$AppClassLoader@64b8f8f4
21:47:38.852 [main] DEBUG l.s.DefaultPackageScanClassResolver - Loaded the class: class liquibase.pro.packaged.bj in classloader: jdk.internal.loader.ClassLoaders$AppClassLoader@64b8f8f4
21:47:38.852 [main] DEBUG l.s.DefaultPackageScanClassResolver - Loaded the class: class liquibase.pro.packaged.cK in classloader: jdk.internal.loader.ClassLoaders$AppClassLoader@64b8f8f4
21:47:38.852 [main] DEBUG l.s.DefaultPackageScanClassResolver - Loaded the class: class liquibase.pro.packaged.lj in classloader: jdk.internal.loader.ClassLoaders$AppClassLoader@64b8f8f4
21:47:38.852 [main] DEBUG l.s.DefaultPackageScanClassResolver - Loaded the class: class liquibase.pro.packaged.dE in classloader: jdk.internal.loader.ClassLoaders$AppClassLoader@64b8f8f4
21:47:38.853 [main] DEBUG l.s.DefaultPackageScanClassResolver - Loaded the class: class liquibase.pro.packaged.cd in classloader: jdk.internal.loader.ClassLoaders$AppClassLoader@64b8f8f4
21:47:38.853 [main] DEBUG l.s.DefaultPackageScanClassResolver - Loaded the class: interface liquibase.pro.packaged.o in classloader: jdk.internal.loader.ClassLoaders$AppClassLoader@64b8f8f4
21:47:38.853 [main] DEBUG l.s.DefaultPackageScanClassResolver - Loaded the class: class liquibase.pro.packaged.kT in classloader: jdk.internal.loader.ClassLoaders$AppClassLoader@64b8f8f4
21:47:38.853 [main] DEBUG l.s.DefaultPackageScanClassResolver - Loaded the class: class liquibase.pro.packaged.js in classloader: jdk.internal.loader.ClassLoaders$AppClassLoader@64b8f8f4
21:47:38.853 [main] DEBUG l.s.DefaultPackageScanClassResolver - Loaded the class: class liquibase.pro.packaged.aT in classloader: jdk.internal.loader.ClassLoaders$AppClassLoader@64b8f8f4
21:47:38.854 [main] DEBUG l.s.DefaultPackageScanClassResolver - Loaded the class: class liquibase.pro.packaged.iy in classloader: jdk.internal.loader.ClassLoaders$AppClassLoader@64b8f8f4
21:47:38.854 [main] DEBUG l.s.DefaultPackageScanClassResolver - Loaded the class: class liquibase.pro.packaged.jZ in classloader: jdk.internal.loader.ClassLoaders$AppClassLoader@64b8f8f4
21:47:38.855 [main] DEBUG l.s.DefaultPackageScanClassResolver - Loaded the class: class liquibase.pro.packaged.er in classloader: jdk.internal.loader.ClassLoaders$AppClassLoader@64b8f8f4
21:47:38.855 [main] DEBUG l.s.DefaultPackageScanClassResolver - Loaded the class: interface liquibase.pro.packaged.fS in classloader: jdk.internal.loader.ClassLoaders$AppClassLoader@64b8f8f4
21:47:38.855 [main] DEBUG l.s.DefaultPackageScanClassResolver - Loaded the class: class liquibase.pro.packaged.dC in classloader: jdk.internal.loader.ClassLoaders$AppClassLoader@64b8f8f4
21:47:38.855 [main] DEBUG l.s.DefaultPackageScanClassResolver - Loaded the class: class liquibase.pro.packaged.cb in classloader: jdk.internal.loader.ClassLoaders$AppClassLoader@64b8f8f4
21:47:38.855 [main] DEBUG l.s.DefaultPackageScanClassResolver - Loaded the class: class liquibase.pro.packaged.bW$1 in classloader: jdk.internal.loader.ClassLoaders$AppClassLoader@64b8f8f4
21:47:38.856 [main] DEBUG l.s.DefaultPackageScanClassResolver - Loaded the class: class liquibase.pro.packaged.ac in classloader: jdk.internal.loader.ClassLoaders$AppClassLoader@64b8f8f4
21:47:38.856 [main] DEBUG l.s.DefaultPackageScanClassResolver - Loaded the class: class liquibase.pro.packaged.bD in classloader: jdk.internal.loader.ClassLoaders$AppClassLoader@64b8f8f4
21:47:38.856 [main] DEBUG l.s.DefaultPackageScanClassResolver - Loaded the class: class liquibase.pro.packaged.et in classloader: jdk.internal.loader.ClassLoaders$AppClassLoader@64b8f8f4
21:47:38.856 [main] DEBUG l.s.DefaultPackageScanClassResolver - Loaded the class: class liquibase.pro.packaged.fU in classloader: jdk.internal.loader.ClassLoaders$AppClassLoader@64b8f8f4
21:47:38.857 [main] DEBUG l.s.DefaultPackageScanClassResolver - Loaded the class: class liquibase.pro.packaged.it in classloader: jdk.internal.loader.ClassLoaders$AppClassLoader@64b8f8f4
21:47:38.857 [main] DEBUG l.s.DefaultPackageScanClassResolver - Loaded the class: class liquibase.pro.packaged.jU in classloader: jdk.internal.loader.ClassLoaders$AppClassLoader@64b8f8f4
21:47:38.857 [main] DEBUG l.s.DefaultPackageScanClassResolver - Loaded the class: class liquibase.pro.packaged.bw in classloader: jdk.internal.loader.ClassLoaders$AppClassLoader@64b8f8f4
21:47:38.857 [main] DEBUG l.s.DefaultPackageScanClassResolver - Loaded the class: interface liquibase.pro.packaged.cX in classloader: jdk.internal.loader.ClassLoaders$AppClassLoader@64b8f8f4
21:47:38.857 [main] DEBUG l.s.DefaultPackageScanClassResolver - Loaded the class: class liquibase.pro.packaged.iA in classloader: jdk.internal.loader.ClassLoaders$AppClassLoader@64b8f8f4
21:47:38.858 [main] DEBUG l.s.DefaultPackageScanClassResolver - Loaded the class: class liquibase.pro.packaged.ll in classloader: jdk.internal.loader.ClassLoaders$AppClassLoader@64b8f8f4
21:47:38.858 [main] DEBUG l.s.DefaultPackageScanClassResolver - Loaded the class: class liquibase.pro.packaged.gn in classloader: jdk.internal.loader.ClassLoaders$AppClassLoader@64b8f8f4
21:47:38.858 [main] DEBUG l.s.DefaultPackageScanClassResolver - Loaded the class: class liquibase.pro.packaged.hO in classloader: jdk.internal.loader.ClassLoaders$AppClassLoader@64b8f8f4
21:47:38.859 [main] DEBUG l.s.DefaultPackageScanClassResolver - Loaded the class: class liquibase.pro.packaged.l in classloader: jdk.internal.loader.ClassLoaders$AppClassLoader@64b8f8f4
21:47:38.859 [main] DEBUG l.s.DefaultPackageScanClassResolver - Loaded the class: class liquibase.pro.packaged.kp$1 in classloader: jdk.internal.loader.ClassLoaders$AppClassLoader@64b8f8f4
21:47:38.859 [main] DEBUG l.s.DefaultPackageScanClassResolver - Loaded the class: class liquibase.pro.packaged.ku$2 in classloader: jdk.internal.loader.ClassLoaders$AppClassLoader@64b8f8f4
21:47:38.859 [main] DEBUG l.s.DefaultPackageScanClassResolver - Loaded the class: class liquibase.pro.packaged.aW in classloader: jdk.internal.loader.ClassLoaders$AppClassLoader@64b8f8f4
21:47:38.863 [main] DEBUG l.s.DefaultPackageScanClassResolver - Cannot find the class definition 'liquibase/pro/packaged/km$1.class' in classloader: jdk.internal.loader.ClassLoaders$AppClassLoader@64b8f8f4. Reason: java.lang.NoClassDefFoundError: javax/activation/DataSource
java.lang.NoClassDefFoundError: javax/activation/DataSource
	at java.base/java.lang.ClassLoader.defineClass1(Native Method)
	at java.base/java.lang.ClassLoader.defineClass(ClassLoader.java:1027)
	at java.base/java.security.SecureClassLoader.defineClass(SecureClassLoader.java:150)
	at java.base/jdk.internal.loader.BuiltinClassLoader.defineClass(BuiltinClassLoader.java:862)
	at java.base/jdk.internal.loader.BuiltinClassLoader.findClassOnClassPathOrNull(BuiltinClassLoader.java:760)
	at java.base/jdk.internal.loader.BuiltinClassLoader.loadClassOrNull(BuiltinClassLoader.java:681)
	at java.base/jdk.internal.loader.BuiltinClassLoader.loadClass(BuiltinClassLoader.java:639)
	at java.base/jdk.internal.loader.ClassLoaders$AppClassLoader.loadClass(ClassLoaders.java:188)
	at java.base/java.lang.ClassLoader.loadClass(ClassLoader.java:526)
	at liquibase.servicelocator.DefaultPackageScanClassResolver.loadClass(DefaultPackageScanClassResolver.java:379)
	at liquibase.servicelocator.DefaultPackageScanClassResolver.loadImplementationsInJar(DefaultPackageScanClassResolver.java:481)
	at liquibase.servicelocator.DefaultPackageScanClassResolver.findAllClasses(DefaultPackageScanClassResolver.java:238)
	at liquibase.servicelocator.DefaultPackageScanClassResolver.find(DefaultPackageScanClassResolver.java:121)
	at liquibase.servicelocator.DefaultPackageScanClassResolver.findImplementations(DefaultPackageScanClassResolver.java:89)
	at liquibase.servicelocator.ServiceLocator.findClassesImpl(ServiceLocator.java:228)
	at liquibase.servicelocator.ServiceLocator.findClasses(ServiceLocator.java:203)
	at liquibase.change.ChangeFactory.init(ChangeFactory.java:38)
	at liquibase.change.ChangeFactory.getInstance(ChangeFactory.java:52)
	at org.liquibase.doc.ChangeDocGenerator.main(ChangeDocGenerator.java:45)
Caused by: java.lang.ClassNotFoundException: javax.activation.DataSource
	at java.base/jdk.internal.loader.BuiltinClassLoader.loadClass(BuiltinClassLoader.java:641)
	at java.base/jdk.internal.loader.ClassLoaders$AppClassLoader.loadClass(ClassLoaders.java:188)
	at java.base/java.lang.ClassLoader.loadClass(ClassLoader.java:526)
	... 19 common frames omitted
21:47:38.864 [main] DEBUG l.s.DefaultPackageScanClassResolver - Loaded the class: class liquibase.pro.packaged.ah in classloader: jdk.internal.loader.ClassLoaders$AppClassLoader@64b8f8f4
21:47:38.864 [main] DEBUG l.s.DefaultPackageScanClassResolver - Loaded the class: class liquibase.pro.packaged.bI in classloader: jdk.internal.loader.ClassLoaders$AppClassLoader@64b8f8f4
21:47:38.864 [main] DEBUG l.s.DefaultPackageScanClassResolver - Loaded the class: class liquibase.pro.packaged.io in classloader: jdk.internal.loader.ClassLoaders$AppClassLoader@64b8f8f4
21:47:38.865 [main] DEBUG l.s.DefaultPackageScanClassResolver - Loaded the class: class liquibase.pro.packaged.jP in classloader: jdk.internal.loader.ClassLoaders$AppClassLoader@64b8f8f4
21:47:38.865 [main] DEBUG l.s.DefaultPackageScanClassResolver - Loaded the class: class liquibase.pro.packaged.br in classloader: jdk.internal.loader.ClassLoaders$AppClassLoader@64b8f8f4
21:47:38.865 [main] DEBUG l.s.DefaultPackageScanClassResolver - Loaded the class: class liquibase.pro.packaged.cS in classloader: jdk.internal.loader.ClassLoaders$AppClassLoader@64b8f8f4
21:47:38.865 [main] DEBUG l.s.DefaultPackageScanClassResolver - Loaded the class: class liquibase.pro.packaged.fQ$5 in classloader: jdk.internal.loader.ClassLoaders$AppClassLoader@64b8f8f4
21:47:38.865 [main] DEBUG l.s.DefaultPackageScanClassResolver - Loaded the class: class liquibase.pro.packaged.gz in classloader: jdk.internal.loader.ClassLoaders$AppClassLoader@64b8f8f4
21:47:38.866 [main] DEBUG l.s.DefaultPackageScanClassResolver - Loaded the class: class liquibase.pro.packaged.gs in classloader: jdk.internal.loader.ClassLoaders$AppClassLoader@64b8f8f4
21:47:38.866 [main] DEBUG l.s.DefaultPackageScanClassResolver - Loaded the class: class liquibase.pro.packaged.hT in classloader: jdk.internal.loader.ClassLoaders$AppClassLoader@64b8f8f4
21:47:38.866 [main] DEBUG l.s.DefaultPackageScanClassResolver - Loaded the class: class liquibase.pro.packaged.g in classloader: jdk.internal.loader.ClassLoaders$AppClassLoader@64b8f8f4
21:47:38.866 [main] DEBUG l.s.DefaultPackageScanClassResolver - Loaded the class: interface liquibase.pro.packaged.j in classloader: jdk.internal.loader.ClassLoaders$AppClassLoader@64b8f8f4
21:47:38.866 [main] DEBUG l.s.DefaultPackageScanClassResolver - Loaded the class: class liquibase.pro.packaged.bm in classloader: jdk.internal.loader.ClassLoaders$AppClassLoader@64b8f8f4
21:47:38.867 [main] DEBUG l.s.DefaultPackageScanClassResolver - Loaded the class: class liquibase.pro.packaged.cN in classloader: jdk.internal.loader.ClassLoaders$AppClassLoader@64b8f8f4
21:47:38.867 [main] DEBUG l.s.DefaultPackageScanClassResolver - Loaded the class: class liquibase.pro.packaged.ie in classloader: jdk.internal.loader.ClassLoaders$AppClassLoader@64b8f8f4
21:47:38.867 [main] DEBUG l.s.DefaultPackageScanClassResolver - Loaded the class: class liquibase.pro.packaged.jF in classloader: jdk.internal.loader.ClassLoaders$AppClassLoader@64b8f8f4
21:47:38.868 [main] DEBUG l.s.DefaultPackageScanClassResolver - Loaded the class: class liquibase.pro.packaged.cE$1 in classloader: jdk.internal.loader.ClassLoaders$AppClassLoader@64b8f8f4
21:47:38.868 [main] DEBUG l.s.DefaultPackageScanClassResolver - Loaded the class: class liquibase.pro.packaged.ds in classloader: jdk.internal.loader.ClassLoaders$AppClassLoader@64b8f8f4
21:47:38.868 [main] DEBUG l.s.DefaultPackageScanClassResolver - Loaded the class: class liquibase.pro.packaged.eT in classloader: jdk.internal.loader.ClassLoaders$AppClassLoader@64b8f8f4
21:47:38.869 [main] DEBUG l.s.DefaultPackageScanClassResolver - Loaded the class: class liquibase.pro.packaged.ey in classloader: jdk.internal.loader.ClassLoaders$AppClassLoader@64b8f8f4
21:47:38.869 [main] DEBUG l.s.DefaultPackageScanClassResolver - Loaded the class: interface liquibase.pro.packaged.fZ in classloader: jdk.internal.loader.ClassLoaders$AppClassLoader@64b8f8f4
21:47:38.869 [main] DEBUG l.s.DefaultPackageScanClassResolver - Loaded the class: class liquibase.pro.packaged.fQ$3 in classloader: jdk.internal.loader.ClassLoaders$AppClassLoader@64b8f8f4
21:47:38.869 [main] DEBUG l.s.DefaultPackageScanClassResolver - Loaded the class: class liquibase.pro.packaged.lq in classloader: jdk.internal.loader.ClassLoaders$AppClassLoader@64b8f8f4
21:47:38.870 [main] DEBUG l.s.DefaultPackageScanClassResolver - Loaded the class: class liquibase.pro.packaged.af in classloader: jdk.internal.loader.ClassLoaders$AppClassLoader@64b8f8f4
21:47:38.870 [main] DEBUG l.s.DefaultPackageScanClassResolver - Loaded the class: class liquibase.pro.packaged.bG in classloader: jdk.internal.loader.ClassLoaders$AppClassLoader@64b8f8f4
21:47:38.870 [main] DEBUG l.s.DefaultPackageScanClassResolver - Loaded the class: class liquibase.pro.packaged.gp in classloader: jdk.internal.loader.ClassLoaders$AppClassLoader@64b8f8f4
21:47:38.870 [main] DEBUG l.s.DefaultPackageScanClassResolver - Loaded the class: class liquibase.pro.packaged.hQ in classloader: jdk.internal.loader.ClassLoaders$AppClassLoader@64b8f8f4
21:47:38.870 [main] DEBUG l.s.DefaultPackageScanClassResolver - Loaded the class: class liquibase.pro.packaged.aY in classloader: jdk.internal.loader.ClassLoaders$AppClassLoader@64b8f8f4
21:47:38.870 [main] DEBUG l.s.DefaultPackageScanClassResolver - Loaded the class: class liquibase.pro.packaged.lb$2 in classloader: jdk.internal.loader.ClassLoaders$AppClassLoader@64b8f8f4
21:47:38.871 [main] DEBUG l.s.DefaultPackageScanClassResolver - Loaded the class: class liquibase.pro.packaged.bt in classloader: jdk.internal.loader.ClassLoaders$AppClassLoader@64b8f8f4
21:47:38.871 [main] DEBUG l.s.DefaultPackageScanClassResolver - Loaded the class: class liquibase.pro.packaged.cU in classloader: jdk.internal.loader.ClassLoaders$AppClassLoader@64b8f8f4
21:47:38.871 [main] DEBUG l.s.DefaultPackageScanClassResolver - Loaded the class: class liquibase.pro.packaged.lt in classloader: jdk.internal.loader.ClassLoaders$AppClassLoader@64b8f8f4
21:47:38.872 [main] DEBUG l.s.DefaultPackageScanClassResolver - Loaded the class: class liquibase.pro.packaged.di in classloader: jdk.internal.loader.ClassLoaders$AppClassLoader@64b8f8f4
21:47:38.872 [main] DEBUG l.s.DefaultPackageScanClassResolver - Loaded the class: class liquibase.pro.packaged.eJ in classloader: jdk.internal.loader.ClassLoaders$AppClassLoader@64b8f8f4
21:47:38.872 [main] DEBUG l.s.DefaultPackageScanClassResolver - Loaded the class: class liquibase.pro.packaged.iq in classloader: jdk.internal.loader.ClassLoaders$AppClassLoader@64b8f8f4
21:47:38.872 [main] DEBUG l.s.DefaultPackageScanClassResolver - Loaded the class: class liquibase.pro.packaged.jR in classloader: jdk.internal.loader.ClassLoaders$AppClassLoader@64b8f8f4
21:47:38.873 [main] DEBUG l.s.DefaultPackageScanClassResolver - Loaded the class: class liquibase.pro.packaged.kt$7 in classloader: jdk.internal.loader.ClassLoaders$AppClassLoader@64b8f8f4
21:47:38.873 [main] DEBUG l.s.DefaultPackageScanClassResolver - Loaded the class: interface liquibase.pro.packaged.lB in classloader: jdk.internal.loader.ClassLoaders$AppClassLoader@64b8f8f4
21:47:38.873 [main] DEBUG l.s.DefaultPackageScanClassResolver - Loaded the class: class liquibase.pro.packaged.ka in classloader: jdk.internal.loader.ClassLoaders$AppClassLoader@64b8f8f4
21:47:38.874 [main] DEBUG l.s.DefaultPackageScanClassResolver - Loaded the class: class liquibase.pro.packaged.by in classloader: jdk.internal.loader.ClassLoaders$AppClassLoader@64b8f8f4
21:47:38.874 [main] DEBUG l.s.DefaultPackageScanClassResolver - Loaded the class: class liquibase.pro.packaged.cZ in classloader: jdk.internal.loader.ClassLoaders$AppClassLoader@64b8f8f4
21:47:38.874 [main] DEBUG l.s.DefaultPackageScanClassResolver - Loaded the class: class liquibase.pro.packaged.dh in classloader: jdk.internal.loader.ClassLoaders$AppClassLoader@64b8f8f4
21:47:38.875 [main] DEBUG l.s.DefaultPackageScanClassResolver - Loaded the class: class liquibase.pro.packaged.eI in classloader: jdk.internal.loader.ClassLoaders$AppClassLoader@64b8f8f4
21:47:38.875 [main] DEBUG l.s.DefaultPackageScanClassResolver - Loaded the class: class liquibase.pro.packaged.dn in classloader: jdk.internal.loader.ClassLoaders$AppClassLoader@64b8f8f4
21:47:38.875 [main] DEBUG l.s.DefaultPackageScanClassResolver - Loaded the class: class liquibase.pro.packaged.eO in classloader: jdk.internal.loader.ClassLoaders$AppClassLoader@64b8f8f4
21:47:38.875 [main] DEBUG l.s.DefaultPackageScanClassResolver - Loaded the class: interface liquibase.pro.packaged.lA in classloader: jdk.internal.loader.ClassLoaders$AppClassLoader@64b8f8f4
21:47:38.875 [main] DEBUG l.s.DefaultPackageScanClassResolver - Loaded the class: class liquibase.pro.packaged.fd in classloader: jdk.internal.loader.ClassLoaders$AppClassLoader@64b8f8f4
21:47:38.876 [main] DEBUG l.s.DefaultPackageScanClassResolver - Loaded the class: class liquibase.pro.packaged.gE in classloader: jdk.internal.loader.ClassLoaders$AppClassLoader@64b8f8f4
21:47:38.876 [main] DEBUG l.s.DefaultPackageScanClassResolver - Loaded the class: interface liquibase.pro.packaged.lG in classloader: jdk.internal.loader.ClassLoaders$AppClassLoader@64b8f8f4
21:47:38.876 [main] DEBUG l.s.DefaultPackageScanClassResolver - Loaded the class: class liquibase.pro.packaged.kf in classloader: jdk.internal.loader.ClassLoaders$AppClassLoader@64b8f8f4
21:47:38.876 [main] DEBUG l.s.DefaultPackageScanClassResolver - Loaded the class: class liquibase.pro.packaged.dm in classloader: jdk.internal.loader.ClassLoaders$AppClassLoader@64b8f8f4
21:47:38.876 [main] DEBUG l.s.DefaultPackageScanClassResolver - Loaded the class: class liquibase.pro.packaged.eN in classloader: jdk.internal.loader.ClassLoaders$AppClassLoader@64b8f8f4
21:47:38.877 [main] DEBUG l.s.DefaultPackageScanClassResolver - Loaded the class: class liquibase.pro.packaged.fb in classloader: jdk.internal.loader.ClassLoaders$AppClassLoader@64b8f8f4
21:47:38.877 [main] DEBUG l.s.DefaultPackageScanClassResolver - Loaded the class: class liquibase.pro.packaged.gC in classloader: jdk.internal.loader.ClassLoaders$AppClassLoader@64b8f8f4
21:47:38.877 [main] DEBUG l.s.DefaultPackageScanClassResolver - Loaded the class: class liquibase.pro.packaged.ij in classloader: jdk.internal.loader.ClassLoaders$AppClassLoader@64b8f8f4
21:47:38.877 [main] DEBUG l.s.DefaultPackageScanClassResolver - Loaded the class: interface liquibase.pro.packaged.jK in classloader: jdk.internal.loader.ClassLoaders$AppClassLoader@64b8f8f4
21:47:38.877 [main] DEBUG l.s.DefaultPackageScanClassResolver - Loaded the class: class liquibase.pro.packaged.lF in classloader: jdk.internal.loader.ClassLoaders$AppClassLoader@64b8f8f4
21:47:38.878 [main] DEBUG l.s.DefaultPackageScanClassResolver - Loaded the class: class liquibase.pro.packaged.ke in classloader: jdk.internal.loader.ClassLoaders$AppClassLoader@64b8f8f4
21:47:38.878 [main] DEBUG l.s.DefaultPackageScanClassResolver - Loaded the class: class liquibase.pro.packaged.gx in classloader: jdk.internal.loader.ClassLoaders$AppClassLoader@64b8f8f4
21:47:38.878 [main] DEBUG l.s.DefaultPackageScanClassResolver - Loaded the class: class liquibase.pro.packaged.hY in classloader: jdk.internal.loader.ClassLoaders$AppClassLoader@64b8f8f4
21:47:38.878 [main] DEBUG l.s.DefaultPackageScanClassResolver - Loaded the class: interface liquibase.pro.packaged.lv in classloader: jdk.internal.loader.ClassLoaders$AppClassLoader@64b8f8f4
21:47:38.878 [main] DEBUG l.s.DefaultPackageScanClassResolver - Loaded the class: class liquibase.pro.packaged.gu in classloader: jdk.internal.loader.ClassLoaders$AppClassLoader@64b8f8f4
21:47:38.879 [main] DEBUG l.s.DefaultPackageScanClassResolver - Loaded the class: class liquibase.pro.packaged.hV in classloader: jdk.internal.loader.ClassLoaders$AppClassLoader@64b8f8f4
21:47:38.879 [main] DEBUG l.s.DefaultPackageScanClassResolver - Loaded the class: interface liquibase.pro.packaged.b in classloader: jdk.internal.loader.ClassLoaders$AppClassLoader@64b8f8f4
21:47:38.879 [main] DEBUG l.s.DefaultPackageScanClassResolver - Loaded the class: class liquibase.pro.packaged.aa in classloader: jdk.internal.loader.ClassLoaders$AppClassLoader@64b8f8f4
21:47:38.879 [main] DEBUG l.s.DefaultPackageScanClassResolver - Loaded the class: class liquibase.pro.packaged.bB in classloader: jdk.internal.loader.ClassLoaders$AppClassLoader@64b8f8f4
21:47:38.879 [main] DEBUG l.s.DefaultPackageScanClassResolver - Loaded the class: interface liquibase.pro.packaged.ly in classloader: jdk.internal.loader.ClassLoaders$AppClassLoader@64b8f8f4
21:47:38.879 [main] DEBUG l.s.DefaultPackageScanClassResolver - Loaded the class: interface liquibase.pro.packaged.e in classloader: jdk.internal.loader.ClassLoaders$AppClassLoader@64b8f8f4
21:47:38.879 [main] DEBUG l.s.DefaultPackageScanClassResolver - Loaded the class: interface liquibase.pro.packaged.lD in classloader: jdk.internal.loader.ClassLoaders$AppClassLoader@64b8f8f4
21:47:38.879 [main] DEBUG l.s.DefaultPackageScanClassResolver - Loaded the class: class liquibase.pro.packaged.kc in classloader: jdk.internal.loader.ClassLoaders$AppClassLoader@64b8f8f4
21:47:38.880 [main] DEBUG l.s.DefaultPackageScanClassResolver - Loaded the class: class liquibase.pro.packaged.il in classloader: jdk.internal.loader.ClassLoaders$AppClassLoader@64b8f8f4
21:47:38.880 [main] DEBUG l.s.DefaultPackageScanClassResolver - Loaded the class: class liquibase.pro.packaged.jM in classloader: jdk.internal.loader.ClassLoaders$AppClassLoader@64b8f8f4
21:47:38.880 [main] DEBUG l.s.DefaultPackageScanClassResolver - Loaded the class: class liquibase.pro.packaged.dk in classloader: jdk.internal.loader.ClassLoaders$AppClassLoader@64b8f8f4
21:47:38.881 [main] DEBUG l.s.DefaultPackageScanClassResolver - Loaded the class: class liquibase.pro.packaged.eL in classloader: jdk.internal.loader.ClassLoaders$AppClassLoader@64b8f8f4
21:47:38.881 [main] DEBUG l.s.DefaultPackageScanClassResolver - Loaded the class: interface liquibase.pro.packaged.ct in classloader: jdk.internal.loader.ClassLoaders$AppClassLoader@64b8f8f4
21:47:38.881 [main] DEBUG l.s.DefaultPackageScanClassResolver - Loaded the class: class liquibase.pro.packaged.dU in classloader: jdk.internal.loader.ClassLoaders$AppClassLoader@64b8f8f4
21:47:38.881 [main] DEBUG l.s.DefaultPackageScanClassResolver - Loaded the class: interface liquibase.pro.packaged.kM in classloader: jdk.internal.loader.ClassLoaders$AppClassLoader@64b8f8f4
21:47:38.882 [main] DEBUG l.s.DefaultPackageScanClassResolver - Loaded the class: class liquibase.pro.packaged.ga$2 in classloader: jdk.internal.loader.ClassLoaders$AppClassLoader@64b8f8f4
21:47:38.882 [main] DEBUG l.s.DefaultPackageScanClassResolver - Loaded the class: class liquibase.pro.packaged.jl in classloader: jdk.internal.loader.ClassLoaders$AppClassLoader@64b8f8f4
21:47:38.882 [main] DEBUG l.s.DefaultPackageScanClassResolver - Loaded the class: class liquibase.pro.packaged.aG in classloader: jdk.internal.loader.ClassLoaders$AppClassLoader@64b8f8f4
21:47:38.883 [main] DEBUG l.s.DefaultPackageScanClassResolver - Loaded the class: class liquibase.pro.packaged.in in classloader: jdk.internal.loader.ClassLoaders$AppClassLoader@64b8f8f4
21:47:38.883 [main] DEBUG l.s.DefaultPackageScanClassResolver - Loaded the class: class liquibase.pro.packaged.jO in classloader: jdk.internal.loader.ClassLoaders$AppClassLoader@64b8f8f4
21:47:38.884 [main] DEBUG l.s.DefaultPackageScanClassResolver - Loaded the class: class liquibase.pro.packaged.cy in classloader: jdk.internal.loader.ClassLoaders$AppClassLoader@64b8f8f4
21:47:38.884 [main] DEBUG l.s.DefaultPackageScanClassResolver - Loaded the class: class liquibase.pro.packaged.dZ in classloader: jdk.internal.loader.ClassLoaders$AppClassLoader@64b8f8f4
21:47:38.884 [main] DEBUG l.s.DefaultPackageScanClassResolver - Loaded the class: class liquibase.pro.packaged.fe in classloader: jdk.internal.loader.ClassLoaders$AppClassLoader@64b8f8f4
21:47:38.884 [main] DEBUG l.s.DefaultPackageScanClassResolver - Loaded the class: class liquibase.pro.packaged.gF in classloader: jdk.internal.loader.ClassLoaders$AppClassLoader@64b8f8f4
21:47:38.884 [main] DEBUG l.s.DefaultPackageScanClassResolver - Loaded the class: interface liquibase.pro.packaged.kR in classloader: jdk.internal.loader.ClassLoaders$AppClassLoader@64b8f8f4
21:47:38.885 [main] DEBUG l.s.DefaultPackageScanClassResolver - Loaded the class: class liquibase.pro.packaged.jq in classloader: jdk.internal.loader.ClassLoaders$AppClassLoader@64b8f8f4
21:47:38.885 [main] DEBUG l.s.DefaultPackageScanClassResolver - Loaded the class: class liquibase.pro.packaged.ga$7 in classloader: jdk.internal.loader.ClassLoaders$AppClassLoader@64b8f8f4
21:47:38.885 [main] DEBUG l.s.DefaultPackageScanClassResolver - Loaded the class: class liquibase.pro.packaged.fx in classloader: jdk.internal.loader.ClassLoaders$AppClassLoader@64b8f8f4
21:47:38.886 [main] DEBUG l.s.DefaultPackageScanClassResolver - Loaded the class: class liquibase.pro.packaged.gY in classloader: jdk.internal.loader.ClassLoaders$AppClassLoader@64b8f8f4
21:47:38.886 [main] DEBUG l.s.DefaultPackageScanClassResolver - Loaded the class: class liquibase.pro.packaged.aB in classloader: jdk.internal.loader.ClassLoaders$AppClassLoader@64b8f8f4
21:47:38.886 [main] DEBUG l.s.DefaultPackageScanClassResolver - Loaded the class: class liquibase.pro.packaged.gm in classloader: jdk.internal.loader.ClassLoaders$AppClassLoader@64b8f8f4
21:47:38.886 [main] DEBUG l.s.DefaultPackageScanClassResolver - Loaded the class: class liquibase.pro.packaged.hN in classloader: jdk.internal.loader.ClassLoaders$AppClassLoader@64b8f8f4
21:47:38.886 [main] DEBUG l.s.DefaultPackageScanClassResolver - Loaded the class: class liquibase.pro.packaged.kC in classloader: jdk.internal.loader.ClassLoaders$AppClassLoader@64b8f8f4
21:47:38.886 [main] DEBUG l.s.DefaultPackageScanClassResolver - Loaded the class: class liquibase.pro.packaged.jb in classloader: jdk.internal.loader.ClassLoaders$AppClassLoader@64b8f8f4
21:47:38.887 [main] DEBUG l.s.DefaultPackageScanClassResolver - Loaded the class: class liquibase.pro.packaged.m in classloader: jdk.internal.loader.ClassLoaders$AppClassLoader@64b8f8f4
21:47:38.887 [main] DEBUG l.s.DefaultPackageScanClassResolver - Loaded the class: class liquibase.pro.packaged.dK in classloader: jdk.internal.loader.ClassLoaders$AppClassLoader@64b8f8f4
21:47:38.887 [main] DEBUG l.s.DefaultPackageScanClassResolver - Loaded the class: class liquibase.pro.packaged.cj in classloader: jdk.internal.loader.ClassLoaders$AppClassLoader@64b8f8f4
21:47:38.887 [main] DEBUG l.s.DefaultPackageScanClassResolver - Loaded the class: class liquibase.pro.packaged.fj in classloader: jdk.internal.loader.ClassLoaders$AppClassLoader@64b8f8f4
21:47:38.888 [main] DEBUG l.s.DefaultPackageScanClassResolver - Loaded the class: class liquibase.pro.packaged.gK in classloader: jdk.internal.loader.ClassLoaders$AppClassLoader@64b8f8f4
21:47:38.888 [main] DEBUG l.s.DefaultPackageScanClassResolver - Loaded the class: class liquibase.pro.packaged.fs in classloader: jdk.internal.loader.ClassLoaders$AppClassLoader@64b8f8f4
21:47:38.888 [main] DEBUG l.s.DefaultPackageScanClassResolver - Loaded the class: class liquibase.pro.packaged.gT in classloader: jdk.internal.loader.ClassLoaders$AppClassLoader@64b8f8f4
21:47:38.888 [main] DEBUG l.s.DefaultPackageScanClassResolver - Loaded the class: class liquibase.pro.packaged.aZ in classloader: jdk.internal.loader.ClassLoaders$AppClassLoader@64b8f8f4
21:47:38.889 [main] DEBUG l.s.DefaultPackageScanClassResolver - Loaded the class: interface liquibase.pro.packaged.w in classloader: jdk.internal.loader.ClassLoaders$AppClassLoader@64b8f8f4
21:47:38.889 [main] DEBUG l.s.DefaultPackageScanClassResolver - Loaded the class: class liquibase.pro.packaged.kt$6 in classloader: jdk.internal.loader.ClassLoaders$AppClassLoader@64b8f8f4
21:47:38.889 [main] DEBUG l.s.DefaultPackageScanClassResolver - Loaded the class: class liquibase.pro.packaged.gc in classloader: jdk.internal.loader.ClassLoaders$AppClassLoader@64b8f8f4
21:47:38.890 [main] DEBUG l.s.DefaultPackageScanClassResolver - Loaded the class: class liquibase.pro.packaged.hD in classloader: jdk.internal.loader.ClassLoaders$AppClassLoader@64b8f8f4
21:47:38.890 [main] DEBUG l.s.DefaultPackageScanClassResolver - Loaded the class: class liquibase.pro.packaged.dd in classloader: jdk.internal.loader.ClassLoaders$AppClassLoader@64b8f8f4
21:47:38.890 [main] DEBUG l.s.DefaultPackageScanClassResolver - Loaded the class: class liquibase.pro.packaged.eE in classloader: jdk.internal.loader.ClassLoaders$AppClassLoader@64b8f8f4
21:47:38.890 [main] DEBUG l.s.DefaultPackageScanClassResolver - Loaded the class: class liquibase.pro.packaged.aL in classloader: jdk.internal.loader.ClassLoaders$AppClassLoader@64b8f8f4
21:47:38.891 [main] DEBUG l.s.DefaultPackageScanClassResolver - Loaded the class: class liquibase.pro.packaged.is in classloader: jdk.internal.loader.ClassLoaders$AppClassLoader@64b8f8f4
21:47:38.891 [main] DEBUG l.s.DefaultPackageScanClassResolver - Loaded the class: class liquibase.pro.packaged.jT in classloader: jdk.internal.loader.ClassLoaders$AppClassLoader@64b8f8f4
21:47:38.892 [main] DEBUG l.s.DefaultPackageScanClassResolver - Loaded the class: class liquibase.pro.packaged.ft in classloader: jdk.internal.loader.ClassLoaders$AppClassLoader@64b8f8f4
21:47:38.893 [main] DEBUG l.s.DefaultPackageScanClassResolver - Loaded the class: class liquibase.pro.packaged.gU in classloader: jdk.internal.loader.ClassLoaders$AppClassLoader@64b8f8f4
21:47:38.893 [main] DEBUG l.s.DefaultPackageScanClassResolver - Loaded the class: class liquibase.pro.packaged.dc in classloader: jdk.internal.loader.ClassLoaders$AppClassLoader@64b8f8f4
21:47:38.894 [main] DEBUG l.s.DefaultPackageScanClassResolver - Loaded the class: class liquibase.pro.packaged.eD in classloader: jdk.internal.loader.ClassLoaders$AppClassLoader@64b8f8f4
21:47:38.894 [main] DEBUG l.s.DefaultPackageScanClassResolver - Loaded the class: class liquibase.pro.packaged.jz in classloader: jdk.internal.loader.ClassLoaders$AppClassLoader@64b8f8f4
21:47:38.895 [main] DEBUG l.s.DefaultPackageScanClassResolver - Loaded the class: class liquibase.pro.packaged.dA in classloader: jdk.internal.loader.ClassLoaders$AppClassLoader@64b8f8f4
21:47:38.895 [main] DEBUG l.s.DefaultPackageScanClassResolver - Loaded the class: class liquibase.pro.packaged.aU in classloader: jdk.internal.loader.ClassLoaders$AppClassLoader@64b8f8f4
21:47:38.895 [main] DEBUG l.s.DefaultPackageScanClassResolver - Loaded the class: class liquibase.pro.packaged.iw in classloader: jdk.internal.loader.ClassLoaders$AppClassLoader@64b8f8f4
21:47:38.896 [main] DEBUG l.s.DefaultPackageScanClassResolver - Loaded the class: class liquibase.pro.packaged.jX in classloader: jdk.internal.loader.ClassLoaders$AppClassLoader@64b8f8f4
21:47:38.896 [main] DEBUG l.s.DefaultPackageScanClassResolver - Loaded the class: class liquibase.pro.packaged.kt$1 in classloader: jdk.internal.loader.ClassLoaders$AppClassLoader@64b8f8f4
21:47:38.896 [main] DEBUG l.s.DefaultPackageScanClassResolver - Loaded the class: class liquibase.pro.packaged.fi in classloader: jdk.internal.loader.ClassLoaders$AppClassLoader@64b8f8f4
21:47:38.896 [main] DEBUG l.s.DefaultPackageScanClassResolver - Loaded the class: class liquibase.pro.packaged.gJ in classloader: jdk.internal.loader.ClassLoaders$AppClassLoader@64b8f8f4
21:47:38.897 [main] DEBUG l.s.DefaultPackageScanClassResolver - Loaded the class: class liquibase.pro.packaged.aP in classloader: jdk.internal.loader.ClassLoaders$AppClassLoader@64b8f8f4
21:47:38.898 [main] DEBUG l.s.DefaultPackageScanClassResolver - Loaded the class: class liquibase.pro.packaged.dF in classloader: jdk.internal.loader.ClassLoaders$AppClassLoader@64b8f8f4
21:47:38.898 [main] DEBUG l.s.DefaultPackageScanClassResolver - Loaded the class: class liquibase.pro.packaged.ce in classloader: jdk.internal.loader.ClassLoaders$AppClassLoader@64b8f8f4
21:47:38.898 [main] DEBUG l.s.DefaultPackageScanClassResolver - Loaded the class: interface liquibase.pro.packaged.s in classloader: jdk.internal.loader.ClassLoaders$AppClassLoader@64b8f8f4
21:47:38.899 [main] DEBUG l.s.DefaultPackageScanClassResolver - Loaded the class: class liquibase.pro.packaged.lc$1$1 in classloader: jdk.internal.loader.ClassLoaders$AppClassLoader@64b8f8f4
21:47:38.899 [main] DEBUG l.s.DefaultPackageScanClassResolver - Loaded the class: class liquibase.pro.packaged.aV in classloader: jdk.internal.loader.ClassLoaders$AppClassLoader@64b8f8f4
21:47:38.899 [main] DEBUG l.s.DefaultPackageScanClassResolver - Loaded the class: class liquibase.pro.packaged.gl in classloader: jdk.internal.loader.ClassLoaders$AppClassLoader@64b8f8f4
21:47:38.899 [main] DEBUG l.s.DefaultPackageScanClassResolver - Loaded the class: class liquibase.pro.packaged.hM in classloader: jdk.internal.loader.ClassLoaders$AppClassLoader@64b8f8f4
21:47:38.899 [main] DEBUG l.s.DefaultPackageScanClassResolver - Loaded the class: interface liquibase.pro.packaged.n in classloader: jdk.internal.loader.ClassLoaders$AppClassLoader@64b8f8f4
21:47:38.899 [main] DEBUG l.s.DefaultPackageScanClassResolver - Loaded the class: class liquibase.pro.packaged.kt$2 in classloader: jdk.internal.loader.ClassLoaders$AppClassLoader@64b8f8f4
21:47:38.899 [main] DEBUG l.s.DefaultPackageScanClassResolver - Loaded the class: class liquibase.pro.packaged.dG in classloader: jdk.internal.loader.ClassLoaders$AppClassLoader@64b8f8f4
21:47:38.900 [main] DEBUG l.s.DefaultPackageScanClassResolver - Loaded the class: class liquibase.pro.packaged.cf in classloader: jdk.internal.loader.ClassLoaders$AppClassLoader@64b8f8f4
21:47:38.900 [main] DEBUG l.s.DefaultPackageScanClassResolver - Loaded the class: class liquibase.pro.packaged.ix in classloader: jdk.internal.loader.ClassLoaders$AppClassLoader@64b8f8f4
21:47:38.900 [main] DEBUG l.s.DefaultPackageScanClassResolver - Loaded the class: class liquibase.pro.packaged.jY in classloader: jdk.internal.loader.ClassLoaders$AppClassLoader@64b8f8f4
21:47:38.901 [main] DEBUG l.s.DefaultPackageScanClassResolver - Loaded the class: class liquibase.pro.packaged.aQ in classloader: jdk.internal.loader.ClassLoaders$AppClassLoader@64b8f8f4
21:47:38.901 [main] DEBUG l.s.DefaultPackageScanClassResolver - Loaded the class: class liquibase.pro.packaged.gg in classloader: jdk.internal.loader.ClassLoaders$AppClassLoader@64b8f8f4
21:47:38.902 [main] DEBUG l.s.DefaultPackageScanClassResolver - Loaded the class: class liquibase.pro.packaged.hH in classloader: jdk.internal.loader.ClassLoaders$AppClassLoader@64b8f8f4
21:47:38.902 [main] DEBUG l.s.DefaultPackageScanClassResolver - Loaded the class: interface liquibase.pro.packaged.kW in classloader: jdk.internal.loader.ClassLoaders$AppClassLoader@64b8f8f4
21:47:38.902 [main] DEBUG l.s.DefaultPackageScanClassResolver - Loaded the class: class liquibase.pro.packaged.jv in classloader: jdk.internal.loader.ClassLoaders$AppClassLoader@64b8f8f4
21:47:38.902 [main] DEBUG l.s.DefaultPackageScanClassResolver - Loaded the class: interface liquibase.pro.packaged.r in classloader: jdk.internal.loader.ClassLoaders$AppClassLoader@64b8f8f4
21:47:38.903 [main] DEBUG l.s.DefaultPackageScanClassResolver - Loaded the class: class liquibase.pro.packaged.dB in classloader: jdk.internal.loader.ClassLoaders$AppClassLoader@64b8f8f4
21:47:38.903 [main] DEBUG l.s.DefaultPackageScanClassResolver - Loaded the class: class liquibase.pro.packaged.ca in classloader: jdk.internal.loader.ClassLoaders$AppClassLoader@64b8f8f4
21:47:38.903 [main] DEBUG l.s.DefaultPackageScanClassResolver - Loaded the class: class liquibase.pro.packaged.gh in classloader: jdk.internal.loader.ClassLoaders$AppClassLoader@64b8f8f4
21:47:38.904 [main] DEBUG l.s.DefaultPackageScanClassResolver - Loaded the class: class liquibase.pro.packaged.hI in classloader: jdk.internal.loader.ClassLoaders$AppClassLoader@64b8f8f4
21:47:38.904 [main] DEBUG l.s.DefaultPackageScanClassResolver - Loaded the class: interface liquibase.pro.packaged.kV in classloader: jdk.internal.loader.ClassLoaders$AppClassLoader@64b8f8f4
21:47:38.905 [main] DEBUG l.s.DefaultPackageScanClassResolver - Loaded the class: class liquibase.pro.packaged.ju in classloader: jdk.internal.loader.ClassLoaders$AppClassLoader@64b8f8f4
21:47:38.905 [main] DEBUG l.s.DefaultPackageScanClassResolver - Loaded the class: class liquibase.pro.packaged.fo in classloader: jdk.internal.loader.ClassLoaders$AppClassLoader@64b8f8f4
21:47:38.906 [main] DEBUG l.s.DefaultPackageScanClassResolver - Loaded the class: class liquibase.pro.packaged.gP in classloader: jdk.internal.loader.ClassLoaders$AppClassLoader@64b8f8f4
21:47:38.906 [main] DEBUG l.s.DefaultPackageScanClassResolver - Loaded the class: interface liquibase.pro.packaged.gi in classloader: jdk.internal.loader.ClassLoaders$AppClassLoader@64b8f8f4
21:47:38.906 [main] DEBUG l.s.DefaultPackageScanClassResolver - Loaded the class: class liquibase.pro.packaged.hJ in classloader: jdk.internal.loader.ClassLoaders$AppClassLoader@64b8f8f4
21:47:38.906 [main] DEBUG l.s.DefaultPackageScanClassResolver - Loaded the class: class liquibase.pro.packaged.fn in classloader: jdk.internal.loader.ClassLoaders$AppClassLoader@64b8f8f4
21:47:38.907 [main] DEBUG l.s.DefaultPackageScanClassResolver - Loaded the class: class liquibase.pro.packaged.gO in classloader: jdk.internal.loader.ClassLoaders$AppClassLoader@64b8f8f4
21:47:38.907 [main] DEBUG l.s.DefaultPackageScanClassResolver - Loaded the class: interface liquibase.pro.packaged.q in classloader: jdk.internal.loader.ClassLoaders$AppClassLoader@64b8f8f4
21:47:38.908 [main] DEBUG l.s.DefaultPackageScanClassResolver - Loaded the class: class liquibase.pro.packaged.aR in classloader: jdk.internal.loader.ClassLoaders$AppClassLoader@64b8f8f4
21:47:38.908 [main] DEBUG l.s.DefaultPackageScanClassResolver - Loaded the class: class liquibase.pro.packaged.aA in classloader: jdk.internal.loader.ClassLoaders$AppClassLoader@64b8f8f4
21:47:38.908 [main] DEBUG l.s.DefaultPackageScanClassResolver - Loaded the class: class liquibase.pro.packaged.fw in classloader: jdk.internal.loader.ClassLoaders$AppClassLoader@64b8f8f4
21:47:38.908 [main] DEBUG l.s.DefaultPackageScanClassResolver - Loaded the class: class liquibase.pro.packaged.ga$8 in classloader: jdk.internal.loader.ClassLoaders$AppClassLoader@64b8f8f4
21:47:38.909 [main] DEBUG l.s.DefaultPackageScanClassResolver - Loaded the class: class liquibase.pro.packaged.gX in classloader: jdk.internal.loader.ClassLoaders$AppClassLoader@64b8f8f4
21:47:38.909 [main] DEBUG l.s.DefaultPackageScanClassResolver - Loaded the class: class liquibase.pro.packaged.kv$a$1 in classloader: jdk.internal.loader.ClassLoaders$AppClassLoader@64b8f8f4
21:47:38.909 [main] DEBUG l.s.DefaultPackageScanClassResolver - Loaded the class: interface liquibase.pro.packaged.cn in classloader: jdk.internal.loader.ClassLoaders$AppClassLoader@64b8f8f4
21:47:38.910 [main] DEBUG l.s.DefaultPackageScanClassResolver - Loaded the class: class liquibase.pro.packaged.dO in classloader: jdk.internal.loader.ClassLoaders$AppClassLoader@64b8f8f4
21:47:38.910 [main] DEBUG l.s.DefaultPackageScanClassResolver - Loaded the class: class liquibase.pro.packaged.kG in classloader: jdk.internal.loader.ClassLoaders$AppClassLoader@64b8f8f4
21:47:38.910 [main] DEBUG l.s.DefaultPackageScanClassResolver - Loaded the class: class liquibase.pro.packaged.jf in classloader: jdk.internal.loader.ClassLoaders$AppClassLoader@64b8f8f4
21:47:38.910 [main] DEBUG l.s.DefaultPackageScanClassResolver - Loaded the class: interface liquibase.pro.packaged.kS in classloader: jdk.internal.loader.ClassLoaders$AppClassLoader@64b8f8f4
21:47:38.910 [main] DEBUG l.s.DefaultPackageScanClassResolver - Loaded the class: class liquibase.pro.packaged.fr in classloader: jdk.internal.loader.ClassLoaders$AppClassLoader@64b8f8f4
21:47:38.911 [main] DEBUG l.s.DefaultPackageScanClassResolver - Loaded the class: class liquibase.pro.packaged.gS in classloader: jdk.internal.loader.ClassLoaders$AppClassLoader@64b8f8f4
21:47:38.911 [main] DEBUG l.s.DefaultPackageScanClassResolver - Loaded the class: class liquibase.pro.packaged.jr in classloader: jdk.internal.loader.ClassLoaders$AppClassLoader@64b8f8f4
21:47:38.911 [main] DEBUG l.s.DefaultPackageScanClassResolver - Loaded the class: class liquibase.pro.packaged.kL in classloader: jdk.internal.loader.ClassLoaders$AppClassLoader@64b8f8f4
21:47:38.912 [main] DEBUG l.s.DefaultPackageScanClassResolver - Loaded the class: class liquibase.pro.packaged.jk in classloader: jdk.internal.loader.ClassLoaders$AppClassLoader@64b8f8f4
21:47:38.912 [main] DEBUG l.s.DefaultPackageScanClassResolver - Loaded the class: class liquibase.pro.packaged.kv$b in classloader: jdk.internal.loader.ClassLoaders$AppClassLoader@64b8f8f4
21:47:38.912 [main] DEBUG l.s.DefaultPackageScanClassResolver - Loaded the class: class liquibase.pro.packaged.cz in classloader: jdk.internal.loader.ClassLoaders$AppClassLoader@64b8f8f4
21:47:38.913 [main] DEBUG l.s.DefaultPackageScanClassResolver - Loaded the class: interface liquibase.pro.packaged.cs in classloader: jdk.internal.loader.ClassLoaders$AppClassLoader@64b8f8f4
21:47:38.913 [main] DEBUG l.s.DefaultPackageScanClassResolver - Loaded the class: class liquibase.pro.packaged.dT in classloader: jdk.internal.loader.ClassLoaders$AppClassLoader@64b8f8f4
21:47:38.913 [main] DEBUG l.s.DefaultPackageScanClassResolver - Loaded the class: interface liquibase.pro.packaged.kN in classloader: jdk.internal.loader.ClassLoaders$AppClassLoader@64b8f8f4
21:47:38.913 [main] DEBUG l.s.DefaultPackageScanClassResolver - Loaded the class: class liquibase.pro.packaged.jm in classloader: jdk.internal.loader.ClassLoaders$AppClassLoader@64b8f8f4
21:47:38.913 [main] DEBUG l.s.DefaultPackageScanClassResolver - Loaded the class: interface liquibase.pro.packaged.kQ in classloader: jdk.internal.loader.ClassLoaders$AppClassLoader@64b8f8f4
21:47:38.913 [main] DEBUG l.s.DefaultPackageScanClassResolver - Loaded the class: class liquibase.pro.packaged.ga$1 in classloader: jdk.internal.loader.ClassLoaders$AppClassLoader@64b8f8f4
21:47:38.913 [main] DEBUG l.s.DefaultPackageScanClassResolver - Loaded the class: class liquibase.pro.packaged.jp in classloader: jdk.internal.loader.ClassLoaders$AppClassLoader@64b8f8f4
21:47:38.913 [main] DEBUG l.s.DefaultPackageScanClassResolver - Loaded the class: class liquibase.pro.packaged.ap$1 in classloader: jdk.internal.loader.ClassLoaders$AppClassLoader@64b8f8f4
21:47:38.913 [main] DEBUG l.s.DefaultPackageScanClassResolver - Loaded the class: interface liquibase.pro.packaged.gb in classloader: jdk.internal.loader.ClassLoaders$AppClassLoader@64b8f8f4
21:47:38.914 [main] DEBUG l.s.DefaultPackageScanClassResolver - Loaded the class: class liquibase.pro.packaged.hC in classloader: jdk.internal.loader.ClassLoaders$AppClassLoader@64b8f8f4
21:47:38.914 [main] DEBUG l.s.DefaultPackageScanClassResolver - Loaded the class: interface liquibase.pro.packaged.x in classloader: jdk.internal.loader.ClassLoaders$AppClassLoader@64b8f8f4
21:47:38.914 [main] DEBUG l.s.DefaultPackageScanClassResolver - Loaded the class: class liquibase.pro.packaged.kv$a$3 in classloader: jdk.internal.loader.ClassLoaders$AppClassLoader@64b8f8f4
21:47:38.914 [main] DEBUG l.s.DefaultPackageScanClassResolver - Loaded the class: class liquibase.pro.packaged.aK in classloader: jdk.internal.loader.ClassLoaders$AppClassLoader@64b8f8f4
21:47:38.914 [main] DEBUG l.s.DefaultPackageScanClassResolver - Loaded the class: class liquibase.pro.packaged.dH in classloader: jdk.internal.loader.ClassLoaders$AppClassLoader@64b8f8f4
21:47:38.915 [main] DEBUG l.s.DefaultPackageScanClassResolver - Loaded the class: class liquibase.pro.packaged.cg in classloader: jdk.internal.loader.ClassLoaders$AppClassLoader@64b8f8f4
21:47:38.915 [main] DEBUG l.s.DefaultPackageScanClassResolver - Loaded the class: interface liquibase.pro.packaged.cu in classloader: jdk.internal.loader.ClassLoaders$AppClassLoader@64b8f8f4
21:47:38.915 [main] DEBUG l.s.DefaultPackageScanClassResolver - Loaded the class: class liquibase.pro.packaged.dV in classloader: jdk.internal.loader.ClassLoaders$AppClassLoader@64b8f8f4
21:47:38.915 [main] DEBUG l.s.DefaultPackageScanClassResolver - Loaded the class: interface liquibase.pro.packaged.cx in classloader: jdk.internal.loader.ClassLoaders$AppClassLoader@64b8f8f4
21:47:38.916 [main] DEBUG l.s.DefaultPackageScanClassResolver - Loaded the class: class liquibase.pro.packaged.dY in classloader: jdk.internal.loader.ClassLoaders$AppClassLoader@64b8f8f4
21:47:38.916 [main] DEBUG l.s.DefaultPackageScanClassResolver - Loaded the class: interface liquibase.pro.packaged.gd in classloader: jdk.internal.loader.ClassLoaders$AppClassLoader@64b8f8f4
21:47:38.916 [main] DEBUG l.s.DefaultPackageScanClassResolver - Loaded the class: class liquibase.pro.packaged.hE in classloader: jdk.internal.loader.ClassLoaders$AppClassLoader@64b8f8f4
21:47:38.917 [main] DEBUG l.s.DefaultPackageScanClassResolver - Loaded the class: class liquibase.pro.packaged.ga$3 in classloader: jdk.internal.loader.ClassLoaders$AppClassLoader@64b8f8f4
21:47:38.917 [main] DEBUG l.s.DefaultPackageScanClassResolver - Loaded the class: interface liquibase.pro.packaged.v in classloader: jdk.internal.loader.ClassLoaders$AppClassLoader@64b8f8f4
21:47:38.917 [main] DEBUG l.s.DefaultPackageScanClassResolver - Loaded the class: class liquibase.pro.packaged.aM in classloader: jdk.internal.loader.ClassLoaders$AppClassLoader@64b8f8f4
21:47:38.918 [main] DEBUG l.s.DefaultPackageScanClassResolver - Loaded the class: class liquibase.pro.packaged.dJ in classloader: jdk.internal.loader.ClassLoaders$AppClassLoader@64b8f8f4
21:47:38.918 [main] DEBUG l.s.DefaultPackageScanClassResolver - Loaded the class: class liquibase.pro.packaged.ci in classloader: jdk.internal.loader.ClassLoaders$AppClassLoader@64b8f8f4
21:47:38.918 [main] DEBUG l.s.DefaultPackageScanClassResolver - Loaded the class: class liquibase.pro.packaged.fu in classloader: jdk.internal.loader.ClassLoaders$AppClassLoader@64b8f8f4
21:47:38.919 [main] DEBUG l.s.DefaultPackageScanClassResolver - Loaded the class: class liquibase.pro.packaged.gV in classloader: jdk.internal.loader.ClassLoaders$AppClassLoader@64b8f8f4
21:47:38.919 [main] DEBUG l.s.DefaultPackageScanClassResolver - Loaded the class: class liquibase.pro.packaged.kB in classloader: jdk.internal.loader.ClassLoaders$AppClassLoader@64b8f8f4
21:47:38.920 [main] DEBUG l.s.DefaultPackageScanClassResolver - Loaded the class: class liquibase.pro.packaged.ja in classloader: jdk.internal.loader.ClassLoaders$AppClassLoader@64b8f8f4
21:47:38.920 [main] DEBUG l.s.DefaultPackageScanClassResolver - Loaded the class: class liquibase.pro.packaged.aD in classloader: jdk.internal.loader.ClassLoaders$AppClassLoader@64b8f8f4
21:47:38.921 [main] DEBUG l.s.DefaultPackageScanClassResolver - Loaded the class: class liquibase.pro.packaged.ga$5 in classloader: jdk.internal.loader.ClassLoaders$AppClassLoader@64b8f8f4
21:47:38.921 [main] DEBUG l.s.DefaultPackageScanClassResolver - Loaded the class: class liquibase.pro.packaged.aJ in classloader: jdk.internal.loader.ClassLoaders$AppClassLoader@64b8f8f4
21:47:38.922 [main] DEBUG l.s.DefaultPackageScanClassResolver - Loaded the class: class liquibase.pro.packaged.fz in classloader: jdk.internal.loader.ClassLoaders$AppClassLoader@64b8f8f4
21:47:38.922 [main] DEBUG l.s.DefaultPackageScanClassResolver - Loaded the class: class liquibase.pro.packaged.kD in classloader: jdk.internal.loader.ClassLoaders$AppClassLoader@64b8f8f4
21:47:38.922 [main] DEBUG l.s.DefaultPackageScanClassResolver - Loaded the class: class liquibase.pro.packaged.jc in classloader: jdk.internal.loader.ClassLoaders$AppClassLoader@64b8f8f4
21:47:38.922 [main] DEBUG l.s.DefaultPackageScanClassResolver - Loaded the class: interface liquibase.pro.packaged.ck in classloader: jdk.internal.loader.ClassLoaders$AppClassLoader@64b8f8f4
21:47:38.923 [main] DEBUG l.s.DefaultPackageScanClassResolver - Loaded the class: class liquibase.pro.packaged.dL in classloader: jdk.internal.loader.ClassLoaders$AppClassLoader@64b8f8f4
21:47:38.923 [main] DEBUG l.s.DefaultPackageScanClassResolver - Loaded the class: class liquibase.pro.packaged.cq in classloader: jdk.internal.loader.ClassLoaders$AppClassLoader@64b8f8f4
21:47:38.923 [main] DEBUG l.s.DefaultPackageScanClassResolver - Loaded the class: class liquibase.pro.packaged.dR in classloader: jdk.internal.loader.ClassLoaders$AppClassLoader@64b8f8f4
21:47:38.924 [main] DEBUG l.s.DefaultPackageScanClassResolver - Loaded the class: interface liquibase.pro.packaged.kJ in classloader: jdk.internal.loader.ClassLoaders$AppClassLoader@64b8f8f4
21:47:38.924 [main] DEBUG l.s.DefaultPackageScanClassResolver - Loaded the class: class liquibase.pro.packaged.ji in classloader: jdk.internal.loader.ClassLoaders$AppClassLoader@64b8f8f4
21:47:38.924 [main] DEBUG l.s.DefaultPackageScanClassResolver - Loaded the class: class liquibase.pro.packaged.ga in classloader: jdk.internal.loader.ClassLoaders$AppClassLoader@64b8f8f4
21:47:38.924 [main] DEBUG l.s.DefaultPackageScanClassResolver - Loaded the class: class liquibase.pro.packaged.hB in classloader: jdk.internal.loader.ClassLoaders$AppClassLoader@64b8f8f4
21:47:38.925 [main] DEBUG l.s.DefaultPackageScanClassResolver - Loaded the class: interface liquibase.pro.packaged.y in classloader: jdk.internal.loader.ClassLoaders$AppClassLoader@64b8f8f4
21:47:38.925 [main] DEBUG l.s.DefaultPackageScanClassResolver - Loaded the class: class liquibase.pro.packaged.fy in classloader: jdk.internal.loader.ClassLoaders$AppClassLoader@64b8f8f4
21:47:38.925 [main] DEBUG l.s.DefaultPackageScanClassResolver - Loaded the class: class liquibase.pro.packaged.gZ in classloader: jdk.internal.loader.ClassLoaders$AppClassLoader@64b8f8f4
21:47:38.925 [main] DEBUG l.s.DefaultPackageScanClassResolver - Loaded the class: class liquibase.pro.packaged.kE in classloader: jdk.internal.loader.ClassLoaders$AppClassLoader@64b8f8f4
21:47:38.925 [main] DEBUG l.s.DefaultPackageScanClassResolver - Loaded the class: class liquibase.pro.packaged.jd in classloader: jdk.internal.loader.ClassLoaders$AppClassLoader@64b8f8f4
21:47:38.926 [main] DEBUG l.s.DefaultPackageScanClassResolver - Loaded the class: class liquibase.pro.packaged.aI in classloader: jdk.internal.loader.ClassLoaders$AppClassLoader@64b8f8f4
21:47:38.926 [main] DEBUG l.s.DefaultPackageScanClassResolver - Loaded the class: class liquibase.pro.packaged.ga$6 in classloader: jdk.internal.loader.ClassLoaders$AppClassLoader@64b8f8f4
21:47:38.926 [main] DEBUG l.s.DefaultPackageScanClassResolver - Loaded the class: class liquibase.pro.packaged.cr in classloader: jdk.internal.loader.ClassLoaders$AppClassLoader@64b8f8f4
21:47:38.927 [main] DEBUG l.s.DefaultPackageScanClassResolver - Loaded the class: class liquibase.pro.packaged.dS in classloader: jdk.internal.loader.ClassLoaders$AppClassLoader@64b8f8f4
21:47:38.927 [main] DEBUG l.s.DefaultPackageScanClassResolver - Loaded the class: interface liquibase.pro.packaged.z in classloader: jdk.internal.loader.ClassLoaders$AppClassLoader@64b8f8f4
21:47:38.927 [main] DEBUG l.s.DefaultPackageScanClassResolver - Loaded the class: class liquibase.pro.packaged.aC in classloader: jdk.internal.loader.ClassLoaders$AppClassLoader@64b8f8f4
21:47:38.928 [main] DEBUG l.s.DefaultPackageScanClassResolver - Loaded the class: class liquibase.pro.packaged.hA in classloader: jdk.internal.loader.ClassLoaders$AppClassLoader@64b8f8f4
21:47:38.928 [main] DEBUG l.s.DefaultPackageScanClassResolver - Loaded the class: interface liquibase.pro.packaged.cl in classloader: jdk.internal.loader.ClassLoaders$AppClassLoader@64b8f8f4
21:47:38.929 [main] DEBUG l.s.DefaultPackageScanClassResolver - Loaded the class: class liquibase.pro.packaged.dM in classloader: jdk.internal.loader.ClassLoaders$AppClassLoader@64b8f8f4
21:47:38.929 [main] DEBUG l.s.DefaultPackageScanClassResolver - Loaded the class: interface liquibase.pro.packaged.cm in classloader: jdk.internal.loader.ClassLoaders$AppClassLoader@64b8f8f4
21:47:38.929 [main] DEBUG l.s.DefaultPackageScanClassResolver - Loaded the class: class liquibase.pro.packaged.dN in classloader: jdk.internal.loader.ClassLoaders$AppClassLoader@64b8f8f4
21:47:38.930 [main] DEBUG l.s.DefaultPackageScanClassResolver - Loaded the class: class liquibase.pro.packaged.aH in classloader: jdk.internal.loader.ClassLoaders$AppClassLoader@64b8f8f4
21:47:38.930 [main] DEBUG l.s.DefaultPackageScanClassResolver - Loaded the class: interface liquibase.pro.packaged.kK in classloader: jdk.internal.loader.ClassLoaders$AppClassLoader@64b8f8f4
21:47:38.930 [main] DEBUG l.s.DefaultPackageScanClassResolver - Loaded the class: class liquibase.pro.packaged.jj in classloader: jdk.internal.loader.ClassLoaders$AppClassLoader@64b8f8f4
21:47:38.930 [main] DEBUG l.s.DefaultPackageScanClassResolver - Loaded the class: class liquibase.pro.packaged.ga$9 in classloader: jdk.internal.loader.ClassLoaders$AppClassLoader@64b8f8f4
21:47:38.930 [main] DEBUG l.s.DefaultPackageScanClassResolver - Loaded the class: class liquibase.pro.packaged.kv$a in classloader: jdk.internal.loader.ClassLoaders$AppClassLoader@64b8f8f4
21:47:38.930 [main] DEBUG l.s.DefaultPackageScanClassResolver - Loaded the class: class liquibase.pro.packaged.lc$2 in classloader: jdk.internal.loader.ClassLoaders$AppClassLoader@64b8f8f4
21:47:38.931 [main] DEBUG l.s.DefaultPackageScanClassResolver - Loaded the class: interface liquibase.pro.packaged.kI in classloader: jdk.internal.loader.ClassLoaders$AppClassLoader@64b8f8f4
21:47:38.931 [main] DEBUG l.s.DefaultPackageScanClassResolver - Loaded the class: class liquibase.pro.packaged.jh in classloader: jdk.internal.loader.ClassLoaders$AppClassLoader@64b8f8f4
21:47:38.931 [main] DEBUG l.s.DefaultPackageScanClassResolver - Loaded the class: class liquibase.pro.packaged.aF in classloader: jdk.internal.loader.ClassLoaders$AppClassLoader@64b8f8f4
21:47:38.931 [main] DEBUG l.s.DefaultPackageScanClassResolver - Loaded the class: class liquibase.pro.packaged.co in classloader: jdk.internal.loader.ClassLoaders$AppClassLoader@64b8f8f4
21:47:38.932 [main] DEBUG l.s.DefaultPackageScanClassResolver - Loaded the class: class liquibase.pro.packaged.dP in classloader: jdk.internal.loader.ClassLoaders$AppClassLoader@64b8f8f4
21:47:38.932 [main] DEBUG l.s.DefaultPackageScanClassResolver - Loaded the class: class liquibase.pro.packaged.lc$1 in classloader: jdk.internal.loader.ClassLoaders$AppClassLoader@64b8f8f4
21:47:38.933 [main] DEBUG l.s.DefaultPackageScanClassResolver - Loaded the class: class liquibase.pro.packaged.kH in classloader: jdk.internal.loader.ClassLoaders$AppClassLoader@64b8f8f4
21:47:38.933 [main] DEBUG l.s.DefaultPackageScanClassResolver - Loaded the class: interface liquibase.pro.packaged.cp in classloader: jdk.internal.loader.ClassLoaders$AppClassLoader@64b8f8f4
21:47:38.933 [main] DEBUG l.s.DefaultPackageScanClassResolver - Loaded the class: class liquibase.pro.packaged.dQ in classloader: jdk.internal.loader.ClassLoaders$AppClassLoader@64b8f8f4
21:47:38.934 [main] DEBUG l.s.DefaultPackageScanClassResolver - Loaded the class: class liquibase.pro.packaged.jg in classloader: jdk.internal.loader.ClassLoaders$AppClassLoader@64b8f8f4
21:47:38.934 [main] DEBUG l.s.DefaultPackageScanClassResolver - Loaded the class: class liquibase.pro.packaged.aE in classloader: jdk.internal.loader.ClassLoaders$AppClassLoader@64b8f8f4
21:47:38.934 [main] DEBUG l.s.DefaultPackageScanClassResolver - Searching for: is assignable to Change in package: liquibase/pro
21:47:38.935 [main] DEBUG l.s.DefaultPackageScanClassResolver - Searching for all classes in package: com/datical/liquibase using classloader: jdk.internal.loader.ClassLoaders$AppClassLoader
21:47:38.935 [main] DEBUG l.s.DefaultPackageScanClassResolver - Getting resource URL for package: com/datical/liquibase with classloader: jdk.internal.loader.ClassLoaders$AppClassLoader@64b8f8f4
21:47:38.936 [main] DEBUG l.s.DefaultPackageScanClassResolver - URL from classloader: jar:file:/Users/jajecnik.marci/.m2/repository/org/liquibase/liquibase-core/3.10.3/liquibase-core-3.10.3.jar!/com/datical/liquibase/
21:47:38.936 [main] DEBUG l.s.DefaultPackageScanClassResolver - Decoded urlPath: file:/Users/jajecnik.marci/.m2/repository/org/liquibase/liquibase-core/3.10.3/liquibase-core-3.10.3.jar!/com/datical/liquibase/ with protocol: jar
21:47:38.936 [main] DEBUG l.s.DefaultPackageScanClassResolver - Loading from jar using file: /Users/jajecnik.marci/.m2/repository/org/liquibase/liquibase-core/3.10.3/liquibase-core-3.10.3.jar
21:47:38.937 [main] DEBUG l.s.DefaultPackageScanClassResolver - Loaded the class: class com.datical.liquibase.ext.storedlogic.databasepackage.ChangedPackageChangeGenerator in classloader: jdk.internal.loader.ClassLoaders$AppClassLoader@64b8f8f4
21:47:38.938 [main] DEBUG l.s.DefaultPackageScanClassResolver - Loaded the class: class com.datical.liquibase.ext.license.LicenseCheckingChangeGenerator in classloader: jdk.internal.loader.ClassLoaders$AppClassLoader@64b8f8f4
21:47:38.938 [main] DEBUG l.s.DefaultPackageScanClassResolver - Loaded the class: class com.datical.liquibase.ext.storedlogic.databasepackage.MissingPackageChangeGenerator in classloader: jdk.internal.loader.ClassLoaders$AppClassLoader@64b8f8f4
21:47:38.939 [main] DEBUG l.s.DefaultPackageScanClassResolver - Loaded the class: class com.datical.liquibase.ext.storedlogic.function.change.CreateFunctionStatement in classloader: jdk.internal.loader.ClassLoaders$AppClassLoader@64b8f8f4
21:47:38.940 [main] DEBUG l.s.DefaultPackageScanClassResolver - Loaded the class: class com.datical.liquibase.ext.appdba.markunused.change.MarkUnsedChange in classloader: jdk.internal.loader.ClassLoaders$AppClassLoader@64b8f8f4
21:47:38.942 [main] DEBUG l.s.DefaultPackageScanClassResolver - Loaded the class: class com.datical.liquibase.ext.storedlogic.AbstractStoredDatabaseLogicSnapshotGenerator in classloader: jdk.internal.loader.ClassLoaders$AppClassLoader@64b8f8f4
21:47:38.942 [main] DEBUG l.s.DefaultPackageScanClassResolver - Loaded the class: class com.datical.liquibase.ext.storedlogic.storedproc.MissingStoredProcedureChangeGenerator in classloader: jdk.internal.loader.ClassLoaders$AppClassLoader@64b8f8f4
21:47:38.943 [main] DEBUG l.s.DefaultPackageScanClassResolver - Loaded the class: class com.datical.liquibase.ext.storedlogic.checkconstraint.CheckConstraintSnapshotGenerator$1 in classloader: jdk.internal.loader.ClassLoaders$AppClassLoader@64b8f8f4
21:47:38.943 [main] DEBUG l.s.DefaultPackageScanClassResolver - Loaded the class: class com.datical.liquibase.ext.storedlogic.function.ChangedFunctionChangeGenerator in classloader: jdk.internal.loader.ClassLoaders$AppClassLoader@64b8f8f4
21:47:38.944 [main] DEBUG l.s.DefaultPackageScanClassResolver - Loaded the class: class com.datical.liquibase.ext.storedlogic.checkconstraint.change.DisableCheckConstraintChange in classloader: jdk.internal.loader.ClassLoaders$AppClassLoader@64b8f8f4
21:47:38.944 [main] DEBUG l.s.DefaultPackageScanClassResolver - Loaded the class: class com.datical.liquibase.ext.diff.FormattedChangeObject in classloader: jdk.internal.loader.ClassLoaders$AppClassLoader@64b8f8f4
21:47:38.945 [main] DEBUG l.s.DefaultPackageScanClassResolver - Loaded the class: class com.datical.liquibase.ext.appdba.synonym.UnexpectedSynonymChangeGenerator in classloader: jdk.internal.loader.ClassLoaders$AppClassLoader@64b8f8f4
21:47:38.945 [main] DEBUG l.s.DefaultPackageScanClassResolver - Loaded the class: class com.datical.liquibase.ext.storedlogic.checkconstraint.change.DropCheckConstraintGenerator in classloader: jdk.internal.loader.ClassLoaders$AppClassLoader@64b8f8f4
21:47:38.946 [main] DEBUG l.s.DefaultPackageScanClassResolver - Loaded the class: class com.datical.liquibase.ext.storedlogic.trigger.change.RenameTriggerChange in classloader: jdk.internal.loader.ClassLoaders$AppClassLoader@64b8f8f4
21:47:38.946 [main] DEBUG l.s.DefaultPackageScanClassResolver - Loaded the class: class com.datical.liquibase.ext.appdba.synonym.change.DropSynonymGenerator in classloader: jdk.internal.loader.ClassLoaders$AppClassLoader@64b8f8f4
21:47:38.947 [main] DEBUG l.s.DefaultPackageScanClassResolver - Loaded the class: class com.datical.liquibase.ext.storedlogic.databasepackage.change.DropPackageBodyStatement in classloader: jdk.internal.loader.ClassLoaders$AppClassLoader@64b8f8f4
21:47:38.947 [main] DEBUG l.s.DefaultPackageScanClassResolver - Loaded the class: class com.datical.liquibase.ext.storedlogic.trigger.change.DisableTriggerStatement in classloader: jdk.internal.loader.ClassLoaders$AppClassLoader@64b8f8f4
21:47:38.948 [main] DEBUG l.s.DefaultPackageScanClassResolver - Loaded the class: class com.datical.liquibase.ext.storedlogic.databasepackage.change.DropPackageChange in classloader: jdk.internal.loader.ClassLoaders$AppClassLoader@64b8f8f4
21:47:38.949 [main] DEBUG l.s.DefaultPackageScanClassResolver - Loaded the class: class com.datical.liquibase.ext.storedlogic.checkconstraint.CheckConstraintComparator in classloader: jdk.internal.loader.ClassLoaders$AppClassLoader@64b8f8f4
21:47:38.949 [main] DEBUG l.s.DefaultPackageScanClassResolver - Loaded the class: class com.datical.liquibase.ext.storedlogic.databasepackage.PackageSnapshotGenerator in classloader: jdk.internal.loader.ClassLoaders$AppClassLoader@64b8f8f4
21:47:38.949 [main] DEBUG l.s.DefaultPackageScanClassResolver - Loaded the class: class com.datical.liquibase.ext.storedlogic.trigger.change.RenameTriggerStatement in classloader: jdk.internal.loader.ClassLoaders$AppClassLoader@64b8f8f4
21:47:38.951 [main] DEBUG l.s.DefaultPackageScanClassResolver - Loaded the class: class com.datical.liquibase.ext.command.RollbackOneChangeSetCommand in classloader: jdk.internal.loader.ClassLoaders$AppClassLoader@64b8f8f4
21:47:38.951 [main] DEBUG l.s.DefaultPackageScanClassResolver - Loaded the class: class com.datical.liquibase.ext.storedlogic.databasepackage.change.DropPackageGenerator in classloader: jdk.internal.loader.ClassLoaders$AppClassLoader@64b8f8f4
21:47:38.952 [main] DEBUG l.s.DefaultPackageScanClassResolver - Loaded the class: class com.datical.liquibase.ext.storedlogic.checkconstraint.postgres.PostgresCheckConstraintSnapshotGenerator in classloader: jdk.internal.loader.ClassLoaders$AppClassLoader@64b8f8f4
21:47:38.953 [main] DEBUG l.s.DefaultPackageScanClassResolver - Loaded the class: class com.datical.liquibase.ext.appdba.diff.compare.SynonymComparator in classloader: jdk.internal.loader.ClassLoaders$AppClassLoader@64b8f8f4
21:47:38.953 [main] DEBUG l.s.DefaultPackageScanClassResolver - Loaded the class: class com.datical.liquibase.ext.storedlogic.trigger.MissingTriggerChangeGenerator in classloader: jdk.internal.loader.ClassLoaders$AppClassLoader@64b8f8f4
21:47:38.954 [main] DEBUG l.s.DefaultPackageScanClassResolver - Loaded the class: class com.datical.liquibase.ext.changelog.filter.DeploymentIdFilter in classloader: jdk.internal.loader.ClassLoaders$AppClassLoader@64b8f8f4
21:47:38.958 [main] DEBUG l.s.DefaultPackageScanClassResolver - Loaded the class: class com.datical.liquibase.ext.storedlogic.function.FunctionSnapshotGenerator in classloader: jdk.internal.loader.ClassLoaders$AppClassLoader@64b8f8f4
21:47:38.958 [main] DEBUG l.s.DefaultPackageScanClassResolver - Loaded the class: class com.datical.liquibase.ext.storedlogic.trigger.ChangedTriggerChangeGenerator in classloader: jdk.internal.loader.ClassLoaders$AppClassLoader@64b8f8f4
21:47:38.958 [main] DEBUG l.s.DefaultPackageScanClassResolver - Loaded the class: class com.datical.liquibase.ext.storedlogic.AbstractMissingStoredLogicChangeGenerator in classloader: jdk.internal.loader.ClassLoaders$AppClassLoader@64b8f8f4
21:47:38.959 [main] DEBUG l.s.DefaultPackageScanClassResolver - Loaded the class: class com.datical.liquibase.ext.storedlogic.databasepackage.ChangedPackageBodyChangeGenerator in classloader: jdk.internal.loader.ClassLoaders$AppClassLoader@64b8f8f4
21:47:38.959 [main] DEBUG l.s.DefaultPackageScanClassResolver - Loaded the class: class com.datical.liquibase.ext.storedlogic.AbstractUnexpectedStoredLogicChangeGenerator in classloader: jdk.internal.loader.ClassLoaders$AppClassLoader@64b8f8f4
21:47:38.959 [main] DEBUG l.s.DefaultPackageScanClassResolver - Loaded the class: class com.datical.liquibase.ext.storedlogic.function.postgres.PostgresFunctionSnapshotGenerator in classloader: jdk.internal.loader.ClassLoaders$AppClassLoader@64b8f8f4
21:47:38.960 [main] DEBUG l.s.DefaultPackageScanClassResolver - Loaded the class: class com.datical.liquibase.ext.storedlogic.trigger.Trigger in classloader: jdk.internal.loader.ClassLoaders$AppClassLoader@64b8f8f4
21:47:38.960 [main] DEBUG l.s.DefaultPackageScanClassResolver - Loaded the class: class com.datical.liquibase.ext.storedlogic.databasepackage.MissingPackageExternalFileChangeGenerator in classloader: jdk.internal.loader.ClassLoaders$AppClassLoader@64b8f8f4
21:47:38.961 [main] DEBUG l.s.DefaultPackageScanClassResolver - Loaded the class: class com.datical.liquibase.ext.storedlogic.trigger.TriggerSnapshotGenerator in classloader: jdk.internal.loader.ClassLoaders$AppClassLoader@64b8f8f4
21:47:38.962 [main] DEBUG l.s.DefaultPackageScanClassResolver - Loaded the class: class com.datical.liquibase.ext.command.RollbackOneUpdateCommand in classloader: jdk.internal.loader.ClassLoaders$AppClassLoader@64b8f8f4
21:47:38.962 [main] DEBUG l.s.DefaultPackageScanClassResolver - Loaded the class: class com.datical.liquibase.ext.appdba.synonym.change.DropSynonymChange in classloader: jdk.internal.loader.ClassLoaders$AppClassLoader@64b8f8f4
21:47:38.963 [main] DEBUG l.s.DefaultPackageScanClassResolver - Loaded the class: class com.datical.liquibase.ext.command.FormattedDiffCommand in classloader: jdk.internal.loader.ClassLoaders$AppClassLoader@64b8f8f4
21:47:38.963 [main] DEBUG l.s.DefaultPackageScanClassResolver - Loaded the class: class com.datical.liquibase.ext.storedlogic.trigger.change.EnableTriggerChange in classloader: jdk.internal.loader.ClassLoaders$AppClassLoader@64b8f8f4
21:47:38.963 [main] DEBUG l.s.DefaultPackageScanClassResolver - Loaded the class: class com.datical.liquibase.ext.storedlogic.databasepackage.change.CreatePackageBodyStatement in classloader: jdk.internal.loader.ClassLoaders$AppClassLoader@64b8f8f4
21:47:38.964 [main] DEBUG l.s.DefaultPackageScanClassResolver - Loaded the class: class com.datical.liquibase.ext.storedlogic.checkconstraint.change.DropCheckConstraintChange in classloader: jdk.internal.loader.ClassLoaders$AppClassLoader@64b8f8f4
21:47:38.964 [main] DEBUG l.s.DefaultPackageScanClassResolver - Loaded the class: class com.datical.liquibase.ext.storedlogic.checkconstraint.change.AddCheckConstraintStatement in classloader: jdk.internal.loader.ClassLoaders$AppClassLoader@64b8f8f4
21:47:38.965 [main] DEBUG l.s.DefaultPackageScanClassResolver - Loaded the class: class com.datical.liquibase.ext.storedlogic.trigger.change.CreateTriggerGenerator in classloader: jdk.internal.loader.ClassLoaders$AppClassLoader@64b8f8f4
21:47:38.965 [main] DEBUG l.s.DefaultPackageScanClassResolver - Loaded the class: class com.datical.liquibase.ext.appdba.sqlplus.change.exception.DaticalSpErrorLogException in classloader: jdk.internal.loader.ClassLoaders$AppClassLoader@64b8f8f4
21:47:38.965 [main] DEBUG l.s.DefaultPackageScanClassResolver - Loaded the class: class com.datical.liquibase.ext.storedlogic.checkconstraint.CheckConstraint in classloader: jdk.internal.loader.ClassLoaders$AppClassLoader@64b8f8f4
21:47:38.966 [main] DEBUG l.s.DefaultPackageScanClassResolver - Loaded the class: class com.datical.liquibase.ext.storedlogic.trigger.ChangedTriggerExternalFileChangeGenerator in classloader: jdk.internal.loader.ClassLoaders$AppClassLoader@64b8f8f4
21:47:38.966 [main] DEBUG l.s.DefaultPackageScanClassResolver - Loaded the class: class com.datical.liquibase.ext.diff.FormattedDiffDatabase in classloader: jdk.internal.loader.ClassLoaders$AppClassLoader@64b8f8f4
21:47:38.966 [main] DEBUG l.s.DefaultPackageScanClassResolver - Loaded the class: class com.datical.liquibase.ext.storedlogic.trigger.change.DropTriggerStatement in classloader: jdk.internal.loader.ClassLoaders$AppClassLoader@64b8f8f4
21:47:38.967 [main] DEBUG l.s.DefaultPackageScanClassResolver - Loaded the class: class com.datical.liquibase.ext.storedlogic.checkconstraint.change.DisableCheckConstraintStatement in classloader: jdk.internal.loader.ClassLoaders$AppClassLoader@64b8f8f4
21:47:38.967 [main] DEBUG l.s.DefaultPackageScanClassResolver - Loaded the class: class com.datical.liquibase.ext.storedlogic.databasepackage.ChangedPackageBodyExternalFileChangeGenerator in classloader: jdk.internal.loader.ClassLoaders$AppClassLoader@64b8f8f4
21:47:38.968 [main] DEBUG l.s.DefaultPackageScanClassResolver - Loaded the class: class com.datical.liquibase.ext.OracleSqlPlusExecutor in classloader: jdk.internal.loader.ClassLoaders$AppClassLoader@64b8f8f4
21:47:38.968 [main] DEBUG l.s.DefaultPackageScanClassResolver - Loaded the class: class com.datical.liquibase.ext.storedlogic.trigger.change.DropTriggerChange in classloader: jdk.internal.loader.ClassLoaders$AppClassLoader@64b8f8f4
21:47:38.968 [main] DEBUG l.s.DefaultPackageScanClassResolver - Loaded the class: class com.datical.liquibase.ext.command.FormattedDiffCommand$DiffFormat in classloader: jdk.internal.loader.ClassLoaders$AppClassLoader@64b8f8f4
21:47:38.969 [main] DEBUG l.s.DefaultPackageScanClassResolver - Loaded the class: class com.datical.liquibase.ext.storedlogic.function.UnexpectedFunctionChangeGenerator in classloader: jdk.internal.loader.ClassLoaders$AppClassLoader@64b8f8f4
21:47:38.969 [main] DEBUG l.s.DefaultPackageScanClassResolver - Loaded the class: class com.datical.liquibase.ext.appdba.markunused.change.MarkUnusedStatement in classloader: jdk.internal.loader.ClassLoaders$AppClassLoader@64b8f8f4
21:47:38.969 [main] DEBUG l.s.DefaultPackageScanClassResolver - Loaded the class: class com.datical.liquibase.ext.appdba.synonym.MissingSynonymChangeGenerator in classloader: jdk.internal.loader.ClassLoaders$AppClassLoader@64b8f8f4
21:47:38.970 [main] DEBUG l.s.DefaultPackageScanClassResolver - Loaded the class: class com.datical.liquibase.ext.storedlogic.checkconstraint.change.EnableCheckConstraintStatement in classloader: jdk.internal.loader.ClassLoaders$AppClassLoader@64b8f8f4
21:47:38.970 [main] DEBUG l.s.DefaultPackageScanClassResolver - Loaded the class: class com.datical.liquibase.ext.appdba.synonym.ChangedSynonymChangeGenerator in classloader: jdk.internal.loader.ClassLoaders$AppClassLoader@64b8f8f4
21:47:38.970 [main] DEBUG l.s.DefaultPackageScanClassResolver - Loaded the class: class com.datical.liquibase.ext.storedlogic.checkconstraint.change.EnableCheckConstraintChange in classloader: jdk.internal.loader.ClassLoaders$AppClassLoader@64b8f8f4
21:47:38.971 [main] DEBUG l.s.DefaultPackageScanClassResolver - Loaded the class: class com.datical.liquibase.ext.diff.AbstractFormattedDiffSerializable in classloader: jdk.internal.loader.ClassLoaders$AppClassLoader@64b8f8f4
21:47:38.971 [main] DEBUG l.s.DefaultPackageScanClassResolver - Loaded the class: class com.datical.liquibase.ext.database.jvm.ProJdbcConnection in classloader: jdk.internal.loader.ClassLoaders$AppClassLoader@64b8f8f4
21:47:38.972 [main] DEBUG l.s.DefaultPackageScanClassResolver - Loaded the class: class com.datical.liquibase.ext.storedlogic.checkconstraint.UnexpectedCheckConstraintChangeGenerator in classloader: jdk.internal.loader.ClassLoaders$AppClassLoader@64b8f8f4
21:47:38.972 [main] DEBUG l.s.DefaultPackageScanClassResolver - Loaded the class: class com.datical.liquibase.ext.storedlogic.function.MissingFunctionExternalFileChangeGenerator in classloader: jdk.internal.loader.ClassLoaders$AppClassLoader@64b8f8f4
21:47:38.973 [main] DEBUG l.s.DefaultPackageScanClassResolver - Loaded the class: class com.datical.liquibase.ext.appdba.synonym.change.CreateSynonymGenerator in classloader: jdk.internal.loader.ClassLoaders$AppClassLoader@64b8f8f4
21:47:38.973 [main] DEBUG l.s.DefaultPackageScanClassResolver - Loaded the class: class com.datical.liquibase.ext.storedlogic.trigger.TriggerSnapshotGenerator$1 in classloader: jdk.internal.loader.ClassLoaders$AppClassLoader@64b8f8f4
21:47:38.974 [main] DEBUG l.s.DefaultPackageScanClassResolver - Loaded the class: class com.datical.liquibase.ext.config.LiquibaseProConfiguration in classloader: jdk.internal.loader.ClassLoaders$AppClassLoader@64b8f8f4
21:47:38.974 [main] DEBUG l.s.DefaultPackageScanClassResolver - Loaded the class: class com.datical.liquibase.ext.license.LicenseCheckingSnapshotGenerator in classloader: jdk.internal.loader.ClassLoaders$AppClassLoader@64b8f8f4
21:47:38.974 [main] DEBUG l.s.DefaultPackageScanClassResolver - Loaded the class: class com.datical.liquibase.ext.storedlogic.trigger.change.EnableTriggerGenerator in classloader: jdk.internal.loader.ClassLoaders$AppClassLoader@64b8f8f4
21:47:38.974 [main] DEBUG l.s.DefaultPackageScanClassResolver - Loaded the class: class com.datical.liquibase.ext.storedlogic.databasepackage.change.DropPackageBodyChange in classloader: jdk.internal.loader.ClassLoaders$AppClassLoader@64b8f8f4
21:47:38.975 [main] DEBUG l.s.DefaultPackageScanClassResolver - Loaded the class: class com.datical.liquibase.ext.storedlogic.databasepackage.ChangedPackageExternalFileChangeGenerator in classloader: jdk.internal.loader.ClassLoaders$AppClassLoader@64b8f8f4
21:47:38.975 [main] DEBUG l.s.DefaultPackageScanClassResolver - Loaded the class: class com.datical.liquibase.ext.storedlogic.function.change.DropFunctionGenerator in classloader: jdk.internal.loader.ClassLoaders$AppClassLoader@64b8f8f4
21:47:38.975 [main] DEBUG l.s.DefaultPackageScanClassResolver - Loaded the class: class com.datical.liquibase.ext.util.CachedQueryUtil in classloader: jdk.internal.loader.ClassLoaders$AppClassLoader@64b8f8f4
21:47:38.976 [main] DEBUG l.s.DefaultPackageScanClassResolver - Loaded the class: class com.datical.liquibase.ext.appdba.synonym.change.CreateSynonymStatement in classloader: jdk.internal.loader.ClassLoaders$AppClassLoader@64b8f8f4
21:47:38.976 [main] DEBUG l.s.DefaultPackageScanClassResolver - Loaded the class: class com.datical.liquibase.ext.storedlogic.checkconstraint.MissingCheckConstraintChangeGenerator in classloader: jdk.internal.loader.ClassLoaders$AppClassLoader@64b8f8f4
21:47:38.977 [main] DEBUG l.s.DefaultPackageScanClassResolver - Loaded the class: class com.datical.liquibase.ext.storedlogic.storedproc.UnexpectedStoredProcedureChangeGenerator in classloader: jdk.internal.loader.ClassLoaders$AppClassLoader@64b8f8f4
21:47:38.977 [main] DEBUG l.s.DefaultPackageScanClassResolver - Loaded the class: class com.datical.liquibase.ext.storedlogic.checkconstraint.CheckConstraintSnapshotGenerator in classloader: jdk.internal.loader.ClassLoaders$AppClassLoader@64b8f8f4
21:47:38.977 [main] DEBUG l.s.DefaultPackageScanClassResolver - Loaded the class: class com.datical.liquibase.ext.storedlogic.AbstractChangedStoredLogicChangeGenerator in classloader: jdk.internal.loader.ClassLoaders$AppClassLoader@64b8f8f4
21:47:38.977 [main] DEBUG l.s.DefaultPackageScanClassResolver - Loaded the class: class com.datical.liquibase.ext.storedlogic.databasepackage.change.DropPackageBodyGenerator in classloader: jdk.internal.loader.ClassLoaders$AppClassLoader@64b8f8f4
21:47:38.977 [main] DEBUG l.s.DefaultPackageScanClassResolver - Loaded the class: class com.datical.liquibase.ext.storedlogic.databasepackage.change.DropPackageStatement in classloader: jdk.internal.loader.ClassLoaders$AppClassLoader@64b8f8f4
21:47:38.978 [main] DEBUG l.s.DefaultPackageScanClassResolver - Loaded the class: class com.datical.liquibase.ext.storedlogic.storedproc.StoredProcedureSnapshotGenerator in classloader: jdk.internal.loader.ClassLoaders$AppClassLoader@64b8f8f4
21:47:38.978 [main] DEBUG l.s.DefaultPackageScanClassResolver - Loaded the class: class com.datical.liquibase.ext.storedlogic.checkconstraint.change.DropCheckConstraintStatement in classloader: jdk.internal.loader.ClassLoaders$AppClassLoader@64b8f8f4
21:47:38.978 [main] DEBUG l.s.DefaultPackageScanClassResolver - Loaded the class: class com.datical.liquibase.ext.storedlogic.storedproc.MissingStoredProcedureExternalFileChangeGenerator in classloader: jdk.internal.loader.ClassLoaders$AppClassLoader@64b8f8f4
21:47:38.979 [main] DEBUG l.s.DefaultPackageScanClassResolver - Loaded the class: class com.datical.liquibase.ext.storedlogic.trigger.change.CreateTriggerStatement in classloader: jdk.internal.loader.ClassLoaders$AppClassLoader@64b8f8f4
21:47:38.979 [main] DEBUG l.s.DefaultPackageScanClassResolver - Loaded the class: class com.datical.liquibase.ext.appdba.synonym.Synonym in classloader: jdk.internal.loader.ClassLoaders$AppClassLoader@64b8f8f4
21:47:38.980 [main] DEBUG l.s.DefaultPackageScanClassResolver - Loaded the class: class com.datical.liquibase.ext.storedlogic.trigger.change.RenameTriggerGenerator in classloader: jdk.internal.loader.ClassLoaders$AppClassLoader@64b8f8f4
21:47:38.980 [main] DEBUG l.s.DefaultPackageScanClassResolver - Loaded the class: class com.datical.liquibase.ext.util.ObjectSqlFileUtil in classloader: jdk.internal.loader.ClassLoaders$AppClassLoader@64b8f8f4
21:47:38.980 [main] DEBUG l.s.DefaultPackageScanClassResolver - Loaded the class: class com.datical.liquibase.ext.storedlogic.databasepackage.UnexpectedPackageBodyChangeGenerator in classloader: jdk.internal.loader.ClassLoaders$AppClassLoader@64b8f8f4
21:47:38.981 [main] DEBUG l.s.DefaultPackageScanClassResolver - Loaded the class: class com.datical.liquibase.ext.storedlogic.trigger.UnexpectedTriggerChangeGenerator in classloader: jdk.internal.loader.ClassLoaders$AppClassLoader@64b8f8f4
21:47:38.981 [main] DEBUG l.s.DefaultPackageScanClassResolver - Loaded the class: class com.datical.liquibase.ext.storedlogic.function.change.DropFunctionChange in classloader: jdk.internal.loader.ClassLoaders$AppClassLoader@64b8f8f4
21:47:38.982 [main] DEBUG l.s.DefaultPackageScanClassResolver - Loaded the class: class com.datical.liquibase.ext.storedlogic.function.postgres.EDBPostgresFunctionSnapshotGenerator in classloader: jdk.internal.loader.ClassLoaders$AppClassLoader@64b8f8f4
21:47:38.982 [main] DEBUG l.s.DefaultPackageScanClassResolver - Loaded the class: class com.datical.liquibase.ext.SqlPlusRunner in classloader: jdk.internal.loader.ClassLoaders$AppClassLoader@64b8f8f4
21:47:38.983 [main] DEBUG l.s.DefaultPackageScanClassResolver - Loaded the class: class com.datical.liquibase.ext.storedlogic.trigger.MissingTriggerExternalFileChangeGenerator in classloader: jdk.internal.loader.ClassLoaders$AppClassLoader@64b8f8f4
21:47:38.983 [main] DEBUG l.s.DefaultPackageScanClassResolver - Loaded the class: class com.datical.liquibase.ext.storedlogic.checkconstraint.ChangedCheckConstraintChangeGenerator in classloader: jdk.internal.loader.ClassLoaders$AppClassLoader@64b8f8f4
21:47:38.984 [main] DEBUG l.s.DefaultPackageScanClassResolver - Loaded the class: class com.datical.liquibase.ext.storedlogic.checkconstraint.change.AddCheckConstraintChange in classloader: jdk.internal.loader.ClassLoaders$AppClassLoader@64b8f8f4
21:47:38.984 [main] DEBUG l.s.DefaultPackageScanClassResolver - Loaded the class: class com.datical.liquibase.ext.storedlogic.trigger.change.CreateTriggerChange in classloader: jdk.internal.loader.ClassLoaders$AppClassLoader@64b8f8f4
21:47:38.985 [main] DEBUG l.s.DefaultPackageScanClassResolver - Loaded the class: class com.datical.liquibase.ext.appdba.synonym.SynonymSnapshotGenerator in classloader: jdk.internal.loader.ClassLoaders$AppClassLoader@64b8f8f4
21:47:38.985 [main] DEBUG l.s.DefaultPackageScanClassResolver - Loaded the class: class com.datical.liquibase.ext.appdba.synonym.change.CreateSynonymChange in classloader: jdk.internal.loader.ClassLoaders$AppClassLoader@64b8f8f4
21:47:38.986 [main] DEBUG l.s.DefaultPackageScanClassResolver - Loaded the class: class com.datical.liquibase.ext.parser.LiquibaseProNamespaceDetails in classloader: jdk.internal.loader.ClassLoaders$AppClassLoader@64b8f8f4
21:47:38.986 [main] DEBUG l.s.DefaultPackageScanClassResolver - Loaded the class: class com.datical.liquibase.ext.storedlogic.StoredLogicComparator in classloader: jdk.internal.loader.ClassLoaders$AppClassLoader@64b8f8f4
21:47:38.986 [main] DEBUG l.s.DefaultPackageScanClassResolver - Loaded the class: class com.datical.liquibase.ext.diff.FormattedDiffObject in classloader: jdk.internal.loader.ClassLoaders$AppClassLoader@64b8f8f4
21:47:38.987 [main] DEBUG l.s.DefaultPackageScanClassResolver - Loaded the class: class com.datical.liquibase.ext.storedlogic.databasepackage.change.CreatePackageStatement in classloader: jdk.internal.loader.ClassLoaders$AppClassLoader@64b8f8f4
21:47:38.987 [main] DEBUG l.s.DefaultPackageScanClassResolver - Loaded the class: class com.datical.liquibase.ext.storedlogic.AbstractStoredDatabaseLogicSnapshotGenerator$2 in classloader: jdk.internal.loader.ClassLoaders$AppClassLoader@64b8f8f4
21:47:38.987 [main] DEBUG l.s.DefaultPackageScanClassResolver - Loaded the class: class com.datical.liquibase.ext.storedlogic.function.ChangedFunctionExternalFileChangeGenerator in classloader: jdk.internal.loader.ClassLoaders$AppClassLoader@64b8f8f4
21:47:38.988 [main] DEBUG l.s.DefaultPackageScanClassResolver - Loaded the class: class com.datical.liquibase.ext.storedlogic.AbstractStoredDatabaseLogicSnapshotGenerator$1 in classloader: jdk.internal.loader.ClassLoaders$AppClassLoader@64b8f8f4
21:47:38.988 [main] DEBUG l.s.DefaultPackageScanClassResolver - Loaded the class: class com.datical.liquibase.ext.storedlogic.trigger.postgres.PostgresTriggerSnapshotGenerator in classloader: jdk.internal.loader.ClassLoaders$AppClassLoader@64b8f8f4
21:47:38.989 [main] DEBUG l.s.DefaultPackageScanClassResolver - Loaded the class: class com.datical.liquibase.ext.storedlogic.function.Function in classloader: jdk.internal.loader.ClassLoaders$AppClassLoader@64b8f8f4
21:47:38.989 [main] DEBUG l.s.DefaultPackageScanClassResolver - Loaded the class: class com.datical.liquibase.ext.storedlogic.checkconstraint.CheckConstraintSnapshotGenerator$SqlExt in classloader: jdk.internal.loader.ClassLoaders$AppClassLoader@64b8f8f4
21:47:38.989 [main] DEBUG l.s.DefaultPackageScanClassResolver - Loaded the class: class com.datical.liquibase.ext.storedlogic.databasepackage.change.CreatePackageGenerator in classloader: jdk.internal.loader.ClassLoaders$AppClassLoader@64b8f8f4
21:47:38.990 [main] DEBUG l.s.DefaultPackageScanClassResolver - Loaded the class: class com.datical.liquibase.ext.storedlogic.databasepackage.PackageBodySnapshotGenerator in classloader: jdk.internal.loader.ClassLoaders$AppClassLoader@64b8f8f4
21:47:38.990 [main] DEBUG l.s.DefaultPackageScanClassResolver - Loaded the class: class com.datical.liquibase.ext.storedlogic.databasepackage.DatabasePackageBody in classloader: jdk.internal.loader.ClassLoaders$AppClassLoader@64b8f8f4
21:47:38.990 [main] DEBUG l.s.DefaultPackageScanClassResolver - Loaded the class: class com.datical.liquibase.ext.util.RefactoringUtils in classloader: jdk.internal.loader.ClassLoaders$AppClassLoader@64b8f8f4
21:47:38.990 [main] DEBUG l.s.DefaultPackageScanClassResolver - Loaded the class: class com.datical.liquibase.ext.appdba.diff.output.changelog.UnexpectedColumnChangeGeneratorAppDBA in classloader: jdk.internal.loader.ClassLoaders$AppClassLoader@64b8f8f4
21:47:38.991 [main] DEBUG l.s.DefaultPackageScanClassResolver - Loaded the class: class com.datical.liquibase.ext.storedlogic.storedproc.PostgresStoredProcedureSnapshotGenerator in classloader: jdk.internal.loader.ClassLoaders$AppClassLoader@64b8f8f4
21:47:38.992 [main] DEBUG l.s.DefaultPackageScanClassResolver - Loaded the class: class com.datical.liquibase.ext.changelog.filter.SingleChangeSetFilter in classloader: jdk.internal.loader.ClassLoaders$AppClassLoader@64b8f8f4
21:47:38.992 [main] DEBUG l.s.DefaultPackageScanClassResolver - Loaded the class: class com.datical.liquibase.ext.storedlogic.function.MissingFunctionChangeGenerator in classloader: jdk.internal.loader.ClassLoaders$AppClassLoader@64b8f8f4
21:47:38.992 [main] DEBUG l.s.DefaultPackageScanClassResolver - Loaded the class: class com.datical.liquibase.ext.command.RollbackOneChangeSetCommand$1 in classloader: jdk.internal.loader.ClassLoaders$AppClassLoader@64b8f8f4
21:47:38.993 [main] DEBUG l.s.DefaultPackageScanClassResolver - Loaded the class: class com.datical.liquibase.ext.storedlogic.databasepackage.MissingPackageBodyExternalFileChangeGenerator in classloader: jdk.internal.loader.ClassLoaders$AppClassLoader@64b8f8f4
21:47:38.993 [main] DEBUG l.s.DefaultPackageScanClassResolver - Loaded the class: class com.datical.liquibase.ext.storedlogic.trigger.change.DisableTriggerGenerator in classloader: jdk.internal.loader.ClassLoaders$AppClassLoader@64b8f8f4
21:47:38.994 [main] DEBUG l.s.DefaultPackageScanClassResolver - Loaded the class: class com.datical.liquibase.ext.storedlogic.trigger.change.DropTriggerGenerator in classloader: jdk.internal.loader.ClassLoaders$AppClassLoader@64b8f8f4
21:47:38.994 [main] DEBUG l.s.DefaultPackageScanClassResolver - Loaded the class: class com.datical.liquibase.ext.diff.FormattedDiffDatabases in classloader: jdk.internal.loader.ClassLoaders$AppClassLoader@64b8f8f4
21:47:38.994 [main] DEBUG l.s.DefaultPackageScanClassResolver - Loaded the class: class com.datical.liquibase.ext.diff.FormattedDiffModel in classloader: jdk.internal.loader.ClassLoaders$AppClassLoader@64b8f8f4
21:47:38.995 [main] DEBUG l.s.DefaultPackageScanClassResolver - Loaded the class: class com.datical.liquibase.ext.appdba.synonym.change.DropSynonymStatement in classloader: jdk.internal.loader.ClassLoaders$AppClassLoader@64b8f8f4
21:47:38.995 [main] DEBUG l.s.DefaultPackageScanClassResolver - Loaded the class: class com.datical.liquibase.ext.storedlogic.databasepackage.DatabasePackage in classloader: jdk.internal.loader.ClassLoaders$AppClassLoader@64b8f8f4
21:47:38.995 [main] DEBUG l.s.DefaultPackageScanClassResolver - Loaded the class: class com.datical.liquibase.ext.license.LicenseValidationChange in classloader: jdk.internal.loader.ClassLoaders$AppClassLoader@64b8f8f4
21:47:38.996 [main] DEBUG l.s.DefaultPackageScanClassResolver - Loaded the class: class com.datical.liquibase.ext.diff.FormattedDiffSerializer in classloader: jdk.internal.loader.ClassLoaders$AppClassLoader@64b8f8f4
21:47:38.996 [main] DEBUG l.s.DefaultPackageScanClassResolver - Loaded the class: class com.datical.liquibase.ext.storedlogic.function.change.CreateFunctionGenerator in classloader: jdk.internal.loader.ClassLoaders$AppClassLoader@64b8f8f4
21:47:38.996 [main] DEBUG l.s.DefaultPackageScanClassResolver - Loaded the class: class com.datical.liquibase.ext.storedlogic.databasepackage.MissingPackageBodyChangeGenerator in classloader: jdk.internal.loader.ClassLoaders$AppClassLoader@64b8f8f4
21:47:38.997 [main] DEBUG l.s.DefaultPackageScanClassResolver - Loaded the class: class com.datical.liquibase.ext.storedlogic.databasepackage.UnexpectedPackageChangeGenerator in classloader: jdk.internal.loader.ClassLoaders$AppClassLoader@64b8f8f4
21:47:38.997 [main] DEBUG l.s.DefaultPackageScanClassResolver - Loaded the class: class com.datical.liquibase.ext.storedlogic.checkconstraint.change.EnableCheckConstraintGenerator in classloader: jdk.internal.loader.ClassLoaders$AppClassLoader@64b8f8f4
21:47:38.997 [main] DEBUG l.s.DefaultPackageScanClassResolver - Loaded the class: class com.datical.liquibase.ext.diff.FormattedDiffSerializer$2 in classloader: jdk.internal.loader.ClassLoaders$AppClassLoader@64b8f8f4
21:47:38.998 [main] DEBUG l.s.DefaultPackageScanClassResolver - Loaded the class: class com.datical.liquibase.ext.appdba.markunused.change.MarkUnusedGenerator in classloader: jdk.internal.loader.ClassLoaders$AppClassLoader@64b8f8f4
21:47:38.998 [main] DEBUG l.s.DefaultPackageScanClassResolver - Loaded the class: class com.datical.liquibase.ext.storedlogic.function.change.CreateFunctionChange in classloader: jdk.internal.loader.ClassLoaders$AppClassLoader@64b8f8f4
21:47:38.999 [main] DEBUG l.s.DefaultPackageScanClassResolver - Loaded the class: class com.datical.liquibase.ext.storedlogic.checkconstraint.change.AddCheckConstraintGenerator in classloader: jdk.internal.loader.ClassLoaders$AppClassLoader@64b8f8f4
21:47:38.999 [main] DEBUG l.s.DefaultPackageScanClassResolver - Loaded the class: class com.datical.liquibase.ext.storedlogic.databasepackage.change.CreatePackageBodyGenerator in classloader: jdk.internal.loader.ClassLoaders$AppClassLoader@64b8f8f4
21:47:39.000 [main] DEBUG l.s.DefaultPackageScanClassResolver - Loaded the class: class com.datical.liquibase.ext.storedlogic.function.change.DropFunctionStatement in classloader: jdk.internal.loader.ClassLoaders$AppClassLoader@64b8f8f4
21:47:39.000 [main] DEBUG l.s.DefaultPackageScanClassResolver - Loaded the class: class com.datical.liquibase.ext.command.RollbackOneUpdateCommand$1 in classloader: jdk.internal.loader.ClassLoaders$AppClassLoader@64b8f8f4
21:47:39.000 [main] DEBUG l.s.DefaultPackageScanClassResolver - Loaded the class: class com.datical.liquibase.ext.storedlogic.storedproc.ChangedStoredProcedureChangeGenerator in classloader: jdk.internal.loader.ClassLoaders$AppClassLoader@64b8f8f4
21:47:39.001 [main] DEBUG l.s.DefaultPackageScanClassResolver - Loaded the class: class com.datical.liquibase.ext.storedlogic.trigger.change.EnableTriggerStatement in classloader: jdk.internal.loader.ClassLoaders$AppClassLoader@64b8f8f4
21:47:39.001 [main] DEBUG l.s.DefaultPackageScanClassResolver - Loaded the class: class com.datical.liquibase.ext.storedlogic.databasepackage.change.CreatePackageChange in classloader: jdk.internal.loader.ClassLoaders$AppClassLoader@64b8f8f4
21:47:39.001 [main] DEBUG l.s.DefaultPackageScanClassResolver - Loaded the class: class com.datical.liquibase.ext.storedlogic.checkconstraint.change.DisableCheckConstraintGenerator in classloader: jdk.internal.loader.ClassLoaders$AppClassLoader@64b8f8f4
21:47:39.002 [main] DEBUG l.s.DefaultPackageScanClassResolver - Loaded the class: class com.datical.liquibase.ext.storedlogic.trigger.change.DisableTriggerChange in classloader: jdk.internal.loader.ClassLoaders$AppClassLoader@64b8f8f4
21:47:39.002 [main] DEBUG l.s.DefaultPackageScanClassResolver - Loaded the class: class com.datical.liquibase.ext.storedlogic.storedproc.ChangedStoredProcedureExternalFileChangeGenerator in classloader: jdk.internal.loader.ClassLoaders$AppClassLoader@64b8f8f4
21:47:39.003 [main] DEBUG l.s.DefaultPackageScanClassResolver - Loaded the class: class com.datical.liquibase.ext.diff.FormattedDiffSerializer$1 in classloader: jdk.internal.loader.ClassLoaders$AppClassLoader@64b8f8f4
21:47:39.003 [main] DEBUG l.s.DefaultPackageScanClassResolver - Loaded the class: class com.datical.liquibase.ext.storedlogic.databasepackage.change.CreatePackageBodyChange in classloader: jdk.internal.loader.ClassLoaders$AppClassLoader@64b8f8f4
21:47:39.003 [main] DEBUG l.s.DefaultPackageScanClassResolver - Searching for: is assignable to Change in package: com/datical/liquibase
21:47:39.003 [main] DEBUG l.s.DefaultPackageScanClassResolver - Found: [class liquibase.change.core.DropSequenceChange, class liquibase.change.core.AlterSequenceChange, class liquibase.change.core.AddUniqueConstraintChange, class liquibase.change.core.CreateTableChange, class liquibase.change.core.RenameTableChange, class liquibase.change.core.AddForeignKeyConstraintChange, class liquibase.change.core.DropAllForeignKeyConstraintsChange, class liquibase.change.core.AddAutoIncrementChange, class liquibase.change.core.DropForeignKeyConstraintChange, class liquibase.change.core.MergeColumnChange, class liquibase.change.core.ModifyDataTypeChange, class liquibase.change.core.DropTableChange, class liquibase.change.core.DropDefaultValueChange, class liquibase.change.core.LoadDataChange, class liquibase.change.core.SQLFileChange, class liquibase.change.core.DropViewChange, class liquibase.change.core.CreateProcedureChange, class liquibase.change.core.RawSQLChange, class liquibase.change.core.AddDefaultValueChange, class liquibase.change.core.DropProcedureChange, class liquibase.change.core.LoadUpdateDataChange, class liquibase.change.core.CreateSequenceChange, class liquibase.change.core.DeleteDataChange, class liquibase.change.core.StopChange, class liquibase.change.core.CreateIndexChange, class liquibase.change.core.OutputChange, class liquibase.change.custom.CustomChangeWrapper, class liquibase.change.core.ExecuteShellCommandChange, class liquibase.change.core.SetColumnRemarksChange, class liquibase.change.core.DropColumnChange, class liquibase.change.core.EmptyChange, class liquibase.change.core.DropUniqueConstraintChange, class liquibase.change.core.TagDatabaseChange, class liquibase.change.core.RenameSequenceChange, class liquibase.change.core.CreateViewChange, class liquibase.change.core.DropPrimaryKeyChange, class liquibase.change.core.AddColumnChange, class liquibase.change.core.DropIndexChange, class liquibase.change.core.AddPrimaryKeyChange, class liquibase.change.core.AddNotNullConstraintChange, class liquibase.change.core.UpdateDataChange, class liquibase.change.core.DropNotNullConstraintChange, class liquibase.change.core.RenameColumnChange, class liquibase.change.core.InsertDataChange, class liquibase.change.core.AddLookupTableChange, class liquibase.change.core.SetTableRemarksChange, class liquibase.change.core.RenameViewChange, class com.datical.liquibase.ext.SqlPlusRunner, class com.datical.liquibase.ext.storedlogic.databasepackage.change.CreatePackageBodyChange, class com.datical.liquibase.ext.storedlogic.databasepackage.change.DropPackageBodyChange, class com.datical.liquibase.ext.storedlogic.trigger.change.CreateTriggerChange, class com.datical.liquibase.ext.storedlogic.checkconstraint.change.DisableCheckConstraintChange, class com.datical.liquibase.ext.storedlogic.function.change.CreateFunctionChange, class com.datical.liquibase.ext.storedlogic.trigger.change.DropTriggerChange, class com.datical.liquibase.ext.storedlogic.trigger.change.DisableTriggerChange, class com.datical.liquibase.ext.storedlogic.databasepackage.change.DropPackageChange, class com.datical.liquibase.ext.storedlogic.trigger.change.EnableTriggerChange, class com.datical.liquibase.ext.storedlogic.function.change.DropFunctionChange, class com.datical.liquibase.ext.storedlogic.databasepackage.change.CreatePackageChange, class com.datical.liquibase.ext.appdba.synonym.change.DropSynonymChange, class com.datical.liquibase.ext.storedlogic.checkconstraint.change.EnableCheckConstraintChange, class com.datical.liquibase.ext.storedlogic.checkconstraint.change.DropCheckConstraintChange, class com.datical.liquibase.ext.storedlogic.trigger.change.RenameTriggerChange, class com.datical.liquibase.ext.appdba.markunused.change.MarkUnsedChange, class com.datical.liquibase.ext.appdba.synonym.change.CreateSynonymChange, class com.datical.liquibase.ext.storedlogic.checkconstraint.change.AddCheckConstraintChange]
21:47:39.013 [main] DEBUG l.servicelocator.ServiceLocator - liquibase.change.core.DropSequenceChange matches liquibase.change.Change
21:47:39.014 [main] DEBUG l.servicelocator.ServiceLocator - liquibase.change.core.AlterSequenceChange matches liquibase.change.Change
21:47:39.014 [main] DEBUG l.servicelocator.ServiceLocator - liquibase.change.core.AddUniqueConstraintChange matches liquibase.change.Change
21:47:39.015 [main] DEBUG l.servicelocator.ServiceLocator - liquibase.change.core.CreateTableChange matches liquibase.change.Change
21:47:39.015 [main] DEBUG l.servicelocator.ServiceLocator - liquibase.change.core.RenameTableChange matches liquibase.change.Change
21:47:39.016 [main] DEBUG l.servicelocator.ServiceLocator - liquibase.change.core.AddForeignKeyConstraintChange matches liquibase.change.Change
21:47:39.017 [main] DEBUG l.servicelocator.ServiceLocator - liquibase.change.core.DropAllForeignKeyConstraintsChange matches liquibase.change.Change
21:47:39.020 [main] DEBUG l.servicelocator.ServiceLocator - liquibase.change.core.AddAutoIncrementChange matches liquibase.change.Change
21:47:39.020 [main] DEBUG l.servicelocator.ServiceLocator - liquibase.change.core.DropForeignKeyConstraintChange matches liquibase.change.Change
21:47:39.021 [main] DEBUG l.servicelocator.ServiceLocator - liquibase.change.core.MergeColumnChange matches liquibase.change.Change
21:47:39.021 [main] DEBUG l.servicelocator.ServiceLocator - liquibase.change.core.ModifyDataTypeChange matches liquibase.change.Change
21:47:39.022 [main] DEBUG l.servicelocator.ServiceLocator - liquibase.change.core.DropTableChange matches liquibase.change.Change
21:47:39.022 [main] DEBUG l.servicelocator.ServiceLocator - liquibase.change.core.DropDefaultValueChange matches liquibase.change.Change
21:47:39.027 [main] DEBUG l.servicelocator.ServiceLocator - liquibase.change.core.LoadDataChange matches liquibase.change.Change
21:47:39.028 [main] DEBUG l.servicelocator.ServiceLocator - liquibase.change.core.SQLFileChange matches liquibase.change.Change
21:47:39.028 [main] DEBUG l.servicelocator.ServiceLocator - liquibase.change.core.DropViewChange matches liquibase.change.Change
21:47:39.029 [main] DEBUG l.servicelocator.ServiceLocator - liquibase.change.core.CreateProcedureChange matches liquibase.change.Change
21:47:39.029 [main] DEBUG l.servicelocator.ServiceLocator - liquibase.change.core.RawSQLChange matches liquibase.change.Change
21:47:39.030 [main] DEBUG l.servicelocator.ServiceLocator - liquibase.change.core.AddDefaultValueChange matches liquibase.change.Change
21:47:39.030 [main] DEBUG l.servicelocator.ServiceLocator - liquibase.change.core.DropProcedureChange matches liquibase.change.Change
21:47:39.031 [main] DEBUG l.servicelocator.ServiceLocator - liquibase.change.core.LoadUpdateDataChange matches liquibase.change.Change
21:47:39.032 [main] DEBUG l.servicelocator.ServiceLocator - liquibase.change.core.CreateSequenceChange matches liquibase.change.Change
21:47:39.032 [main] DEBUG l.servicelocator.ServiceLocator - liquibase.change.core.DeleteDataChange matches liquibase.change.Change
21:47:39.032 [main] DEBUG l.servicelocator.ServiceLocator - liquibase.change.core.StopChange matches liquibase.change.Change
21:47:39.033 [main] DEBUG l.servicelocator.ServiceLocator - liquibase.change.core.CreateIndexChange matches liquibase.change.Change
21:47:39.033 [main] DEBUG l.servicelocator.ServiceLocator - liquibase.change.core.OutputChange matches liquibase.change.Change
21:47:39.034 [main] DEBUG l.servicelocator.ServiceLocator - liquibase.change.custom.CustomChangeWrapper matches liquibase.change.Change
21:47:39.034 [main] DEBUG l.servicelocator.ServiceLocator - liquibase.change.core.ExecuteShellCommandChange matches liquibase.change.Change
21:47:39.034 [main] DEBUG l.servicelocator.ServiceLocator - liquibase.change.core.SetColumnRemarksChange matches liquibase.change.Change
21:47:39.035 [main] DEBUG l.servicelocator.ServiceLocator - liquibase.change.core.DropColumnChange matches liquibase.change.Change
21:47:39.035 [main] DEBUG l.servicelocator.ServiceLocator - liquibase.change.core.EmptyChange matches liquibase.change.Change
21:47:39.036 [main] DEBUG l.servicelocator.ServiceLocator - liquibase.change.core.DropUniqueConstraintChange matches liquibase.change.Change
21:47:39.036 [main] DEBUG l.servicelocator.ServiceLocator - liquibase.change.core.TagDatabaseChange matches liquibase.change.Change
21:47:39.036 [main] DEBUG l.servicelocator.ServiceLocator - liquibase.change.core.RenameSequenceChange matches liquibase.change.Change
21:47:39.037 [main] DEBUG l.servicelocator.ServiceLocator - liquibase.change.core.CreateViewChange matches liquibase.change.Change
21:47:39.037 [main] DEBUG l.servicelocator.ServiceLocator - liquibase.change.core.DropPrimaryKeyChange matches liquibase.change.Change
21:47:39.037 [main] DEBUG l.servicelocator.ServiceLocator - liquibase.change.core.AddColumnChange matches liquibase.change.Change
21:47:39.038 [main] DEBUG l.servicelocator.ServiceLocator - liquibase.change.core.DropIndexChange matches liquibase.change.Change
21:47:39.038 [main] DEBUG l.servicelocator.ServiceLocator - liquibase.change.core.AddPrimaryKeyChange matches liquibase.change.Change
21:47:39.039 [main] DEBUG l.servicelocator.ServiceLocator - liquibase.change.core.AddNotNullConstraintChange matches liquibase.change.Change
21:47:39.039 [main] DEBUG l.servicelocator.ServiceLocator - liquibase.change.core.UpdateDataChange matches liquibase.change.Change
21:47:39.039 [main] DEBUG l.servicelocator.ServiceLocator - liquibase.change.core.DropNotNullConstraintChange matches liquibase.change.Change
21:47:39.040 [main] DEBUG l.servicelocator.ServiceLocator - liquibase.change.core.RenameColumnChange matches liquibase.change.Change
21:47:39.040 [main] DEBUG l.servicelocator.ServiceLocator - liquibase.change.core.InsertDataChange matches liquibase.change.Change
21:47:39.041 [main] DEBUG l.servicelocator.ServiceLocator - liquibase.change.core.AddLookupTableChange matches liquibase.change.Change
21:47:39.041 [main] DEBUG l.servicelocator.ServiceLocator - liquibase.change.core.SetTableRemarksChange matches liquibase.change.Change
21:47:39.041 [main] DEBUG l.servicelocator.ServiceLocator - liquibase.change.core.RenameViewChange matches liquibase.change.Change
21:47:39.042 [main] DEBUG l.servicelocator.ServiceLocator - com.datical.liquibase.ext.SqlPlusRunner matches liquibase.change.Change
21:47:39.043 [main] DEBUG l.servicelocator.ServiceLocator - com.datical.liquibase.ext.storedlogic.databasepackage.change.CreatePackageBodyChange matches liquibase.change.Change
21:47:39.043 [main] DEBUG l.servicelocator.ServiceLocator - com.datical.liquibase.ext.storedlogic.databasepackage.change.DropPackageBodyChange matches liquibase.change.Change
21:47:39.043 [main] DEBUG l.servicelocator.ServiceLocator - com.datical.liquibase.ext.storedlogic.trigger.change.CreateTriggerChange matches liquibase.change.Change
21:47:39.044 [main] DEBUG l.servicelocator.ServiceLocator - com.datical.liquibase.ext.storedlogic.checkconstraint.change.DisableCheckConstraintChange matches liquibase.change.Change
21:47:39.044 [main] DEBUG l.servicelocator.ServiceLocator - com.datical.liquibase.ext.storedlogic.function.change.CreateFunctionChange matches liquibase.change.Change
21:47:39.044 [main] DEBUG l.servicelocator.ServiceLocator - com.datical.liquibase.ext.storedlogic.trigger.change.DropTriggerChange matches liquibase.change.Change
21:47:39.045 [main] DEBUG l.servicelocator.ServiceLocator - com.datical.liquibase.ext.storedlogic.trigger.change.DisableTriggerChange matches liquibase.change.Change
21:47:39.045 [main] DEBUG l.servicelocator.ServiceLocator - com.datical.liquibase.ext.storedlogic.databasepackage.change.DropPackageChange matches liquibase.change.Change
21:47:39.045 [main] DEBUG l.servicelocator.ServiceLocator - com.datical.liquibase.ext.storedlogic.trigger.change.EnableTriggerChange matches liquibase.change.Change
21:47:39.045 [main] DEBUG l.servicelocator.ServiceLocator - com.datical.liquibase.ext.storedlogic.function.change.DropFunctionChange matches liquibase.change.Change
21:47:39.046 [main] DEBUG l.servicelocator.ServiceLocator - com.datical.liquibase.ext.storedlogic.databasepackage.change.CreatePackageChange matches liquibase.change.Change
21:47:39.046 [main] DEBUG l.servicelocator.ServiceLocator - com.datical.liquibase.ext.appdba.synonym.change.DropSynonymChange matches liquibase.change.Change
21:47:39.046 [main] DEBUG l.servicelocator.ServiceLocator - com.datical.liquibase.ext.storedlogic.checkconstraint.change.EnableCheckConstraintChange matches liquibase.change.Change
21:47:39.047 [main] DEBUG l.servicelocator.ServiceLocator - com.datical.liquibase.ext.storedlogic.checkconstraint.change.DropCheckConstraintChange matches liquibase.change.Change
21:47:39.047 [main] DEBUG l.servicelocator.ServiceLocator - com.datical.liquibase.ext.storedlogic.trigger.change.RenameTriggerChange matches liquibase.change.Change
21:47:39.047 [main] DEBUG l.servicelocator.ServiceLocator - com.datical.liquibase.ext.appdba.markunused.change.MarkUnsedChange matches liquibase.change.Change
21:47:39.047 [main] DEBUG l.servicelocator.ServiceLocator - com.datical.liquibase.ext.appdba.synonym.change.CreateSynonymChange matches liquibase.change.Change
21:47:39.048 [main] DEBUG l.servicelocator.ServiceLocator - com.datical.liquibase.ext.storedlogic.checkconstraint.change.AddCheckConstraintChange matches liquibase.change.Change
21:47:39.117 [main] DEBUG l.servicelocator.ServiceLocator - ServiceLocator.findClasses for liquibase.database.Database
21:47:39.117 [main] DEBUG l.servicelocator.ServiceLocator - ServiceLocator finding classes matching interface liquibase.database.Database
21:47:39.117 [main] DEBUG l.s.DefaultPackageScanClassResolver - Searching for implementations of liquibase.database.Database in packages: [liquibase.change, liquibase.command, liquibase.changelog, liquibase.database, liquibase.parser, liquibase.precondition, liquibase.datatype, liquibase.serializer, liquibase.sqlgenerator, liquibase.executor, liquibase.snapshot, liquibase.logging, liquibase.diff, liquibase.structure, liquibase.structurecompare, liquibase.lockservice, liquibase.sdk.database, liquibase.ext, liquibase.pro, com.datical.liquibase]
21:47:39.117 [main] DEBUG l.s.DefaultPackageScanClassResolver - Searching for: is assignable to Database in package: liquibase/change
21:47:39.117 [main] DEBUG l.s.DefaultPackageScanClassResolver - Searching for: is assignable to Database in package: liquibase/command
21:47:39.117 [main] DEBUG l.s.DefaultPackageScanClassResolver - Searching for: is assignable to Database in package: liquibase/changelog
21:47:39.117 [main] DEBUG l.s.DefaultPackageScanClassResolver - Searching for: is assignable to Database in package: liquibase/database
21:47:39.117 [main] DEBUG l.s.DefaultPackageScanClassResolver - Searching for: is assignable to Database in package: liquibase/parser
21:47:39.117 [main] DEBUG l.s.DefaultPackageScanClassResolver - Searching for: is assignable to Database in package: liquibase/precondition
21:47:39.118 [main] DEBUG l.s.DefaultPackageScanClassResolver - Searching for: is assignable to Database in package: liquibase/datatype
21:47:39.118 [main] DEBUG l.s.DefaultPackageScanClassResolver - Searching for: is assignable to Database in package: liquibase/serializer
21:47:39.118 [main] DEBUG l.s.DefaultPackageScanClassResolver - Searching for: is assignable to Database in package: liquibase/sqlgenerator
21:47:39.118 [main] DEBUG l.s.DefaultPackageScanClassResolver - Searching for: is assignable to Database in package: liquibase/executor
21:47:39.118 [main] DEBUG l.s.DefaultPackageScanClassResolver - Searching for: is assignable to Database in package: liquibase/snapshot
21:47:39.118 [main] DEBUG l.s.DefaultPackageScanClassResolver - Searching for: is assignable to Database in package: liquibase/logging
21:47:39.118 [main] DEBUG l.s.DefaultPackageScanClassResolver - Searching for: is assignable to Database in package: liquibase/diff
21:47:39.118 [main] DEBUG l.s.DefaultPackageScanClassResolver - Searching for: is assignable to Database in package: liquibase/structure
21:47:39.118 [main] DEBUG l.s.DefaultPackageScanClassResolver - Searching for: is assignable to Database in package: liquibase/structurecompare
21:47:39.118 [main] DEBUG l.s.DefaultPackageScanClassResolver - No classes found in package: liquibase/structurecompare
21:47:39.118 [main] DEBUG l.s.DefaultPackageScanClassResolver - Searching for: is assignable to Database in package: liquibase/lockservice
21:47:39.118 [main] DEBUG l.s.DefaultPackageScanClassResolver - Searching for: is assignable to Database in package: liquibase/sdk/database
21:47:39.118 [main] DEBUG l.s.DefaultPackageScanClassResolver - Searching for: is assignable to Database in package: liquibase/ext
21:47:39.118 [main] DEBUG l.s.DefaultPackageScanClassResolver - No classes found in package: liquibase/ext
21:47:39.118 [main] DEBUG l.s.DefaultPackageScanClassResolver - Searching for: is assignable to Database in package: liquibase/pro
21:47:39.119 [main] DEBUG l.s.DefaultPackageScanClassResolver - Searching for: is assignable to Database in package: com/datical/liquibase
21:47:39.119 [main] DEBUG l.s.DefaultPackageScanClassResolver - Found: [class liquibase.database.core.Ingres9Database, class liquibase.database.core.MSSQLDatabase, class liquibase.database.core.HsqlDatabase, class liquibase.database.core.SQLiteDatabase, class liquibase.database.core.DerbyDatabase, class liquibase.database.core.MySQLDatabase, class liquibase.database.core.OracleDatabase, class liquibase.database.core.UnsupportedDatabase, class liquibase.database.core.SybaseDatabase, class liquibase.database.core.PostgresDatabase, class liquibase.database.core.SybaseASADatabase, class liquibase.database.core.DB2Database, class liquibase.database.core.Firebird3Database, class liquibase.database.core.InformixDatabase, class liquibase.database.core.MariaDBDatabase, class liquibase.database.core.Db2zDatabase, class liquibase.database.core.H2Database, class liquibase.database.core.FirebirdDatabase, class liquibase.diff.output.DiffOutputControl$DatabaseForHash, class liquibase.sdk.database.MockDatabase]
21:47:39.121 [main] DEBUG l.servicelocator.ServiceLocator - liquibase.database.core.Ingres9Database matches liquibase.database.Database
21:47:39.123 [main] DEBUG l.servicelocator.ServiceLocator - liquibase.database.core.MSSQLDatabase matches liquibase.database.Database
21:47:39.123 [main] DEBUG l.servicelocator.ServiceLocator - liquibase.database.core.HsqlDatabase matches liquibase.database.Database
21:47:39.123 [main] DEBUG l.servicelocator.ServiceLocator - liquibase.database.core.SQLiteDatabase matches liquibase.database.Database
21:47:39.124 [main] DEBUG l.servicelocator.ServiceLocator - liquibase.database.core.DerbyDatabase matches liquibase.database.Database
21:47:39.124 [main] DEBUG l.servicelocator.ServiceLocator - liquibase.database.core.MySQLDatabase matches liquibase.database.Database
21:47:39.125 [main] DEBUG l.servicelocator.ServiceLocator - liquibase.database.core.OracleDatabase matches liquibase.database.Database
21:47:39.125 [main] DEBUG l.servicelocator.ServiceLocator - liquibase.database.core.UnsupportedDatabase matches liquibase.database.Database
21:47:39.125 [main] DEBUG l.servicelocator.ServiceLocator - liquibase.database.core.SybaseDatabase matches liquibase.database.Database
21:47:39.126 [main] DEBUG l.servicelocator.ServiceLocator - liquibase.database.core.PostgresDatabase matches liquibase.database.Database
21:47:39.126 [main] DEBUG l.servicelocator.ServiceLocator - liquibase.database.core.SybaseASADatabase matches liquibase.database.Database
21:47:39.126 [main] DEBUG l.servicelocator.ServiceLocator - liquibase.database.core.DB2Database matches liquibase.database.Database
21:47:39.126 [main] DEBUG l.servicelocator.ServiceLocator - liquibase.database.core.Firebird3Database matches liquibase.database.Database
21:47:39.127 [main] DEBUG l.servicelocator.ServiceLocator - liquibase.database.core.InformixDatabase matches liquibase.database.Database
21:47:39.127 [main] DEBUG l.servicelocator.ServiceLocator - liquibase.database.core.MariaDBDatabase matches liquibase.database.Database
21:47:39.127 [main] DEBUG l.servicelocator.ServiceLocator - liquibase.database.core.Db2zDatabase matches liquibase.database.Database
21:47:39.127 [main] DEBUG l.servicelocator.ServiceLocator - liquibase.database.core.H2Database matches liquibase.database.Database
21:47:39.127 [main] DEBUG l.servicelocator.ServiceLocator - liquibase.database.core.FirebirdDatabase matches liquibase.database.Database
21:47:39.128 [main] DEBUG l.servicelocator.ServiceLocator - liquibase.sdk.database.MockDatabase matches liquibase.database.Database
21:47:39.487 [main] DEBUG l.servicelocator.ServiceLocator - ServiceLocator.findClasses for liquibase.sqlgenerator.SqlGenerator
21:47:39.487 [main] DEBUG l.servicelocator.ServiceLocator - ServiceLocator finding classes matching interface liquibase.sqlgenerator.SqlGenerator
21:47:39.488 [main] DEBUG l.s.DefaultPackageScanClassResolver - Searching for implementations of liquibase.sqlgenerator.SqlGenerator in packages: [liquibase.change, liquibase.command, liquibase.changelog, liquibase.database, liquibase.parser, liquibase.precondition, liquibase.datatype, liquibase.serializer, liquibase.sqlgenerator, liquibase.executor, liquibase.snapshot, liquibase.logging, liquibase.diff, liquibase.structure, liquibase.structurecompare, liquibase.lockservice, liquibase.sdk.database, liquibase.ext, liquibase.pro, com.datical.liquibase]
21:47:39.488 [main] DEBUG l.s.DefaultPackageScanClassResolver - Searching for: is assignable to SqlGenerator in package: liquibase/change
21:47:39.488 [main] DEBUG l.s.DefaultPackageScanClassResolver - Searching for: is assignable to SqlGenerator in package: liquibase/command
21:47:39.488 [main] DEBUG l.s.DefaultPackageScanClassResolver - Searching for: is assignable to SqlGenerator in package: liquibase/changelog
21:47:39.488 [main] DEBUG l.s.DefaultPackageScanClassResolver - Searching for: is assignable to SqlGenerator in package: liquibase/database
21:47:39.488 [main] DEBUG l.s.DefaultPackageScanClassResolver - Searching for: is assignable to SqlGenerator in package: liquibase/parser
21:47:39.488 [main] DEBUG l.s.DefaultPackageScanClassResolver - Searching for: is assignable to SqlGenerator in package: liquibase/precondition
21:47:39.488 [main] DEBUG l.s.DefaultPackageScanClassResolver - Searching for: is assignable to SqlGenerator in package: liquibase/datatype
21:47:39.488 [main] DEBUG l.s.DefaultPackageScanClassResolver - Searching for: is assignable to SqlGenerator in package: liquibase/serializer
21:47:39.488 [main] DEBUG l.s.DefaultPackageScanClassResolver - Searching for: is assignable to SqlGenerator in package: liquibase/sqlgenerator
21:47:39.488 [main] DEBUG l.s.DefaultPackageScanClassResolver - Searching for: is assignable to SqlGenerator in package: liquibase/executor
21:47:39.488 [main] DEBUG l.s.DefaultPackageScanClassResolver - Searching for: is assignable to SqlGenerator in package: liquibase/snapshot
21:47:39.488 [main] DEBUG l.s.DefaultPackageScanClassResolver - Searching for: is assignable to SqlGenerator in package: liquibase/logging
21:47:39.488 [main] DEBUG l.s.DefaultPackageScanClassResolver - Searching for: is assignable to SqlGenerator in package: liquibase/diff
21:47:39.488 [main] DEBUG l.s.DefaultPackageScanClassResolver - Searching for: is assignable to SqlGenerator in package: liquibase/structure
21:47:39.489 [main] DEBUG l.s.DefaultPackageScanClassResolver - Searching for: is assignable to SqlGenerator in package: liquibase/structurecompare
21:47:39.489 [main] DEBUG l.s.DefaultPackageScanClassResolver - No classes found in package: liquibase/structurecompare
21:47:39.489 [main] DEBUG l.s.DefaultPackageScanClassResolver - Searching for: is assignable to SqlGenerator in package: liquibase/lockservice
21:47:39.489 [main] DEBUG l.s.DefaultPackageScanClassResolver - Searching for: is assignable to SqlGenerator in package: liquibase/sdk/database
21:47:39.489 [main] DEBUG l.s.DefaultPackageScanClassResolver - Searching for: is assignable to SqlGenerator in package: liquibase/ext
21:47:39.489 [main] DEBUG l.s.DefaultPackageScanClassResolver - No classes found in package: liquibase/ext
21:47:39.489 [main] DEBUG l.s.DefaultPackageScanClassResolver - Searching for: is assignable to SqlGenerator in package: liquibase/pro
21:47:39.489 [main] DEBUG l.s.DefaultPackageScanClassResolver - Searching for: is assignable to SqlGenerator in package: com/datical/liquibase
21:47:39.489 [main] DEBUG l.s.DefaultPackageScanClassResolver - Found: [class liquibase.sqlgenerator.core.TagDatabaseGenerator, class liquibase.sqlgenerator.core.InsertOrUpdateGeneratorPostgres, class liquibase.sqlgenerator.core.DropTableGenerator, class liquibase.sqlgenerator.core.CreateProcedureGenerator, class liquibase.sqlgenerator.core.AddDefaultValueGeneratorMSSQL, class liquibase.sqlgenerator.core.SelectFromDatabaseChangeLogGenerator, class liquibase.sqlgenerator.core.AddDefaultValueGeneratorSQLite, class liquibase.sqlgenerator.core.AddPrimaryKeyGeneratorInformix, class liquibase.sqlgenerator.core.SetTableRemarksGenerator, class liquibase.sqlgenerator.core.AddDefaultValueGeneratorOracle, class liquibase.sqlgenerator.core.UpdateGenerator, class liquibase.sqlgenerator.core.RawSqlGenerator, class liquibase.sqlgenerator.core.CreateIndexGeneratorPostgres, class liquibase.sqlgenerator.core.InsertOrUpdateGeneratorOracle, class liquibase.sqlgenerator.core.CopyRowsGenerator, class liquibase.sqlgenerator.core.CreateDatabaseChangeLogTableGenerator, class liquibase.sqlgenerator.core.GetViewDefinitionGenerator, class liquibase.sqlgenerator.core.GetViewDefinitionGeneratorHsql, class liquibase.sqlgenerator.core.CreateDatabaseChangeLogTableGeneratorSybase, class liquibase.sqlgenerator.core.SelectFromDatabaseChangeLogLockGenerator, class liquibase.sqlgenerator.core.GetViewDefinitionGeneratorInformix, class liquibase.sqlgenerator.core.DeleteGenerator, class liquibase.sqlgenerator.core.DropPrimaryKeyGenerator, class liquibase.sqlgenerator.core.ClearDatabaseChangeLogTableGenerator, class liquibase.sqlgenerator.core.GetNextChangeSetSequenceValueGenerator, class liquibase.sqlgenerator.core.AddDefaultValueGeneratorSybaseASA, class liquibase.sqlgenerator.core.AddColumnGenerator, class liquibase.sqlgenerator.core.AddPrimaryKeyGenerator, class liquibase.sqlgenerator.core.AddDefaultValueGeneratorSybase, class liquibase.sqlgenerator.core.RuntimeGenerator, class liquibase.sqlgenerator.core.ReorganizeTableGeneratorDB2, class liquibase.sqlgenerator.core.InsertOrUpdateGeneratorMySQL, class liquibase.sqlgenerator.core.AddAutoIncrementGeneratorMySQL, class liquibase.sqlgenerator.core.InsertOrUpdateGeneratorInformix, class liquibase.sqlgenerator.core.AddForeignKeyConstraintGenerator, class liquibase.sqlgenerator.core.AddColumnGeneratorSQLite, class liquibase.sqlgenerator.core.AddDefaultValueGeneratorMySQL, class liquibase.sqlgenerator.core.InsertOrUpdateGeneratorHsql, class liquibase.sqlgenerator.core.AlterSequenceGenerator, class liquibase.sqlgenerator.core.GetViewDefinitionGeneratorFirebird, class liquibase.sqlgenerator.core.CommentGenerator, class liquibase.sqlgenerator.core.CreateSequenceGenerator, class liquibase.sqlgenerator.core.AddAutoIncrementGeneratorSQLite, class liquibase.sqlgenerator.core.DropDefaultValueGenerator, class liquibase.sqlgenerator.core.CreateIndexGenerator, class liquibase.sqlgenerator.core.GetViewDefinitionGeneratorPostgres, class liquibase.sqlgenerator.core.InsertGenerator, class liquibase.sqlgenerator.core.AddDefaultValueGeneratorDerby, class liquibase.sqlgenerator.core.CreateViewGenerator, class liquibase.sqlgenerator.core.TableRowCountGenerator, class liquibase.sqlgenerator.core.GetViewDefinitionGeneratorDerby, class liquibase.sqlgenerator.core.AddDefaultValueGeneratorInformix, class liquibase.sqlgenerator.core.GetViewDefinitionGeneratorSybaseASA, class liquibase.sqlgenerator.core.CreateViewGeneratorInformix, class liquibase.sqlgenerator.core.UnlockDatabaseChangeLogGenerator, class liquibase.sqlgenerator.core.AddDefaultValueGeneratorPostgres, class liquibase.sqlgenerator.core.GetViewDefinitionGeneratorMSSQL, class liquibase.sqlgenerator.core.DropProcedureGenerator, class liquibase.sqlgenerator.core.DropViewGenerator, class liquibase.sqlgenerator.core.InsertOrUpdateGeneratorDB2, class liquibase.sqlgenerator.core.MarkChangeSetRanGenerator, class liquibase.sqlgenerator.core.ModifyDataTypeGenerator, class liquibase.sqlgenerator.core.InsertOrUpdateGeneratorMSSQL, class liquibase.sqlgenerator.core.AddAutoIncrementGeneratorDB2, class liquibase.sqlgenerator.core.CreateTableGeneratorInformix, class liquibase.sqlgenerator.core.InitializeDatabaseChangeLogLockTableGenerator, class liquibase.sqlgenerator.core.InsertDataChangeGenerator, class liquibase.sqlgenerator.core.GetViewDefinitionGeneratorOracle, class liquibase.sqlgenerator.core.RenameSequenceGenerator, class liquibase.sqlgenerator.core.SetColumnRemarksGenerator, class liquibase.sqlgenerator.core.CreateTableGenerator, class liquibase.sqlgenerator.core.UpdateDataChangeGenerator, class liquibase.sqlgenerator.core.RenameColumnGenerator, class liquibase.sqlgenerator.core.CreateDatabaseChangeLogLockTableGenerator, class liquibase.sqlgenerator.core.DropColumnGenerator, class liquibase.sqlgenerator.core.DropUniqueConstraintGenerator, class liquibase.sqlgenerator.core.InsertOrUpdateGeneratorSybaseASA, class liquibase.sqlgenerator.core.ReindexGeneratorSQLite, class liquibase.sqlgenerator.core.AddAutoIncrementGeneratorHsqlH2, class liquibase.sqlgenerator.core.InsertOrUpdateGeneratorSQLite, class liquibase.sqlgenerator.core.RenameTableGenerator, class liquibase.sqlgenerator.core.InsertSetGenerator, class liquibase.sqlgenerator.core.InsertOrUpdateGeneratorH2, class liquibase.sqlgenerator.core.GetViewDefinitionGeneratorSybase, class liquibase.sqlgenerator.core.AddUniqueConstraintGeneratorTDS, class liquibase.sqlgenerator.core.AddDefaultValueGenerator, class liquibase.sqlgenerator.core.RenameViewGenerator, class liquibase.sqlgenerator.core.DropIndexGenerator, class liquibase.sqlgenerator.core.DropForeignKeyConstraintGenerator, class liquibase.sqlgenerator.core.GetViewDefinitionGeneratorDB2, class liquibase.sqlgenerator.core.AddAutoIncrementGeneratorInformix, class liquibase.sqlgenerator.core.RemoveChangeSetRanStatusGenerator, class liquibase.sqlgenerator.core.AddUniqueConstraintGenerator, class liquibase.sqlgenerator.core.UpdateChangeSetChecksumGenerator, class liquibase.sqlgenerator.core.StoredProcedureGenerator, class liquibase.sqlgenerator.core.AddAutoIncrementGenerator, class liquibase.sqlgenerator.core.AddColumnGeneratorDefaultClauseBeforeNotNull, class liquibase.sqlgenerator.core.SetNullableGenerator, class liquibase.sqlgenerator.core.LockDatabaseChangeLogGenerator, class liquibase.sqlgenerator.core.AddUniqueConstraintGeneratorInformix, class liquibase.sqlgenerator.core.DropSequenceGenerator, class liquibase.sqlgenerator.core.CreateIndexGeneratorFirebird, class liquibase.sqlgenerator.core.BatchDmlExecutablePreparedStatementGenerator, class com.datical.liquibase.ext.storedlogic.checkconstraint.change.EnableCheckConstraintGenerator, class com.datical.liquibase.ext.storedlogic.function.change.CreateFunctionGenerator, class com.datical.liquibase.ext.appdba.synonym.change.CreateSynonymGenerator, class com.datical.liquibase.ext.storedlogic.checkconstraint.change.DisableCheckConstraintGenerator, class com.datical.liquibase.ext.storedlogic.trigger.change.CreateTriggerGenerator, class com.datical.liquibase.ext.storedlogic.checkconstraint.change.DropCheckConstraintGenerator, class com.datical.liquibase.ext.storedlogic.trigger.change.EnableTriggerGenerator, class com.datical.liquibase.ext.storedlogic.function.change.DropFunctionGenerator, class com.datical.liquibase.ext.appdba.markunused.change.MarkUnusedGenerator, class com.datical.liquibase.ext.storedlogic.trigger.change.DropTriggerGenerator, class com.datical.liquibase.ext.storedlogic.databasepackage.change.CreatePackageBodyGenerator, class com.datical.liquibase.ext.storedlogic.databasepackage.change.DropPackageBodyGenerator, class com.datical.liquibase.ext.storedlogic.checkconstraint.change.AddCheckConstraintGenerator, class com.datical.liquibase.ext.appdba.synonym.change.DropSynonymGenerator, class com.datical.liquibase.ext.storedlogic.trigger.change.DisableTriggerGenerator, class com.datical.liquibase.ext.storedlogic.databasepackage.change.DropPackageGenerator, class com.datical.liquibase.ext.storedlogic.trigger.change.RenameTriggerGenerator, class com.datical.liquibase.ext.storedlogic.databasepackage.change.CreatePackageGenerator]
21:47:39.490 [main] DEBUG l.servicelocator.ServiceLocator - liquibase.sqlgenerator.core.TagDatabaseGenerator matches liquibase.sqlgenerator.SqlGenerator
21:47:39.490 [main] DEBUG l.servicelocator.ServiceLocator - liquibase.sqlgenerator.core.InsertOrUpdateGeneratorPostgres matches liquibase.sqlgenerator.SqlGenerator
21:47:39.490 [main] DEBUG l.servicelocator.ServiceLocator - liquibase.sqlgenerator.core.DropTableGenerator matches liquibase.sqlgenerator.SqlGenerator
21:47:39.490 [main] DEBUG l.servicelocator.ServiceLocator - liquibase.sqlgenerator.core.CreateProcedureGenerator matches liquibase.sqlgenerator.SqlGenerator
21:47:39.490 [main] DEBUG l.servicelocator.ServiceLocator - liquibase.sqlgenerator.core.AddDefaultValueGeneratorMSSQL matches liquibase.sqlgenerator.SqlGenerator
21:47:39.491 [main] DEBUG l.servicelocator.ServiceLocator - liquibase.sqlgenerator.core.SelectFromDatabaseChangeLogGenerator matches liquibase.sqlgenerator.SqlGenerator
21:47:39.491 [main] DEBUG l.servicelocator.ServiceLocator - liquibase.sqlgenerator.core.AddDefaultValueGeneratorSQLite matches liquibase.sqlgenerator.SqlGenerator
21:47:39.491 [main] DEBUG l.servicelocator.ServiceLocator - liquibase.sqlgenerator.core.AddPrimaryKeyGeneratorInformix matches liquibase.sqlgenerator.SqlGenerator
21:47:39.491 [main] DEBUG l.servicelocator.ServiceLocator - liquibase.sqlgenerator.core.SetTableRemarksGenerator matches liquibase.sqlgenerator.SqlGenerator
21:47:39.491 [main] DEBUG l.servicelocator.ServiceLocator - liquibase.sqlgenerator.core.AddDefaultValueGeneratorOracle matches liquibase.sqlgenerator.SqlGenerator
21:47:39.492 [main] DEBUG l.servicelocator.ServiceLocator - liquibase.sqlgenerator.core.UpdateGenerator matches liquibase.sqlgenerator.SqlGenerator
21:47:39.492 [main] DEBUG l.servicelocator.ServiceLocator - liquibase.sqlgenerator.core.RawSqlGenerator matches liquibase.sqlgenerator.SqlGenerator
21:47:39.492 [main] DEBUG l.servicelocator.ServiceLocator - liquibase.sqlgenerator.core.CreateIndexGeneratorPostgres matches liquibase.sqlgenerator.SqlGenerator
21:47:39.492 [main] DEBUG l.servicelocator.ServiceLocator - liquibase.sqlgenerator.core.InsertOrUpdateGeneratorOracle matches liquibase.sqlgenerator.SqlGenerator
21:47:39.492 [main] DEBUG l.servicelocator.ServiceLocator - liquibase.sqlgenerator.core.CopyRowsGenerator matches liquibase.sqlgenerator.SqlGenerator
21:47:39.493 [main] DEBUG l.servicelocator.ServiceLocator - liquibase.sqlgenerator.core.CreateDatabaseChangeLogTableGenerator matches liquibase.sqlgenerator.SqlGenerator
21:47:39.493 [main] DEBUG l.servicelocator.ServiceLocator - liquibase.sqlgenerator.core.GetViewDefinitionGenerator matches liquibase.sqlgenerator.SqlGenerator
21:47:39.493 [main] DEBUG l.servicelocator.ServiceLocator - liquibase.sqlgenerator.core.GetViewDefinitionGeneratorHsql matches liquibase.sqlgenerator.SqlGenerator
21:47:39.493 [main] DEBUG l.servicelocator.ServiceLocator - liquibase.sqlgenerator.core.CreateDatabaseChangeLogTableGeneratorSybase matches liquibase.sqlgenerator.SqlGenerator
21:47:39.493 [main] DEBUG l.servicelocator.ServiceLocator - liquibase.sqlgenerator.core.SelectFromDatabaseChangeLogLockGenerator matches liquibase.sqlgenerator.SqlGenerator
21:47:39.493 [main] DEBUG l.servicelocator.ServiceLocator - liquibase.sqlgenerator.core.GetViewDefinitionGeneratorInformix matches liquibase.sqlgenerator.SqlGenerator
21:47:39.493 [main] DEBUG l.servicelocator.ServiceLocator - liquibase.sqlgenerator.core.DeleteGenerator matches liquibase.sqlgenerator.SqlGenerator
21:47:39.493 [main] DEBUG l.servicelocator.ServiceLocator - liquibase.sqlgenerator.core.DropPrimaryKeyGenerator matches liquibase.sqlgenerator.SqlGenerator
21:47:39.493 [main] DEBUG l.servicelocator.ServiceLocator - liquibase.sqlgenerator.core.ClearDatabaseChangeLogTableGenerator matches liquibase.sqlgenerator.SqlGenerator
21:47:39.493 [main] DEBUG l.servicelocator.ServiceLocator - liquibase.sqlgenerator.core.GetNextChangeSetSequenceValueGenerator matches liquibase.sqlgenerator.SqlGenerator
21:47:39.494 [main] DEBUG l.servicelocator.ServiceLocator - liquibase.sqlgenerator.core.AddDefaultValueGeneratorSybaseASA matches liquibase.sqlgenerator.SqlGenerator
21:47:39.494 [main] DEBUG l.servicelocator.ServiceLocator - liquibase.sqlgenerator.core.AddColumnGenerator matches liquibase.sqlgenerator.SqlGenerator
21:47:39.494 [main] DEBUG l.servicelocator.ServiceLocator - liquibase.sqlgenerator.core.AddPrimaryKeyGenerator matches liquibase.sqlgenerator.SqlGenerator
21:47:39.494 [main] DEBUG l.servicelocator.ServiceLocator - liquibase.sqlgenerator.core.AddDefaultValueGeneratorSybase matches liquibase.sqlgenerator.SqlGenerator
21:47:39.494 [main] DEBUG l.servicelocator.ServiceLocator - liquibase.sqlgenerator.core.RuntimeGenerator matches liquibase.sqlgenerator.SqlGenerator
21:47:39.494 [main] DEBUG l.servicelocator.ServiceLocator - liquibase.sqlgenerator.core.ReorganizeTableGeneratorDB2 matches liquibase.sqlgenerator.SqlGenerator
21:47:39.494 [main] DEBUG l.servicelocator.ServiceLocator - liquibase.sqlgenerator.core.InsertOrUpdateGeneratorMySQL matches liquibase.sqlgenerator.SqlGenerator
21:47:39.494 [main] DEBUG l.servicelocator.ServiceLocator - liquibase.sqlgenerator.core.AddAutoIncrementGeneratorMySQL matches liquibase.sqlgenerator.SqlGenerator
21:47:39.495 [main] DEBUG l.servicelocator.ServiceLocator - liquibase.sqlgenerator.core.InsertOrUpdateGeneratorInformix matches liquibase.sqlgenerator.SqlGenerator
21:47:39.495 [main] DEBUG l.servicelocator.ServiceLocator - liquibase.sqlgenerator.core.AddForeignKeyConstraintGenerator matches liquibase.sqlgenerator.SqlGenerator
21:47:39.495 [main] DEBUG l.servicelocator.ServiceLocator - liquibase.sqlgenerator.core.AddColumnGeneratorSQLite matches liquibase.sqlgenerator.SqlGenerator
21:47:39.495 [main] DEBUG l.servicelocator.ServiceLocator - liquibase.sqlgenerator.core.AddDefaultValueGeneratorMySQL matches liquibase.sqlgenerator.SqlGenerator
21:47:39.495 [main] DEBUG l.servicelocator.ServiceLocator - liquibase.sqlgenerator.core.InsertOrUpdateGeneratorHsql matches liquibase.sqlgenerator.SqlGenerator
21:47:39.495 [main] DEBUG l.servicelocator.ServiceLocator - liquibase.sqlgenerator.core.AlterSequenceGenerator matches liquibase.sqlgenerator.SqlGenerator
21:47:39.495 [main] DEBUG l.servicelocator.ServiceLocator - liquibase.sqlgenerator.core.GetViewDefinitionGeneratorFirebird matches liquibase.sqlgenerator.SqlGenerator
21:47:39.495 [main] DEBUG l.servicelocator.ServiceLocator - liquibase.sqlgenerator.core.CommentGenerator matches liquibase.sqlgenerator.SqlGenerator
21:47:39.495 [main] DEBUG l.servicelocator.ServiceLocator - liquibase.sqlgenerator.core.CreateSequenceGenerator matches liquibase.sqlgenerator.SqlGenerator
21:47:39.496 [main] DEBUG l.servicelocator.ServiceLocator - liquibase.sqlgenerator.core.AddAutoIncrementGeneratorSQLite matches liquibase.sqlgenerator.SqlGenerator
21:47:39.496 [main] DEBUG l.servicelocator.ServiceLocator - liquibase.sqlgenerator.core.DropDefaultValueGenerator matches liquibase.sqlgenerator.SqlGenerator
21:47:39.496 [main] DEBUG l.servicelocator.ServiceLocator - liquibase.sqlgenerator.core.CreateIndexGenerator matches liquibase.sqlgenerator.SqlGenerator
21:47:39.496 [main] DEBUG l.servicelocator.ServiceLocator - liquibase.sqlgenerator.core.GetViewDefinitionGeneratorPostgres matches liquibase.sqlgenerator.SqlGenerator
21:47:39.496 [main] DEBUG l.servicelocator.ServiceLocator - liquibase.sqlgenerator.core.InsertGenerator matches liquibase.sqlgenerator.SqlGenerator
21:47:39.496 [main] DEBUG l.servicelocator.ServiceLocator - liquibase.sqlgenerator.core.AddDefaultValueGeneratorDerby matches liquibase.sqlgenerator.SqlGenerator
21:47:39.496 [main] DEBUG l.servicelocator.ServiceLocator - liquibase.sqlgenerator.core.CreateViewGenerator matches liquibase.sqlgenerator.SqlGenerator
21:47:39.496 [main] DEBUG l.servicelocator.ServiceLocator - liquibase.sqlgenerator.core.TableRowCountGenerator matches liquibase.sqlgenerator.SqlGenerator
21:47:39.496 [main] DEBUG l.servicelocator.ServiceLocator - liquibase.sqlgenerator.core.GetViewDefinitionGeneratorDerby matches liquibase.sqlgenerator.SqlGenerator
21:47:39.496 [main] DEBUG l.servicelocator.ServiceLocator - liquibase.sqlgenerator.core.AddDefaultValueGeneratorInformix matches liquibase.sqlgenerator.SqlGenerator
21:47:39.497 [main] DEBUG l.servicelocator.ServiceLocator - liquibase.sqlgenerator.core.GetViewDefinitionGeneratorSybaseASA matches liquibase.sqlgenerator.SqlGenerator
21:47:39.497 [main] DEBUG l.servicelocator.ServiceLocator - liquibase.sqlgenerator.core.CreateViewGeneratorInformix matches liquibase.sqlgenerator.SqlGenerator
21:47:39.497 [main] DEBUG l.servicelocator.ServiceLocator - liquibase.sqlgenerator.core.UnlockDatabaseChangeLogGenerator matches liquibase.sqlgenerator.SqlGenerator
21:47:39.497 [main] DEBUG l.servicelocator.ServiceLocator - liquibase.sqlgenerator.core.AddDefaultValueGeneratorPostgres matches liquibase.sqlgenerator.SqlGenerator
21:47:39.497 [main] DEBUG l.servicelocator.ServiceLocator - liquibase.sqlgenerator.core.GetViewDefinitionGeneratorMSSQL matches liquibase.sqlgenerator.SqlGenerator
21:47:39.497 [main] DEBUG l.servicelocator.ServiceLocator - liquibase.sqlgenerator.core.DropProcedureGenerator matches liquibase.sqlgenerator.SqlGenerator
21:47:39.497 [main] DEBUG l.servicelocator.ServiceLocator - liquibase.sqlgenerator.core.DropViewGenerator matches liquibase.sqlgenerator.SqlGenerator
21:47:39.497 [main] DEBUG l.servicelocator.ServiceLocator - liquibase.sqlgenerator.core.InsertOrUpdateGeneratorDB2 matches liquibase.sqlgenerator.SqlGenerator
21:47:39.498 [main] DEBUG l.servicelocator.ServiceLocator - liquibase.sqlgenerator.core.MarkChangeSetRanGenerator matches liquibase.sqlgenerator.SqlGenerator
21:47:39.498 [main] DEBUG l.servicelocator.ServiceLocator - liquibase.sqlgenerator.core.ModifyDataTypeGenerator matches liquibase.sqlgenerator.SqlGenerator
21:47:39.498 [main] DEBUG l.servicelocator.ServiceLocator - liquibase.sqlgenerator.core.InsertOrUpdateGeneratorMSSQL matches liquibase.sqlgenerator.SqlGenerator
21:47:39.498 [main] DEBUG l.servicelocator.ServiceLocator - liquibase.sqlgenerator.core.AddAutoIncrementGeneratorDB2 matches liquibase.sqlgenerator.SqlGenerator
21:47:39.499 [main] DEBUG l.servicelocator.ServiceLocator - liquibase.sqlgenerator.core.CreateTableGeneratorInformix matches liquibase.sqlgenerator.SqlGenerator
21:47:39.499 [main] DEBUG l.servicelocator.ServiceLocator - liquibase.sqlgenerator.core.InitializeDatabaseChangeLogLockTableGenerator matches liquibase.sqlgenerator.SqlGenerator
21:47:39.499 [main] DEBUG l.servicelocator.ServiceLocator - liquibase.sqlgenerator.core.InsertDataChangeGenerator matches liquibase.sqlgenerator.SqlGenerator
21:47:39.499 [main] DEBUG l.servicelocator.ServiceLocator - liquibase.sqlgenerator.core.GetViewDefinitionGeneratorOracle matches liquibase.sqlgenerator.SqlGenerator
21:47:39.499 [main] DEBUG l.servicelocator.ServiceLocator - liquibase.sqlgenerator.core.RenameSequenceGenerator matches liquibase.sqlgenerator.SqlGenerator
21:47:39.499 [main] DEBUG l.servicelocator.ServiceLocator - liquibase.sqlgenerator.core.SetColumnRemarksGenerator matches liquibase.sqlgenerator.SqlGenerator
21:47:39.499 [main] DEBUG l.servicelocator.ServiceLocator - liquibase.sqlgenerator.core.CreateTableGenerator matches liquibase.sqlgenerator.SqlGenerator
21:47:39.499 [main] DEBUG l.servicelocator.ServiceLocator - liquibase.sqlgenerator.core.UpdateDataChangeGenerator matches liquibase.sqlgenerator.SqlGenerator
21:47:39.499 [main] DEBUG l.servicelocator.ServiceLocator - liquibase.sqlgenerator.core.RenameColumnGenerator matches liquibase.sqlgenerator.SqlGenerator
21:47:39.499 [main] DEBUG l.servicelocator.ServiceLocator - liquibase.sqlgenerator.core.CreateDatabaseChangeLogLockTableGenerator matches liquibase.sqlgenerator.SqlGenerator
21:47:39.500 [main] DEBUG l.servicelocator.ServiceLocator - liquibase.sqlgenerator.core.DropColumnGenerator matches liquibase.sqlgenerator.SqlGenerator
21:47:39.500 [main] DEBUG l.servicelocator.ServiceLocator - liquibase.sqlgenerator.core.DropUniqueConstraintGenerator matches liquibase.sqlgenerator.SqlGenerator
21:47:39.500 [main] DEBUG l.servicelocator.ServiceLocator - liquibase.sqlgenerator.core.InsertOrUpdateGeneratorSybaseASA matches liquibase.sqlgenerator.SqlGenerator
21:47:39.500 [main] DEBUG l.servicelocator.ServiceLocator - liquibase.sqlgenerator.core.ReindexGeneratorSQLite matches liquibase.sqlgenerator.SqlGenerator
21:47:39.500 [main] DEBUG l.servicelocator.ServiceLocator - liquibase.sqlgenerator.core.AddAutoIncrementGeneratorHsqlH2 matches liquibase.sqlgenerator.SqlGenerator
21:47:39.500 [main] DEBUG l.servicelocator.ServiceLocator - liquibase.sqlgenerator.core.InsertOrUpdateGeneratorSQLite matches liquibase.sqlgenerator.SqlGenerator
21:47:39.500 [main] DEBUG l.servicelocator.ServiceLocator - liquibase.sqlgenerator.core.RenameTableGenerator matches liquibase.sqlgenerator.SqlGenerator
21:47:39.500 [main] DEBUG l.servicelocator.ServiceLocator - liquibase.sqlgenerator.core.InsertSetGenerator matches liquibase.sqlgenerator.SqlGenerator
21:47:39.500 [main] DEBUG l.servicelocator.ServiceLocator - liquibase.sqlgenerator.core.InsertOrUpdateGeneratorH2 matches liquibase.sqlgenerator.SqlGenerator
21:47:39.500 [main] DEBUG l.servicelocator.ServiceLocator - liquibase.sqlgenerator.core.GetViewDefinitionGeneratorSybase matches liquibase.sqlgenerator.SqlGenerator
21:47:39.501 [main] DEBUG l.servicelocator.ServiceLocator - liquibase.sqlgenerator.core.AddUniqueConstraintGeneratorTDS matches liquibase.sqlgenerator.SqlGenerator
21:47:39.501 [main] DEBUG l.servicelocator.ServiceLocator - liquibase.sqlgenerator.core.AddDefaultValueGenerator matches liquibase.sqlgenerator.SqlGenerator
21:47:39.501 [main] DEBUG l.servicelocator.ServiceLocator - liquibase.sqlgenerator.core.RenameViewGenerator matches liquibase.sqlgenerator.SqlGenerator
21:47:39.501 [main] DEBUG l.servicelocator.ServiceLocator - liquibase.sqlgenerator.core.DropIndexGenerator matches liquibase.sqlgenerator.SqlGenerator
21:47:39.501 [main] DEBUG l.servicelocator.ServiceLocator - liquibase.sqlgenerator.core.DropForeignKeyConstraintGenerator matches liquibase.sqlgenerator.SqlGenerator
21:47:39.501 [main] DEBUG l.servicelocator.ServiceLocator - liquibase.sqlgenerator.core.GetViewDefinitionGeneratorDB2 matches liquibase.sqlgenerator.SqlGenerator
21:47:39.501 [main] DEBUG l.servicelocator.ServiceLocator - liquibase.sqlgenerator.core.AddAutoIncrementGeneratorInformix matches liquibase.sqlgenerator.SqlGenerator
21:47:39.501 [main] DEBUG l.servicelocator.ServiceLocator - liquibase.sqlgenerator.core.RemoveChangeSetRanStatusGenerator matches liquibase.sqlgenerator.SqlGenerator
21:47:39.501 [main] DEBUG l.servicelocator.ServiceLocator - liquibase.sqlgenerator.core.AddUniqueConstraintGenerator matches liquibase.sqlgenerator.SqlGenerator
21:47:39.502 [main] DEBUG l.servicelocator.ServiceLocator - liquibase.sqlgenerator.core.UpdateChangeSetChecksumGenerator matches liquibase.sqlgenerator.SqlGenerator
21:47:39.502 [main] DEBUG l.servicelocator.ServiceLocator - liquibase.sqlgenerator.core.StoredProcedureGenerator matches liquibase.sqlgenerator.SqlGenerator
21:47:39.502 [main] DEBUG l.servicelocator.ServiceLocator - liquibase.sqlgenerator.core.AddAutoIncrementGenerator matches liquibase.sqlgenerator.SqlGenerator
21:47:39.502 [main] DEBUG l.servicelocator.ServiceLocator - liquibase.sqlgenerator.core.AddColumnGeneratorDefaultClauseBeforeNotNull matches liquibase.sqlgenerator.SqlGenerator
21:47:39.502 [main] DEBUG l.servicelocator.ServiceLocator - liquibase.sqlgenerator.core.SetNullableGenerator matches liquibase.sqlgenerator.SqlGenerator
21:47:39.502 [main] DEBUG l.servicelocator.ServiceLocator - liquibase.sqlgenerator.core.LockDatabaseChangeLogGenerator matches liquibase.sqlgenerator.SqlGenerator
21:47:39.502 [main] DEBUG l.servicelocator.ServiceLocator - liquibase.sqlgenerator.core.AddUniqueConstraintGeneratorInformix matches liquibase.sqlgenerator.SqlGenerator
21:47:39.502 [main] DEBUG l.servicelocator.ServiceLocator - liquibase.sqlgenerator.core.DropSequenceGenerator matches liquibase.sqlgenerator.SqlGenerator
21:47:39.502 [main] DEBUG l.servicelocator.ServiceLocator - liquibase.sqlgenerator.core.CreateIndexGeneratorFirebird matches liquibase.sqlgenerator.SqlGenerator
21:47:39.503 [main] DEBUG l.servicelocator.ServiceLocator - liquibase.sqlgenerator.core.BatchDmlExecutablePreparedStatementGenerator matches liquibase.sqlgenerator.SqlGenerator
21:47:39.503 [main] DEBUG l.servicelocator.ServiceLocator - com.datical.liquibase.ext.storedlogic.checkconstraint.change.EnableCheckConstraintGenerator matches liquibase.sqlgenerator.SqlGenerator
21:47:39.503 [main] DEBUG l.servicelocator.ServiceLocator - com.datical.liquibase.ext.storedlogic.function.change.CreateFunctionGenerator matches liquibase.sqlgenerator.SqlGenerator
21:47:39.503 [main] DEBUG l.servicelocator.ServiceLocator - com.datical.liquibase.ext.appdba.synonym.change.CreateSynonymGenerator matches liquibase.sqlgenerator.SqlGenerator
21:47:39.503 [main] DEBUG l.servicelocator.ServiceLocator - com.datical.liquibase.ext.storedlogic.checkconstraint.change.DisableCheckConstraintGenerator matches liquibase.sqlgenerator.SqlGenerator
21:47:39.503 [main] DEBUG l.servicelocator.ServiceLocator - com.datical.liquibase.ext.storedlogic.trigger.change.CreateTriggerGenerator matches liquibase.sqlgenerator.SqlGenerator
21:47:39.503 [main] DEBUG l.servicelocator.ServiceLocator - com.datical.liquibase.ext.storedlogic.checkconstraint.change.DropCheckConstraintGenerator matches liquibase.sqlgenerator.SqlGenerator
21:47:39.503 [main] DEBUG l.servicelocator.ServiceLocator - com.datical.liquibase.ext.storedlogic.trigger.change.EnableTriggerGenerator matches liquibase.sqlgenerator.SqlGenerator
21:47:39.504 [main] DEBUG l.servicelocator.ServiceLocator - com.datical.liquibase.ext.storedlogic.function.change.DropFunctionGenerator matches liquibase.sqlgenerator.SqlGenerator
21:47:39.504 [main] DEBUG l.servicelocator.ServiceLocator - com.datical.liquibase.ext.appdba.markunused.change.MarkUnusedGenerator matches liquibase.sqlgenerator.SqlGenerator
21:47:39.504 [main] DEBUG l.servicelocator.ServiceLocator - com.datical.liquibase.ext.storedlogic.trigger.change.DropTriggerGenerator matches liquibase.sqlgenerator.SqlGenerator
21:47:39.504 [main] DEBUG l.servicelocator.ServiceLocator - com.datical.liquibase.ext.storedlogic.databasepackage.change.CreatePackageBodyGenerator matches liquibase.sqlgenerator.SqlGenerator
21:47:39.504 [main] DEBUG l.servicelocator.ServiceLocator - com.datical.liquibase.ext.storedlogic.databasepackage.change.DropPackageBodyGenerator matches liquibase.sqlgenerator.SqlGenerator
21:47:39.504 [main] DEBUG l.servicelocator.ServiceLocator - com.datical.liquibase.ext.storedlogic.checkconstraint.change.AddCheckConstraintGenerator matches liquibase.sqlgenerator.SqlGenerator
21:47:39.504 [main] DEBUG l.servicelocator.ServiceLocator - com.datical.liquibase.ext.appdba.synonym.change.DropSynonymGenerator matches liquibase.sqlgenerator.SqlGenerator
21:47:39.504 [main] DEBUG l.servicelocator.ServiceLocator - com.datical.liquibase.ext.storedlogic.trigger.change.DisableTriggerGenerator matches liquibase.sqlgenerator.SqlGenerator
21:47:39.504 [main] DEBUG l.servicelocator.ServiceLocator - com.datical.liquibase.ext.storedlogic.databasepackage.change.DropPackageGenerator matches liquibase.sqlgenerator.SqlGenerator
21:47:39.505 [main] DEBUG l.servicelocator.ServiceLocator - com.datical.liquibase.ext.storedlogic.trigger.change.RenameTriggerGenerator matches liquibase.sqlgenerator.SqlGenerator
21:47:39.505 [main] DEBUG l.servicelocator.ServiceLocator - com.datical.liquibase.ext.storedlogic.databasepackage.change.CreatePackageGenerator matches liquibase.sqlgenerator.SqlGenerator
21:47:39.937 [main] DEBUG l.servicelocator.ServiceLocator - ServiceLocator.findClasses for liquibase.datatype.LiquibaseDataType
21:47:39.937 [main] DEBUG l.servicelocator.ServiceLocator - ServiceLocator finding classes matching interface liquibase.datatype.LiquibaseDataType
21:47:39.938 [main] DEBUG l.s.DefaultPackageScanClassResolver - Searching for implementations of liquibase.datatype.LiquibaseDataType in packages: [liquibase.change, liquibase.command, liquibase.changelog, liquibase.database, liquibase.parser, liquibase.precondition, liquibase.datatype, liquibase.serializer, liquibase.sqlgenerator, liquibase.executor, liquibase.snapshot, liquibase.logging, liquibase.diff, liquibase.structure, liquibase.structurecompare, liquibase.lockservice, liquibase.sdk.database, liquibase.ext, liquibase.pro, com.datical.liquibase]
21:47:39.938 [main] DEBUG l.s.DefaultPackageScanClassResolver - Searching for: is assignable to LiquibaseDataType in package: liquibase/change
21:47:39.938 [main] DEBUG l.s.DefaultPackageScanClassResolver - Searching for: is assignable to LiquibaseDataType in package: liquibase/command
21:47:39.938 [main] DEBUG l.s.DefaultPackageScanClassResolver - Searching for: is assignable to LiquibaseDataType in package: liquibase/changelog
21:47:39.938 [main] DEBUG l.s.DefaultPackageScanClassResolver - Searching for: is assignable to LiquibaseDataType in package: liquibase/database
21:47:39.938 [main] DEBUG l.s.DefaultPackageScanClassResolver - Searching for: is assignable to LiquibaseDataType in package: liquibase/parser
21:47:39.938 [main] DEBUG l.s.DefaultPackageScanClassResolver - Searching for: is assignable to LiquibaseDataType in package: liquibase/precondition
21:47:39.938 [main] DEBUG l.s.DefaultPackageScanClassResolver - Searching for: is assignable to LiquibaseDataType in package: liquibase/datatype
21:47:39.938 [main] DEBUG l.s.DefaultPackageScanClassResolver - Searching for: is assignable to LiquibaseDataType in package: liquibase/serializer
21:47:39.938 [main] DEBUG l.s.DefaultPackageScanClassResolver - Searching for: is assignable to LiquibaseDataType in package: liquibase/sqlgenerator
21:47:39.938 [main] DEBUG l.s.DefaultPackageScanClassResolver - Searching for: is assignable to LiquibaseDataType in package: liquibase/executor
21:47:39.938 [main] DEBUG l.s.DefaultPackageScanClassResolver - Searching for: is assignable to LiquibaseDataType in package: liquibase/snapshot
21:47:39.938 [main] DEBUG l.s.DefaultPackageScanClassResolver - Searching for: is assignable to LiquibaseDataType in package: liquibase/logging
21:47:39.938 [main] DEBUG l.s.DefaultPackageScanClassResolver - Searching for: is assignable to LiquibaseDataType in package: liquibase/diff
21:47:39.938 [main] DEBUG l.s.DefaultPackageScanClassResolver - Searching for: is assignable to LiquibaseDataType in package: liquibase/structure
21:47:39.938 [main] DEBUG l.s.DefaultPackageScanClassResolver - Searching for: is assignable to LiquibaseDataType in package: liquibase/structurecompare
21:47:39.938 [main] DEBUG l.s.DefaultPackageScanClassResolver - No classes found in package: liquibase/structurecompare
21:47:39.938 [main] DEBUG l.s.DefaultPackageScanClassResolver - Searching for: is assignable to LiquibaseDataType in package: liquibase/lockservice
21:47:39.938 [main] DEBUG l.s.DefaultPackageScanClassResolver - Searching for: is assignable to LiquibaseDataType in package: liquibase/sdk/database
21:47:39.938 [main] DEBUG l.s.DefaultPackageScanClassResolver - Searching for: is assignable to LiquibaseDataType in package: liquibase/ext
21:47:39.938 [main] DEBUG l.s.DefaultPackageScanClassResolver - No classes found in package: liquibase/ext
21:47:39.938 [main] DEBUG l.s.DefaultPackageScanClassResolver - Searching for: is assignable to LiquibaseDataType in package: liquibase/pro
21:47:39.939 [main] DEBUG l.s.DefaultPackageScanClassResolver - Searching for: is assignable to LiquibaseDataType in package: com/datical/liquibase
21:47:39.939 [main] DEBUG l.s.DefaultPackageScanClassResolver - Found: [class liquibase.datatype.core.BigIntType, class liquibase.datatype.core.NCharType, class liquibase.datatype.core.DateTimeType, class liquibase.datatype.core.TinyIntType, class liquibase.datatype.core.CharType, class liquibase.datatype.core.UUIDType, class liquibase.datatype.core.IntType, class liquibase.datatype.core.XMLType, class liquibase.datatype.core.MediumIntType, class liquibase.datatype.core.SmallIntType, class liquibase.datatype.core.FloatType, class liquibase.datatype.core.BooleanType, class liquibase.datatype.core.DoubleType, class liquibase.datatype.core.DecimalType, class liquibase.datatype.core.NVarcharType, class liquibase.datatype.core.TimeType, class liquibase.datatype.core.VarcharType, class liquibase.datatype.core.ClobType, class liquibase.datatype.core.BlobType, class liquibase.datatype.core.DatabaseFunctionType, class liquibase.datatype.core.UnknownType, class liquibase.datatype.core.NumberType, class liquibase.datatype.core.CurrencyType, class liquibase.datatype.core.TimestampType, class liquibase.datatype.core.DateType]
21:47:39.941 [main] DEBUG l.servicelocator.ServiceLocator - liquibase.datatype.core.BigIntType matches liquibase.datatype.LiquibaseDataType
21:47:39.941 [main] DEBUG l.servicelocator.ServiceLocator - liquibase.datatype.core.NCharType matches liquibase.datatype.LiquibaseDataType
21:47:39.942 [main] DEBUG l.servicelocator.ServiceLocator - liquibase.datatype.core.DateTimeType matches liquibase.datatype.LiquibaseDataType
21:47:39.942 [main] DEBUG l.servicelocator.ServiceLocator - liquibase.datatype.core.TinyIntType matches liquibase.datatype.LiquibaseDataType
21:47:39.942 [main] DEBUG l.servicelocator.ServiceLocator - liquibase.datatype.core.CharType matches liquibase.datatype.LiquibaseDataType
21:47:39.942 [main] DEBUG l.servicelocator.ServiceLocator - liquibase.datatype.core.UUIDType matches liquibase.datatype.LiquibaseDataType
21:47:39.942 [main] DEBUG l.servicelocator.ServiceLocator - liquibase.datatype.core.IntType matches liquibase.datatype.LiquibaseDataType
21:47:39.942 [main] DEBUG l.servicelocator.ServiceLocator - liquibase.datatype.core.XMLType matches liquibase.datatype.LiquibaseDataType
21:47:39.943 [main] DEBUG l.servicelocator.ServiceLocator - liquibase.datatype.core.MediumIntType matches liquibase.datatype.LiquibaseDataType
21:47:39.943 [main] DEBUG l.servicelocator.ServiceLocator - liquibase.datatype.core.SmallIntType matches liquibase.datatype.LiquibaseDataType
21:47:39.943 [main] DEBUG l.servicelocator.ServiceLocator - liquibase.datatype.core.FloatType matches liquibase.datatype.LiquibaseDataType
21:47:39.943 [main] DEBUG l.servicelocator.ServiceLocator - liquibase.datatype.core.BooleanType matches liquibase.datatype.LiquibaseDataType
21:47:39.943 [main] DEBUG l.servicelocator.ServiceLocator - liquibase.datatype.core.DoubleType matches liquibase.datatype.LiquibaseDataType
21:47:39.944 [main] DEBUG l.servicelocator.ServiceLocator - liquibase.datatype.core.DecimalType matches liquibase.datatype.LiquibaseDataType
21:47:39.944 [main] DEBUG l.servicelocator.ServiceLocator - liquibase.datatype.core.NVarcharType matches liquibase.datatype.LiquibaseDataType
21:47:39.944 [main] DEBUG l.servicelocator.ServiceLocator - liquibase.datatype.core.TimeType matches liquibase.datatype.LiquibaseDataType
21:47:39.944 [main] DEBUG l.servicelocator.ServiceLocator - liquibase.datatype.core.VarcharType matches liquibase.datatype.LiquibaseDataType
21:47:39.944 [main] DEBUG l.servicelocator.ServiceLocator - liquibase.datatype.core.ClobType matches liquibase.datatype.LiquibaseDataType
21:47:39.945 [main] DEBUG l.servicelocator.ServiceLocator - liquibase.datatype.core.BlobType matches liquibase.datatype.LiquibaseDataType
21:47:39.945 [main] DEBUG l.servicelocator.ServiceLocator - liquibase.datatype.core.DatabaseFunctionType matches liquibase.datatype.LiquibaseDataType
21:47:39.945 [main] DEBUG l.servicelocator.ServiceLocator - liquibase.datatype.core.UnknownType matches liquibase.datatype.LiquibaseDataType
21:47:39.945 [main] DEBUG l.servicelocator.ServiceLocator - liquibase.datatype.core.NumberType matches liquibase.datatype.LiquibaseDataType
21:47:39.945 [main] DEBUG l.servicelocator.ServiceLocator - liquibase.datatype.core.CurrencyType matches liquibase.datatype.LiquibaseDataType
21:47:39.946 [main] DEBUG l.servicelocator.ServiceLocator - liquibase.datatype.core.TimestampType matches liquibase.datatype.LiquibaseDataType
21:47:39.947 [main] DEBUG l.servicelocator.ServiceLocator - liquibase.datatype.core.DateType matches liquibase.datatype.LiquibaseDataType
